traffic_date,traffic_time,ROUTE_ID,speed_kmh,valid,rain_obs_time,rain_est_mm_1h,rain_stations_used,rain_weight_used,baseline_type,baseline_time_bin,baseline_median_kmh,baseline_p25_kmh,baseline_p75_kmh,baseline_days,baseline_label,speed_diff_kmh,speed_diff_pct
2026-10-03,05:55:00,103495,83.2,Y,2026-10-03T05:30:00+08:00,21.218192327104365,3,0.9999999999999989,dow,11,82.45,76.24,88.59,4,Developing,0.75,0.9
2026-10-03,05:55:00,105500,44.6,Y,2026-10-03T05:30:00+08:00,23.279188796583874,3,0.9999999999999999,dow,11,33.5,21.6,40.15,3,Provisional,11.1,33.1
2026-10-03,05:55:00,105543,31.5,Y,2026-10-03T05:30:00+08:00,22.35482055603031,3,1.0000000000000002,dow,11,51.17,48.0,54.4,4,Developing,-19.67,-38.4
2026-10-03,05:55:00,105697,50,N,2026-10-03T05:30:00+08:00,23.703870857601142,3,1.0,,,,,,,,,
2026-10-03,05:55:00,106257,45.0,Y,2026-10-03T05:30:00+08:00,20.457624834300795,3,0.9999999999999999,dow,11,48.75,48.38,49.25,4,Developing,-3.75,-7.7
2026-10-03,05:55:00,106550,43.7,Y,2026-10-03T05:30:00+08:00,20.600143051039392,3,1.0,dow,11,46.7,46.27,47.05,4,Developing,-3.0,-6.4
2026-10-03,05:55:00,106551,43.7,Y,2026-10-03T05:30:00+08:00,20.646463114644984,3,1.0000000000000009,dow,11,46.7,46.27,47.05,4,Developing,-3.0,-6.4
2026-10-03,05:55:00,106710,42.1,Y,2026-10-03T05:30:00+08:00,23.421340852035918,3,0.9999999999999999,dow,11,43.28,41.41,47.03,4,Developing,-1.18,-2.7
2026-10-03,05:55:00,106816,43.7,Y,2026-10-03T05:30:00+08:00,20.456834014270672,3,1.0,dow,11,46.7,46.27,47.05,4,Developing,-3.0,-6.4
2026-10-03,05:55:00,106821,43.7,Y,2026-10-03T05:30:00+08:00,20.496179317978743,3,1.0,dow,11,46.7,46.27,47.05,4,Developing,-3.0,-6.4
2026-10-03,05:55:00,106881,49.0,Y,2026-10-03T05:30:00+08:00,23.461434176583488,3,1.0,dow,11,36.85,28.76,43.5,4,Developing,12.15,33.0
2026-10-03,05:55:00,106925,50,N,2026-10-03T05:30:00+08:00,20.578719545104775,3,1.0,,,,,,,,,
2026-10-03,05:55:00,107168,43.7,Y,2026-10-03T05:30:00+08:00,20.547204091464078,3,0.9999999999999989,dow,11,46.7,46.27,47.05,4,Developing,-3.0,-6.4
2026-10-03,05:55:00,261023,44.6,Y,2026-10-03T05:30:00+08:00,23.232779737153606,3,1.0,dow,11,33.5,21.6,40.15,3,Provisional,11.1,33.1
2026-10-03,05:55:00,261027,50,N,2026-10-03T05:30:00+08:00,23.24056173923929,3,1.0,,,,,,,,,
2026-10-03,05:55:00,265785,43.7,Y,2026-10-03T05:30:00+08:00,20.44182113931141,3,1.0,dow,11,46.7,46.27,47.05,4,Developing,-3.0,-6.4
2026-10-03,05:55:00,277034,73.9,Y,2026-10-03T05:30:00+08:00,18.047006918286925,3,1.0,dow,11,78.62,75.89,81.38,4,Developing,-4.72,-6.0
2026-10-03,05:55:00,278115,73.9,Y,2026-10-03T05:30:00+08:00,16.0,2,0.773247214956006,dow,11,78.62,75.89,81.38,4,Developing,-4.72,-6.0
2026-10-03,05:55:00,278128,71.7,Y,2026-10-03T05:30:00+08:00,16.0,2,0.7737269108753639,dow,11,79.0,77.86,79.61,4,Developing,-7.3,-9.2
2026-10-03,05:55:00,278130,73.9,Y,2026-10-03T05:30:00+08:00,18.02181114326175,3,1.0,dow,11,78.62,75.89,81.38,4,Developing,-4.72,-6.0
2026-10-03,05:55:00,278143,71.7,Y,2026-10-03T05:30:00+08:00,18.02250879229009,3,1.0,dow,11,79.0,77.86,79.61,4,Developing,-7.3,-9.2
2026-10-03,05:55:00,284026,50.1,Y,2026-10-03T05:30:00+08:00,1.82674246231488,3,1.0,dow,11,48.35,47.29,50.0,4,Developing,1.75,3.6
2026-10-03,05:55:00,284046,60.0,Y,2026-10-03T05:30:00+08:00,0.0,3,1.0,dow,11,40.67,37.66,42.58,4,Developing,19.33,47.5
2026-10-03,05:55:00,284047,46.3,Y,2026-10-03T05:30:00+08:00,0.0,3,0.9999999999999991,dow,11,43.5,42.77,44.05,4,Developing,2.8,6.4
2026-10-03,05:55:00,284081,67.0,Y,2026-10-03T05:30:00+08:00,1.223222581973147,3,1.0,dow,11,50.0,50.0,56.0,4,Developing,17.0,34.0
2026-10-03,05:55:00,284167,92.6,Y,2026-10-03T05:30:00+08:00,20.24663867310488,3,1.0,dow,11,90.5,90.2,90.74,4,Developing,2.1,2.3
2026-10-03,05:55:00,284168,75.8,Y,2026-10-03T05:30:00+08:00,20.266875169851996,3,1.0,dow,11,77.9,77.15,78.7,4,Developing,-2.1,-2.7
2026-10-03,05:55:00,284170,92.6,Y,2026-10-03T05:30:00+08:00,22.79801347162793,3,1.0000000000000004,dow,11,90.5,90.2,90.74,4,Developing,2.1,2.3
2026-10-03,05:55:00,284171,75.8,Y,2026-10-03T05:30:00+08:00,22.759801287442635,3,0.9999999999999997,dow,11,77.9,77.15,78.7,4,Developing,-2.1,-2.7
2026-10-03,05:55:00,284172,61.6,Y,2026-10-03T05:30:00+08:00,23.349267868212607,3,1.0,dow,11,62.7,62.5,63.2,4,Developing,-1.1,-1.8
2026-10-03,05:55:00,284186,75.8,Y,2026-10-03T05:30:00+08:00,20.094717131335727,3,0.999999999999999,dow,11,77.9,77.15,78.7,4,Developing,-2.1,-2.7
2026-10-03,05:55:00,284187,56.8,Y,2026-10-03T05:30:00+08:00,20.007806492434135,3,1.0,dow,11,62.33,61.39,62.95,4,Developing,-5.53,-8.9
2026-10-03,05:55:00,284246,92.6,Y,2026-10-03T05:30:00+08:00,19.986601508857277,3,1.0,dow,11,90.5,90.2,90.74,4,Developing,2.1,2.3
2026-10-03,05:55:00,284266,59.6,Y,2026-10-03T05:30:00+08:00,19.962425256011677,3,1.0,dow,11,60.4,59.74,60.95,4,Developing,-0.8,-1.3
2026-10-03,05:55:00,284267,61.5,Y,2026-10-03T05:30:00+08:00,19.990610303112522,3,0.9999999999999999,dow,11,59.15,58.62,59.58,4,Developing,2.35,4.0
2026-10-03,05:55:00,284320,61.5,Y,2026-10-03T05:30:00+08:00,20.01307125463906,3,1.0,dow,11,59.15,58.62,59.58,4,Developing,2.35,4.0
2026-10-03,05:55:00,284321,57.6,Y,2026-10-03T05:30:00+08:00,20.007031366137767,3,1.0,dow,11,61.12,60.76,61.4,4,Developing,-3.52,-5.8
2026-10-03,05:55:00,284727,61.5,Y,2026-10-03T05:30:00+08:00,20.03750588766728,3,0.999999999999999,dow,11,59.15,58.62,59.58,4,Developing,2.35,4.0
2026-10-03,05:55:00,284770,52.3,Y,2026-10-03T05:30:00+08:00,20.053008678820976,3,1.0,dow,11,60.12,58.96,61.01,4,Developing,-7.82,-13.0
2026-10-03,05:55:00,284771,56.8,Y,2026-10-03T05:30:00+08:00,19.9892421456002,3,1.0,dow,11,62.33,61.39,62.95,4,Developing,-5.53,-8.9
2026-10-03,05:55:00,284772,56.8,Y,2026-10-03T05:30:00+08:00,20.008248965076813,3,0.9999999999999989,dow,11,62.33,61.39,62.95,4,Developing,-5.53,-8.9
2026-10-03,05:55:00,284773,52.3,Y,2026-10-03T05:30:00+08:00,20.085623470345773,3,0.9999999999999989,dow,11,60.12,58.96,61.01,4,Developing,-7.82,-13.0
2026-10-03,05:55:00,284775,52.3,Y,2026-10-03T05:30:00+08:00,20.065349669281183,3,0.9999999999999999,dow,11,60.12,58.96,61.01,4,Developing,-7.82,-13.0
2026-10-03,05:55:00,284776,52.3,Y,2026-10-03T05:30:00+08:00,20.171803052153933,3,1.0,dow,11,60.12,58.96,61.01,4,Developing,-7.82,-13.0
2026-10-03,05:55:00,284778,57.6,Y,2026-10-03T05:30:00+08:00,20.162878757501737,3,1.0,dow,11,61.12,60.76,61.4,4,Developing,-3.52,-5.8
2026-10-03,05:55:00,284779,57.6,Y,2026-10-03T05:30:00+08:00,20.410856422053882,3,1.0000000000000009,dow,11,61.12,60.76,61.4,4,Developing,-3.52,-5.8
2026-10-03,05:55:00,284780,57.6,Y,2026-10-03T05:30:00+08:00,20.767445859058345,3,1.0,dow,11,61.12,60.76,61.4,4,Developing,-3.52,-5.8
2026-10-03,05:55:00,284796,50.2,Y,2026-10-03T05:30:00+08:00,23.35066118745414,3,0.9999999999999999,dow,11,35.3,29.88,41.33,4,Developing,14.9,42.2
2026-10-03,05:55:00,284799,50.2,Y,2026-10-03T05:30:00+08:00,23.347008417841487,3,0.9999999999999999,dow,11,35.3,29.88,41.33,4,Developing,14.9,42.2
2026-10-03,05:55:00,284801,50.2,Y,2026-10-03T05:30:00+08:00,23.33151776106354,3,1.000000000000001,dow,11,35.3,29.88,41.33,4,Developing,14.9,42.2
2026-10-03,05:55:00,284802,50.2,Y,2026-10-03T05:30:00+08:00,23.344357946973112,3,1.0,dow,11,35.3,29.88,41.33,4,Developing,14.9,42.2
2026-10-03,05:55:00,284805,50.2,Y,2026-10-03T05:30:00+08:00,21.02864150828871,3,1.0,dow,11,35.3,29.88,41.33,4,Developing,14.9,42.2
2026-10-03,05:55:00,284826,53.1,Y,2026-10-03T05:30:00+08:00,20.710789680290027,3,1.0,dow,11,49.5,47.38,51.35,4,Developing,3.6,7.3
2026-10-03,05:55:00,284872,54.5,Y,2026-10-03T05:30:00+08:00,20.634277888234394,3,0.9999999999999989,dow,11,55.8,53.4,57.55,4,Developing,-1.3,-2.3
2026-10-03,05:55:00,284874,57.9,Y,2026-10-03T05:30:00+08:00,20.460473375767357,3,1.0,dow,11,59.77,58.84,60.32,4,Developing,-1.87,-3.1
2026-10-03,05:55:00,284875,61.2,Y,2026-10-03T05:30:00+08:00,20.162193564983184,3,1.0,dow,11,64.17,63.76,64.92,4,Developing,-2.97,-4.6
2026-10-03,05:55:00,284885,41.3,Y,2026-10-03T05:30:00+08:00,20.67589959079548,3,1.0,dow,11,45.7,44.65,47.03,4,Developing,-4.4,-9.6
2026-10-03,05:55:00,284927,63.4,Y,2026-10-03T05:30:00+08:00,23.349935339446482,3,1.0000000000000009,dow,11,64.08,63.89,64.62,4,Developing,-0.68,-1.1
2026-10-03,05:55:00,284929,45.0,Y,2026-10-03T05:30:00+08:00,20.93246716856425,3,1.0,dow,11,48.75,48.38,49.25,4,Developing,-3.75,-7.7
2026-10-03,05:55:00,284932,43.0,Y,2026-10-03T05:30:00+08:00,23.369794896836712,3,1.0,dow,11,46.5,46.0,47.0,4,Developing,-3.5,-7.5
2026-10-03,05:55:00,284946,61.5,Y,2026-10-03T05:30:00+08:00,20.04040308915578,3,1.0,dow,11,59.15,58.62,59.58,4,Developing,2.35,4.0
2026-10-03,05:55:00,284947,56.8,Y,2026-10-03T05:30:00+08:00,20.013526930187304,3,1.0,dow,11,62.33,61.39,62.95,4,Developing,-5.53,-8.9
2026-10-03,05:55:00,284948,43.7,Y,2026-10-03T05:30:00+08:00,20.801172980497682,3,1.0,dow,11,46.7,46.27,47.05,4,Developing,-3.0,-6.4
2026-10-03,05:55:00,284949,43.7,Y,2026-10-03T05:30:00+08:00,23.402474250269215,3,0.9999999999999989,dow,11,46.7,46.27,47.05,4,Developing,-3.0,-6.4
2026-10-03,05:55:00,284950,43.7,Y,2026-10-03T05:30:00+08:00,23.377376142564927,3,1.0,dow,11,46.7,46.27,47.05,4,Developing,-3.0,-6.4
2026-10-03,05:55:00,284954,53.4,Y,2026-10-03T05:30:00+08:00,19.99726376989038,3,1.000000000000001,dow,11,58.3,57.89,58.54,4,Developing,-4.9,-8.4
2026-10-03,05:55:00,285051,43.0,Y,2026-10-03T05:30:00+08:00,23.357760850857836,3,1.0,dow,11,46.5,46.0,47.0,4,Developing,-3.5,-7.5
2026-10-03,05:55:00,285186,50,N,2026-10-03T05:30:00+08:00,23.434708961378057,3,0.9999999999999989,dow,11,36.85,28.76,43.5,4,Developing,,
2026-10-03,05:55:00,285187,50,N,2026-10-03T05:30:00+08:00,23.426628222816433,3,1.0000000000000009,dow,11,36.85,28.76,43.5,4,Developing,,
2026-10-03,05:55:00,285410,54.0,Y,2026-10-03T05:30:00+08:00,18.800348952563354,3,1.0,dow,11,55.4,55.09,56.0,4,Developing,-1.4,-2.5
2026-10-03,05:55:00,285414,54.7,Y,2026-10-03T05:30:00+08:00,17.531752765978908,3,1.0000000000000009,dow,11,59.55,57.59,61.7,4,Developing,-4.85,-8.1
2026-10-03,05:55:00,285419,56.5,Y,2026-10-03T05:30:00+08:00,19.231395064100905,3,1.0,dow,11,54.65,53.33,56.21,4,Developing,1.85,3.4
2026-10-03,05:55:00,285423,76.0,Y,2026-10-03T05:30:00+08:00,17.527410460423358,3,1.000000000000001,dow,11,79.0,77.75,81.0,4,Developing,-3.0,-3.8
2026-10-03,05:55:00,285612,31.5,Y,2026-10-03T05:30:00+08:00,22.304193996336323,3,1.0000000000000004,dow,11,51.17,48.0,54.4,4,Developing,-19.67,-38.4
2026-10-03,05:55:00,285647,50,N,2026-10-03T05:30:00+08:00,23.332383203288316,3,0.9999999999999993,dow,11,36.78,32.31,41.43,4,Developing,,
2026-10-03,05:55:00,295984,52.9,Y,2026-10-03T05:30:00+08:00,3.8712049847677,3,1.0,dow,11,54.65,51.24,57.14,4,Developing,-1.75,-3.2
2026-10-03,05:55:00,104324,56.0,Y,2026-10-03T05:30:00+08:00,22.062205281798725,3,1.0,dow,11,51.12,49.88,52.19,4,Developing,4.88,9.5
2026-10-03,05:55:00,104542,55.9,Y,2026-10-03T05:30:00+08:00,22.15135500335965,3,1.0,dow,11,64.72,63.82,65.51,4,Developing,-8.82,-13.6
2026-10-03,05:55:00,104555,56.8,Y,2026-10-03T05:30:00+08:00,21.92159016650752,3,1.0,dow,11,65.1,64.25,65.55,4,Developing,-8.3,-12.7
2026-10-03,05:55:00,104556,56.9,Y,2026-10-03T05:30:00+08:00,21.855752863707224,3,1.0,dow,11,65.0,64.2,65.45,4,Developing,-8.1,-12.5
2026-10-03,05:55:00,104569,72.6,Y,2026-10-03T05:30:00+08:00,22.22661704822173,3,0.9999999999999999,dow,11,68.97,68.71,69.12,4,Developing,3.63,5.3
2026-10-03,05:55:00,104767,59.9,Y,2026-10-03T05:30:00+08:00,22.26106966667169,3,0.9999999999999999,dow,11,65.7,64.8,65.95,4,Developing,-5.8,-8.8
2026-10-03,05:55:00,104816,53.0,Y,2026-10-03T05:30:00+08:00,22.36416118982812,3,1.0,dow,11,62.23,60.54,63.69,4,Developing,-9.23,-14.8
2026-10-03,05:55:00,104875,57.9,Y,2026-10-03T05:30:00+08:00,21.652683628374493,3,1.0,dow,11,61.6,61.25,62.1,4,Developing,-3.7,-6.0
2026-10-03,05:55:00,104972,51.9,Y,2026-10-03T05:30:00+08:00,22.064800916067743,3,0.9999999999999999,dow,11,61.95,59.98,63.78,4,Developing,-10.05,-16.2
2026-10-03,05:55:00,104983,55.6,Y,2026-10-03T05:30:00+08:00,22.526681948221402,3,0.9999999999999999,dow,11,63.12,62.3,63.59,4,Developing,-7.52,-11.9
2026-10-03,05:55:00,104991,69.1,Y,2026-10-03T05:30:00+08:00,22.053591576507134,3,0.9999999999999989,dow,11,64.67,63.14,65.45,4,Developing,4.43,6.9
2026-10-03,05:55:00,104992,43.7,Y,2026-10-03T05:30:00+08:00,21.997585940796373,3,1.0,dow,11,55.1,54.16,55.74,4,Developing,-11.4,-20.7
2026-10-03,05:55:00,104993,26.9,Y,2026-10-03T05:30:00+08:00,22.08584645312927,3,0.9999999999999999,dow,11,36.75,30.56,42.94,4,Developing,-9.85,-26.8
2026-10-03,05:55:00,105057,69.0,Y,2026-10-03T05:30:00+08:00,22.84835460782318,3,1.0,dow,11,56.85,55.91,60.61,4,Developing,12.15,21.4
2026-10-03,05:55:00,105087,45.5,Y,2026-10-03T05:30:00+08:00,21.790164963385347,3,1.0000000000000009,dow,11,53.92,46.25,61.64,4,Developing,-8.42,-15.6
2026-10-03,05:55:00,105090,57.8,Y,2026-10-03T05:30:00+08:00,21.779585651810706,3,0.9999999999999991,dow,11,64.2,63.88,64.7,4,Developing,-6.4,-10.0
2026-10-03,05:55:00,105092,38.0,Y,2026-10-03T05:30:00+08:00,21.854089871197473,3,1.0,dow,11,52.62,39.84,65.29,4,Developing,-14.62,-27.8
2026-10-03,05:55:00,105096,52.6,Y,2026-10-03T05:30:00+08:00,21.68401357238635,3,1.0,dow,11,64.5,60.1,67.62,4,Developing,-11.9,-18.4
2026-10-03,05:55:00,105097,37.6,Y,2026-10-03T05:30:00+08:00,21.695343491267007,3,1.0000000000000009,dow,11,52.57,34.57,70.49,4,Developing,-14.97,-28.5
2026-10-03,05:55:00,105098,71.0,Y,2026-10-03T05:30:00+08:00,21.92565024027683,3,1.0000000000000009,dow,11,65.53,65.2,65.85,4,Developing,5.47,8.3
2026-10-03,05:55:00,105124,56.0,Y,2026-10-03T05:30:00+08:00,21.936624323928353,3,0.9999999999999999,dow,11,53.17,52.85,54.12,4,Developing,2.83,5.3
2026-10-03,05:55:00,105129,56.0,Y,2026-10-03T05:30:00+08:00,22.12517111473842,3,1.0,dow,11,51.12,49.88,52.44,4,Developing,4.88,9.5
2026-10-03,05:55:00,105134,24.0,Y,2026-10-03T05:30:00+08:00,21.684959135185753,3,0.9999999999999999,dow,11,36.05,25.75,46.23,4,Developing,-12.05,-33.4
2026-10-03,05:55:00,105137,65.0,Y,2026-10-03T05:30:00+08:00,22.289558234512203,3,0.9999999999999991,dow,11,50.0,28.0,73.5,4,Developing,15.0,30.0
2026-10-03,05:55:00,105190,69.2,Y,2026-10-03T05:30:00+08:00,22.645647894547626,3,0.9999999999999998,dow,11,67.1,66.92,67.49,4,Developing,2.1,3.1
2026-10-03,05:55:00,105194,59.0,Y,2026-10-03T05:30:00+08:00,22.494603954785376,3,1.0000000000000002,dow,11,66.22,65.64,66.9,4,Developing,-7.22,-10.9
2026-10-03,05:55:00,105198,48.7,Y,2026-10-03T05:30:00+08:00,21.83084841209184,3,1.0,dow,11,61.92,59.73,63.89,4,Developing,-13.22,-21.4
2026-10-03,05:55:00,105213,38.1,Y,2026-10-03T05:30:00+08:00,22.111068498740494,3,1.0,dow,11,51.85,37.23,66.06,4,Developing,-13.75,-26.5
2026-10-03,05:55:00,105241,55.0,Y,2026-10-03T05:30:00+08:00,21.642497815736355,3,0.999999999999999,dow,11,64.5,60.67,67.62,4,Developing,-9.5,-14.7
2026-10-03,05:55:00,105243,73.6,Y,2026-10-03T05:30:00+08:00,21.983410178660616,3,1.0,dow,11,68.08,67.9,68.28,4,Developing,5.52,8.1
2026-10-03,05:55:00,1060,45.4,Y,2026-10-03T05:30:00+08:00,15.764694356861941,3,1.0,dow,11,60.92,60.44,61.51,4,Developing,-15.52,-25.5
2026-10-03,05:55:00,107214,54.6,Y,2026-10-03T05:30:00+08:00,23.6658288276655,3,1.0,dow,11,48.83,48.2,49.38,4,Developing,5.77,11.8
2026-10-03,05:55:00,107340,51.1,Y,2026-10-03T05:30:00+08:00,21.67473644312499,3,1.0,dow,11,59.2,57.24,61.38,4,Developing,-8.1,-13.7
2026-10-03,05:55:00,107603,45.3,Y,2026-10-03T05:30:00+08:00,22.975525522945492,3,1.0,dow,11,46.3,45.17,47.6,4,Developing,-1.0,-2.2
2026-10-03,05:55:00,107604,30.8,Y,2026-10-03T05:30:00+08:00,23.49967820699147,3,1.0,dow,11,39.23,38.31,40.29,4,Developing,-8.43,-21.5
2026-10-03,05:55:00,107607,45.2,Y,2026-10-03T05:30:00+08:00,22.96983027958688,3,0.9999999999999999,dow,11,46.3,45.2,47.65,4,Developing,-1.1,-2.4
2026-10-03,05:55:00,107772,41.8,Y,2026-10-03T05:30:00+08:00,25.352117483566428,3,1.0000000000000004,dow,11,56.8,55.38,57.33,4,Developing,-15.0,-26.4
2026-10-03,05:55:00,107776,67.8,Y,2026-10-03T05:30:00+08:00,25.295131876478592,3,0.9999999999999994,dow,11,68.7,68.65,68.7,4,Developing,-0.9,-1.3
2026-10-03,05:55:00,107791,53.7,Y,2026-10-03T05:30:00+08:00,25.23115372799769,3,0.9999999999999998,dow,11,60.28,60.1,60.51,4,Developing,-6.58,-10.9
2026-10-03,05:55:00,107801,54.6,Y,2026-10-03T05:30:00+08:00,26.75902893436967,3,0.9999999999999998,dow,11,53.75,52.16,55.65,4,Developing,0.85,1.6
2026-10-03,05:55:00,107802,51.9,Y,2026-10-03T05:30:00+08:00,26.55823735868905,3,1.0000000000000002,dow,11,51.35,50.58,51.91,4,Developing,0.55,1.1
2026-10-03,05:55:00,107803,58.0,Y,2026-10-03T05:30:00+08:00,26.4832969236682,3,1.0,dow,11,61.85,60.55,63.38,4,Developing,-3.85,-6.2
2026-10-03,05:55:00,107805,55.4,Y,2026-10-03T05:30:00+08:00,26.007399050658986,3,0.9999999999999993,dow,11,54.9,53.21,57.09,4,Developing,0.5,0.9
2026-10-03,05:55:00,107806,64.0,Y,2026-10-03T05:30:00+08:00,26.77934790438851,3,0.9999999999999999,dow,11,64.45,63.8,64.86,4,Developing,-0.45,-0.7
2026-10-03,05:55:00,107817,54.0,Y,2026-10-03T05:30:00+08:00,23.429880826683757,3,1.0,dow,11,45.83,45.14,46.52,4,Developing,8.17,17.8
2026-10-03,05:55:00,107818,28.9,Y,2026-10-03T05:30:00+08:00,23.353234676886537,3,1.0,dow,11,40.5,39.7,41.82,4,Developing,-11.6,-28.6
2026-10-03,05:55:00,107819,51.9,Y,2026-10-03T05:30:00+08:00,23.303965119703484,3,1.0,dow,11,43.88,43.79,44.09,4,Developing,8.02,18.3
2026-10-03,05:55:00,107850,46.7,Y,2026-10-03T05:30:00+08:00,23.070185445053582,3,1.0,dow,11,45.65,45.04,46.61,4,Developing,1.05,2.3
2026-10-03,05:55:00,107907,46.6,Y,2026-10-03T05:30:00+08:00,21.332970116016867,3,1.0,dow,11,50.05,49.74,52.44,4,Developing,-3.45,-6.9
2026-10-03,05:55:00,107908,59.9,Y,2026-10-03T05:30:00+08:00,21.3417882880679,3,1.0,dow,11,54.5,54.33,56.9,4,Developing,5.4,9.9
2026-10-03,05:55:00,107909,47.4,Y,2026-10-03T05:30:00+08:00,21.43301045805618,3,0.9999999999999991,dow,11,53.7,52.71,56.81,4,Developing,-6.3,-11.7
2026-10-03,05:55:00,107910,60.4,Y,2026-10-03T05:30:00+08:00,21.444427827521114,3,1.0,dow,11,57.98,56.79,60.58,4,Developing,2.42,4.2
2026-10-03,05:55:00,107918,32.2,Y,2026-10-03T05:30:00+08:00,22.79080552934176,3,0.9999999999999989,dow,11,37.55,37.09,39.48,4,Developing,-5.35,-14.2
2026-10-03,05:55:00,107920,36.2,Y,2026-10-03T05:30:00+08:00,22.755881901183823,3,1.0,dow,11,40.55,40.18,42.77,4,Developing,-4.35,-10.7
2026-10-03,05:55:00,107921,56.9,Y,2026-10-03T05:30:00+08:00,22.779331381652945,3,1.0,dow,11,57.22,55.81,58.15,4,Developing,-0.32,-0.6
2026-10-03,05:55:00,107922,43.3,Y,2026-10-03T05:30:00+08:00,25.35551555558348,3,1.0000000000000007,dow,11,52.15,49.45,54.3,4,Developing,-8.85,-17.0
2026-10-03,05:55:00,107923,56.5,Y,2026-10-03T05:30:00+08:00,25.3567044402992,3,1.0,dow,11,54.4,53.4,54.7,4,Developing,2.1,3.9
2026-10-03,05:55:00,107924,49.0,Y,2026-10-03T05:30:00+08:00,25.47140406901326,3,1.0000000000000004,dow,11,52.12,49.64,54.24,4,Developing,-3.12,-6.0
2026-10-03,05:55:00,107925,61.4,Y,2026-10-03T05:30:00+08:00,25.498829934997705,3,0.9999999999999996,dow,11,62.7,61.33,63.75,4,Developing,-1.3,-2.1
2026-10-03,05:55:00,107926,56.6,Y,2026-10-03T05:30:00+08:00,25.449129060050346,3,0.9999999999999998,dow,11,56.95,54.9,59.42,4,Developing,-0.35,-0.6
2026-10-03,05:55:00,107927,55.7,Y,2026-10-03T05:30:00+08:00,25.56289619238827,3,0.9999999999999996,dow,11,60.88,59.44,62.4,4,Developing,-5.18,-8.5
2026-10-03,05:55:00,107928,62.9,Y,2026-10-03T05:30:00+08:00,25.54439985015138,3,1.0000000000000002,dow,11,63.15,61.58,64.55,4,Developing,-0.25,-0.4
2026-10-03,05:55:00,107929,49.1,Y,2026-10-03T05:30:00+08:00,25.491067864026796,3,0.9999999999999997,dow,11,52.1,49.6,54.24,4,Developing,-3.0,-5.8
2026-10-03,05:55:00,107930,63.7,Y,2026-10-03T05:30:00+08:00,25.488335417596666,3,0.9999999999999997,dow,11,63.25,60.73,65.66,4,Developing,0.45,0.7
2026-10-03,05:55:00,107931,65.6,Y,2026-10-03T05:30:00+08:00,25.308221594834716,3,1.0,dow,11,66.22,65.56,66.77,4,Developing,-0.62,-0.9
2026-10-03,05:55:00,107936,62.0,Y,2026-10-03T05:30:00+08:00,24.385000092254117,3,1.0,dow,11,65.5,64.75,66.0,4,Developing,-3.5,-5.3
2026-10-03,05:55:00,107937,66.0,Y,2026-10-03T05:30:00+08:00,24.447827002300606,3,0.9999999999999999,dow,11,68.75,68.38,69.0,4,Developing,-2.75,-4.0
2026-10-03,05:55:00,107995,45.2,Y,2026-10-03T05:30:00+08:00,22.936404217284604,3,1.0,dow,11,46.27,45.2,47.64,4,Developing,-1.07,-2.3
2026-10-03,05:55:00,107996,27.1,Y,2026-10-03T05:30:00+08:00,22.91808167959167,3,0.9999999999999991,dow,11,39.42,39.27,40.84,4,Developing,-12.32,-31.3
2026-10-03,05:55:00,107997,58.5,Y,2026-10-03T05:30:00+08:00,23.891499880128894,3,1.0,dow,11,53.83,52.27,54.25,4,Developing,4.67,8.7
2026-10-03,05:55:00,108023,69.7,Y,2026-10-03T05:30:00+08:00,26.588596866055536,3,0.9999999999999997,dow,11,64.35,63.3,65.15,4,Developing,5.35,8.3
2026-10-03,05:55:00,108025,34.9,Y,2026-10-03T05:30:00+08:00,23.741181071047123,3,1.0,dow,11,43.23,42.9,43.36,4,Developing,-8.33,-19.3
2026-10-03,05:55:00,108027,26.7,Y,2026-10-03T05:30:00+08:00,23.08141655724131,3,1.0,dow,11,40.55,40.38,41.95,4,Developing,-13.85,-34.2
2026-10-03,05:55:00,108028,51.2,Y,2026-10-03T05:30:00+08:00,23.220752277184644,3,1.000000000000001,dow,11,44.78,44.46,45.67,4,Developing,6.42,14.3
2026-10-03,05:55:00,108040,57.5,Y,2026-10-03T05:30:00+08:00,25.461835176321244,3,1.0,dow,11,60.1,58.93,61.06,4,Developing,-2.6,-4.3
2026-10-03,05:55:00,108041,56.7,Y,2026-10-03T05:30:00+08:00,25.404287766730924,3,0.9999999999999996,dow,11,57.15,55.09,59.6,4,Developing,-0.45,-0.8
2026-10-03,05:55:00,108042,56.9,Y,2026-10-03T05:30:00+08:00,25.716581254502355,3,0.9999999999999996,dow,11,61.42,59.91,63.06,4,Developing,-4.52,-7.4
2026-10-03,05:55:00,108043,64.6,Y,2026-10-03T05:30:00+08:00,26.423804514569444,3,1.0000000000000004,dow,11,63.8,62.05,65.45,4,Developing,0.8,1.3
2026-10-03,05:55:00,108044,49.3,Y,2026-10-03T05:30:00+08:00,25.5439108428311,3,0.9999999999999996,dow,11,52.08,49.56,54.21,4,Developing,-2.78,-5.3
2026-10-03,05:55:00,108045,63.1,Y,2026-10-03T05:30:00+08:00,25.56486177727013,3,1.0,dow,11,63.1,60.46,65.54,4,Developing,0.0,0.0
2026-10-03,05:55:00,108046,65.5,Y,2026-10-03T05:30:00+08:00,25.349979414727038,3,1.0,dow,11,66.1,65.41,66.64,4,Developing,-0.6,-0.9
2026-10-03,05:55:00,108047,38.9,Y,2026-10-03T05:30:00+08:00,24.281695319752874,3,1.0,dow,11,48.35,46.1,50.16,4,Developing,-9.45,-19.5
2026-10-03,05:55:00,108048,58.5,Y,2026-10-03T05:30:00+08:00,24.303279887182335,3,1.0,dow,11,54.05,53.36,54.06,4,Developing,4.45,8.2
2026-10-03,05:55:00,108049,31.7,Y,2026-10-03T05:30:00+08:00,22.837188385847565,3,1.0,dow,11,37.67,37.42,39.38,4,Developing,-5.97,-15.8
2026-10-03,05:55:00,108050,51.9,Y,2026-10-03T05:30:00+08:00,22.851228546513454,3,1.0000000000000009,dow,11,51.2,50.16,52.6,4,Developing,0.7,1.4
2026-10-03,05:55:00,108052,40.6,Y,2026-10-03T05:30:00+08:00,22.768758294570887,3,1.0,dow,11,44.2,43.96,46.4,4,Developing,-3.6,-8.1
2026-10-03,05:55:00,108053,60.5,Y,2026-10-03T05:30:00+08:00,22.77507605492221,3,1.0,dow,11,57.18,55.99,58.38,4,Developing,3.32,5.8
2026-10-03,05:55:00,108054,49.2,Y,2026-10-03T05:30:00+08:00,21.54896782428304,3,1.0,dow,11,55.72,54.95,58.48,4,Developing,-6.52,-11.7
2026-10-03,05:55:00,1082,70.0,Y,2026-10-03T05:30:00+08:00,16.964027682073667,3,1.0,dow,11,70.25,70.0,70.75,4,Developing,-0.25,-0.4
2026-10-03,05:55:00,111646,70.8,Y,2026-10-03T05:30:00+08:00,17.100666882423674,3,1.0,dow,11,65.3,63.96,66.58,4,Developing,5.5,8.4
2026-10-03,05:55:00,111648,63.4,Y,2026-10-03T05:30:00+08:00,17.275116609237575,3,0.999999999999999,dow,11,65.47,64.07,66.71,4,Developing,-2.07,-3.2
2026-10-03,05:55:00,111649,60.6,Y,2026-10-03T05:30:00+08:00,17.561325281413886,3,0.999999999999999,dow,11,60.2,58.92,60.58,4,Developing,0.4,0.7
2026-10-03,05:55:00,111650,71.7,Y,2026-10-03T05:30:00+08:00,17.577701271759942,3,1.0,dow,11,66.2,65.61,66.49,4,Developing,5.5,8.3
2026-10-03,05:55:00,111651,59.7,Y,2026-10-03T05:30:00+08:00,17.785238515411816,3,0.9999999999999999,dow,11,57.25,57.09,57.7,4,Developing,2.45,4.3
2026-10-03,05:55:00,111652,64.2,Y,2026-10-03T05:30:00+08:00,18.05804948885046,3,0.9999999999999999,dow,11,62.7,62.38,63.92,4,Developing,1.5,2.4
2026-10-03,05:55:00,111918,47.2,Y,2026-10-03T05:30:00+08:00,22.8016951451366,3,1.0,dow,11,50.38,50.14,52.45,4,Developing,-3.18,-6.3
2026-10-03,05:55:00,112155,36.0,Y,2026-10-03T05:30:00+08:00,22.76016625020521,3,1.0,dow,11,40.75,40.09,43.12,4,Developing,-4.75,-11.7
2026-10-03,05:55:00,132395,54.2,Y,2026-10-03T05:30:00+08:00,22.22710219056786,3,1.0,dow,11,67.05,66.2,68.54,4,Developing,-12.85,-19.2
2026-10-03,05:55:00,132396,56.1,Y,2026-10-03T05:30:00+08:00,22.003714134444646,3,0.999999999999999,dow,11,65.98,64.85,66.16,4,Developing,-9.88,-15.0
2026-10-03,05:55:00,132397,42.7,Y,2026-10-03T05:30:00+08:00,22.034503101186058,3,1.0000000000000009,dow,11,73.1,71.46,73.78,4,Developing,-30.4,-41.6
2026-10-03,05:55:00,132399,53.8,Y,2026-10-03T05:30:00+08:00,22.141632127123476,3,1.0,dow,11,71.05,69.45,71.59,4,Developing,-17.25,-24.3
2026-10-03,05:55:00,1601,43.2,Y,2026-10-03T05:30:00+08:00,16.977900649251456,3,1.0,dow,11,47.2,46.33,48.35,4,Developing,-4.0,-8.5
2026-10-03,05:55:00,163991,64.6,Y,2026-10-03T05:30:00+08:00,16.215266925746636,3,1.0,dow,11,67.0,64.91,68.15,4,Developing,-2.4,-3.6
2026-10-03,05:55:00,164284,62.0,Y,2026-10-03T05:30:00+08:00,20.7684707179202,3,1.0,dow,11,65.5,64.75,66.0,4,Developing,-3.5,-5.3
2026-10-03,05:55:00,164881,58.1,Y,2026-10-03T05:30:00+08:00,22.804705671973664,3,1.0,dow,11,53.33,52.66,56.02,4,Developing,4.77,8.9
2026-10-03,05:55:00,1862,50.3,Y,2026-10-03T05:30:00+08:00,15.768968416566612,3,1.0,dow,11,53.12,51.42,55.59,4,Developing,-2.82,-5.3
2026-10-03,05:55:00,2145,50.5,Y,2026-10-03T05:30:00+08:00,15.777759948192989,3,1.0,dow,11,52.88,51.64,55.35,4,Developing,-2.38,-4.5
2026-10-03,05:55:00,2404,41.4,Y,2026-10-03T05:30:00+08:00,15.774660573332207,3,1.0,dow,11,59.95,58.66,61.27,4,Developing,-18.55,-30.9
2026-10-03,05:55:00,2437,48.3,Y,2026-10-03T05:30:00+08:00,15.787199049028157,3,1.0,dow,11,50.92,49.88,53.66,4,Developing,-2.62,-5.1
2026-10-03,05:55:00,2568,42.2,Y,2026-10-03T05:30:00+08:00,15.810577646326426,3,0.999999999999999,dow,11,44.73,43.77,45.81,4,Developing,-2.53,-5.7
2026-10-03,05:55:00,261300,65.0,Y,2026-10-03T05:30:00+08:00,21.86075582215937,3,1.0,dow,11,63.33,54.52,73.5,4,Developing,1.67,2.6
2026-10-03,05:55:00,261301,65.0,Y,2026-10-03T05:30:00+08:00,21.950455314229206,3,1.0,dow,11,63.33,54.52,73.5,4,Developing,1.67,2.6
2026-10-03,05:55:00,261324,56.0,Y,2026-10-03T05:30:00+08:00,22.29676781659523,3,1.0,dow,11,51.12,49.88,52.44,4,Developing,4.88,9.5
2026-10-03,05:55:00,261329,62.0,Y,2026-10-03T05:30:00+08:00,20.648753140914813,3,1.0,dow,11,65.5,64.75,66.0,4,Developing,-3.5,-5.3
2026-10-03,05:55:00,261330,62.0,Y,,,,,dow,11,61.35,58.03,64.5,4,Developing,0.65,1.1
2026-10-03,05:55:00,2672,72.3,Y,2026-10-03T05:30:00+08:00,18.375990945751287,3,1.000000000000001,dow,11,66.9,66.38,67.53,4,Developing,5.4,8.1
2026-10-03,05:55:00,2730,49.8,Y,2026-10-03T05:30:00+08:00,17.243782370333317,3,0.9999999999999999,dow,11,52.5,47.89,58.62,4,Developing,-2.7,-5.1
2026-10-03,05:55:00,277523,54.0,Y,2026-10-03T05:30:00+08:00,23.561624469507386,3,1.0000000000000009,dow,11,45.83,45.14,46.52,4,Developing,8.17,17.8
2026-10-03,05:55:00,277566,53.8,Y,2026-10-03T05:30:00+08:00,22.476218610007944,3,0.9999999999999999,dow,11,61.1,60.44,61.95,4,Developing,-7.3,-11.9
2026-10-03,05:55:00,278563,60.6,Y,2026-10-03T05:30:00+08:00,19.03298474711668,3,0.9999999999999991,dow,11,64.65,62.77,67.58,4,Developing,-4.05,-6.3
2026-10-03,05:55:00,2876,40.0,Y,2026-10-03T05:30:00+08:00,16.93315222312773,3,1.0,dow,11,42.98,41.5,44.09,4,Developing,-2.98,-6.9
2026-10-03,05:55:00,2900,56.0,Y,2026-10-03T05:30:00+08:00,15.854333144332054,3,1.0000000000000009,dow,11,58.5,57.21,59.76,4,Developing,-2.5,-4.3
2026-10-03,05:55:00,2905,65.0,Y,2026-10-03T05:30:00+08:00,22.84539839966205,3,1.0,dow,11,57.35,42.58,73.5,4,Developing,7.65,13.3
2026-10-03,05:55:00,296108,49.3,Y,,,,,day_type,11,63.85,63.08,64.62,2,Provisional,-14.55,-22.8
2026-10-03,05:55:00,3002,54.5,Y,2026-10-03T05:30:00+08:00,17.264614996808707,3,1.0000000000000004,dow,11,53.45,52.62,54.81,4,Developing,1.05,2.0
2026-10-03,05:55:00,3034,61.2,Y,2026-10-03T05:30:00+08:00,15.855788463593184,3,1.0,dow,11,57.85,57.74,57.96,4,Developing,3.35,5.8
2026-10-03,05:55:00,3097,70.0,Y,2026-10-03T05:30:00+08:00,20.251740727488734,3,1.0,dow,11,70.25,70.0,70.75,4,Developing,-0.25,-0.4
2026-10-03,05:55:00,3110,37.6,Y,2026-10-03T05:30:00+08:00,15.814254852575534,3,1.0,dow,11,42.05,41.49,42.76,4,Developing,-4.45,-10.6
2026-10-03,05:55:00,3203,55.6,Y,2026-10-03T05:30:00+08:00,16.964290387249605,3,1.0,dow,11,51.4,49.17,55.35,4,Developing,4.2,8.2
2026-10-03,05:55:00,3293,69.0,Y,2026-10-03T05:30:00+08:00,17.004168173033456,3,1.0000000000000009,dow,11,54.45,53.79,58.92,4,Developing,14.55,26.7
2026-10-03,05:55:00,3347,43.2,Y,2026-10-03T05:30:00+08:00,16.927181993524563,3,1.0,dow,11,46.25,45.05,48.2,4,Developing,-3.05,-6.6
2026-10-03,05:55:00,3375,69.1,Y,2026-10-03T05:30:00+08:00,16.773062732456378,3,1.0000000000000009,dow,11,70.25,69.78,70.78,4,Developing,-1.15,-1.6
2026-10-03,05:55:00,3381,51.1,Y,2026-10-03T05:30:00+08:00,18.755878015046534,3,0.9999999999999997,dow,11,58.38,55.92,60.56,4,Developing,-7.28,-12.5
2026-10-03,05:55:00,3450,53.8,Y,2026-10-03T05:30:00+08:00,16.918455710428734,3,1.0,dow,11,69.92,67.53,72.36,4,Developing,-16.12,-23.1
2026-10-03,05:55:00,3514,68.3,Y,2026-10-03T05:30:00+08:00,17.062639258138066,3,0.9999999999999997,dow,11,66.5,63.91,68.85,4,Developing,1.8,2.7
2026-10-03,05:55:00,3563,58.9,Y,2026-10-03T05:30:00+08:00,15.835575890197815,3,0.999999999999999,dow,11,56.02,55.06,56.6,4,Developing,2.88,5.1
2026-10-03,05:55:00,3574,49.9,Y,2026-10-03T05:30:00+08:00,15.792712039012429,3,1.0,dow,11,52.65,50.75,55.3,4,Developing,-2.75,-5.2
2026-10-03,05:55:00,3712,38.5,Y,2026-10-03T05:30:00+08:00,15.839153769266614,3,1.0000000000000009,dow,11,48.15,47.0,50.16,4,Developing,-9.65,-20.0
2026-10-03,05:55:00,3722,62.3,Y,2026-10-03T05:30:00+08:00,18.907836702409178,3,0.9999999999999999,dow,11,63.2,59.41,67.27,4,Developing,-0.9,-1.4
2026-10-03,05:55:00,375,70.0,Y,2026-10-03T05:30:00+08:00,20.48744712450947,3,1.0,dow,11,70.25,70.0,70.75,4,Developing,-0.25,-0.4
2026-10-03,05:55:00,393,70.0,Y,2026-10-03T05:30:00+08:00,16.63333522761499,3,1.0,dow,11,70.25,70.0,70.75,4,Developing,-0.25,-0.4
2026-10-03,05:55:00,4255,50.3,Y,2026-10-03T05:30:00+08:00,15.802679209684971,3,0.9999999999999989,dow,11,60.83,60.41,61.25,4,Developing,-10.53,-17.3
2026-10-03,05:55:00,4295,77.0,Y,2026-10-03T05:30:00+08:00,18.112363542643177,3,0.9999999999999999,dow,11,63.4,62.09,64.38,4,Developing,13.6,21.5
2026-10-03,05:55:00,4304,44.4,Y,2026-10-03T05:30:00+08:00,15.866528989628165,3,1.0,dow,11,52.25,50.06,53.59,4,Developing,-7.85,-15.0
2026-10-03,05:55:00,477,70.0,Y,2026-10-03T05:30:00+08:00,16.634057776777205,3,1.0,dow,11,70.25,70.0,70.75,4,Developing,-0.25,-0.4
2026-10-03,05:55:00,4771,75.3,Y,2026-10-03T05:30:00+08:00,19.04804563044268,3,1.0,dow,11,65.17,64.3,65.75,4,Developing,10.13,15.5
2026-10-03,05:55:00,4781,66.6,Y,2026-10-03T05:30:00+08:00,18.214950609832822,3,1.0,dow,11,68.95,67.95,69.84,4,Developing,-2.35,-3.4
2026-10-03,05:55:00,493,50.5,Y,2026-10-03T05:30:00+08:00,15.814696835995251,3,0.999999999999999,dow,11,54.38,52.76,56.06,4,Developing,-3.88,-7.1
2026-10-03,05:55:00,4930,41.5,Y,2026-10-03T05:30:00+08:00,16.118562526726873,3,1.0,dow,11,51.65,50.12,53.7,4,Developing,-10.15,-19.7
2026-10-03,05:55:00,4973,55.1,Y,2026-10-03T05:30:00+08:00,17.664435716655795,3,0.999999999999999,dow,11,64.7,63.66,64.9,4,Developing,-9.6,-14.8
2026-10-03,05:55:00,5120,70.0,Y,2026-10-03T05:30:00+08:00,20.339213609498216,3,1.0,dow,11,70.25,70.0,70.75,4,Developing,-0.25,-0.4
2026-10-03,05:55:00,5121,70.0,Y,2026-10-03T05:30:00+08:00,20.352399618383615,3,1.0,dow,11,70.25,70.0,70.75,4,Developing,-0.25,-0.4
2026-10-03,05:55:00,5122,66.0,Y,2026-10-03T05:30:00+08:00,20.56073196641218,3,1.0,dow,11,70.25,69.88,70.62,4,Developing,-4.25,-6.0
2026-10-03,05:55:00,5129,46.4,Y,2026-10-03T05:30:00+08:00,17.137239206429992,3,1.0,dow,11,52.35,52.08,53.08,4,Developing,-5.95,-11.4
2026-10-03,05:55:00,5131,40.0,Y,2026-10-03T05:30:00+08:00,16.72093772447399,3,1.0,dow,11,43.25,41.5,44.56,4,Developing,-3.25,-7.5
2026-10-03,05:55:00,5218,66.0,Y,2026-10-03T05:30:00+08:00,20.76978144378268,3,1.0,dow,11,70.25,69.88,70.62,4,Developing,-4.25,-6.0
2026-10-03,05:55:00,5276,52.8,Y,2026-10-03T05:30:00+08:00,17.020720341838786,3,1.0,dow,11,62.5,56.67,68.73,4,Developing,-9.7,-15.5
2026-10-03,05:55:00,5280,70.0,Y,2026-10-03T05:30:00+08:00,20.543072130986133,3,1.0,dow,11,70.25,70.0,70.75,4,Developing,-0.25,-0.4
2026-10-03,05:55:00,5315,39.8,Y,2026-10-03T05:30:00+08:00,15.796032482903748,3,1.000000000000001,dow,11,50.7,50.55,50.94,4,Developing,-10.9,-21.5
2026-10-03,05:55:00,5341,69.0,Y,2026-10-03T05:30:00+08:00,17.04525290115232,3,1.0,dow,11,53.38,52.14,58.25,4,Developing,15.62,29.3
2026-10-03,05:55:00,5348,49.0,Y,2026-10-03T05:30:00+08:00,16.72156041404931,3,1.0,dow,11,51.5,48.22,54.88,4,Developing,-2.5,-4.9
2026-10-03,05:55:00,5358,52.8,Y,2026-10-03T05:30:00+08:00,17.031523029263077,3,1.0,dow,11,62.5,56.67,68.73,4,Developing,-9.7,-15.5
2026-10-03,05:55:00,5379,40.0,Y,2026-10-03T05:30:00+08:00,16.680785544553817,3,0.999999999999999,dow,11,44.38,41.5,46.75,4,Developing,-4.38,-9.9
2026-10-03,05:55:00,5381,43.6,Y,2026-10-03T05:30:00+08:00,16.794343824034225,3,1.0,dow,11,47.1,46.42,48.78,4,Developing,-3.5,-7.4
2026-10-03,05:55:00,5445,53.8,Y,2026-10-03T05:30:00+08:00,16.944672204175387,3,0.9999999999999991,dow,11,69.92,67.53,72.36,4,Developing,-16.12,-23.1
2026-10-03,05:55:00,5534,66.0,Y,2026-10-03T05:30:00+08:00,17.05877598554509,3,1.0,dow,11,70.25,69.88,70.62,4,Developing,-4.25,-6.0
2026-10-03,05:55:00,5686,47.3,Y,2026-10-03T05:30:00+08:00,16.94822416678511,3,1.0000000000000009,dow,11,49.93,49.55,50.33,4,Developing,-2.63,-5.3
2026-10-03,05:55:00,5687,69.0,Y,2026-10-03T05:30:00+08:00,17.044693172539457,3,0.9999999999999991,dow,11,54.17,53.59,58.51,4,Developing,14.83,27.4
2026-10-03,05:55:00,5694,52.7,Y,2026-10-03T05:30:00+08:00,15.781770005663388,3,0.999999999999999,dow,11,58.67,58.01,59.29,4,Developing,-5.97,-10.2
2026-10-03,05:55:00,57646,76.4,Y,2026-10-03T05:30:00+08:00,19.4696256155753,3,1.0,dow,11,79.3,78.96,79.61,4,Developing,-2.9,-3.7
2026-10-03,05:55:00,57654,81.4,Y,2026-10-03T05:30:00+08:00,20.270273524354888,3,0.9999999999999991,dow,11,79.8,79.3,80.21,4,Developing,1.6,2.0
2026-10-03,05:55:00,58091,62.7,Y,2026-10-03T05:30:00+08:00,20.15289537140549,3,1.0,dow,11,66.38,65.8,66.9,4,Developing,-3.68,-5.5
2026-10-03,05:55:00,59208,66.0,Y,2026-10-03T05:30:00+08:00,20.746333601768924,3,1.0,dow,11,68.75,68.38,69.0,4,Developing,-2.75,-4.0
2026-10-03,05:55:00,59485,65.3,Y,2026-10-03T05:30:00+08:00,20.399626062414658,3,1.000000000000001,dow,11,48.12,39.08,56.7,4,Developing,17.18,35.7
2026-10-03,05:55:00,59930,44.2,Y,2026-10-03T05:30:00+08:00,20.15830682822665,3,1.0,dow,11,48.62,47.7,49.96,4,Developing,-4.42,-9.1
2026-10-03,05:55:00,60375,75.4,Y,2026-10-03T05:30:00+08:00,20.425191626454875,3,1.0,dow,11,75.47,74.3,76.06,4,Developing,-0.07,-0.1
2026-10-03,05:55:00,60378,52.5,Y,2026-10-03T05:30:00+08:00,18.740042188619405,3,1.0000000000000009,dow,11,63.3,62.94,64.04,4,Developing,-10.8,-17.1
2026-10-03,05:55:00,60546,86.9,Y,2026-10-03T05:30:00+08:00,11.00331926774285,3,1.0,dow,11,83.6,82.31,83.9,4,Developing,3.3,3.9
2026-10-03,05:55:00,60629,73.0,Y,2026-10-03T05:30:00+08:00,11.378770744793115,3,1.0000000000000009,dow,11,72.6,72.4,72.9,4,Developing,0.4,0.6
2026-10-03,05:55:00,60657,82.5,Y,2026-10-03T05:30:00+08:00,18.00155664120556,3,1.0,dow,11,77.9,76.8,78.68,4,Developing,4.6,5.9
2026-10-03,05:55:00,60760,88.0,Y,2026-10-03T05:30:00+08:00,16.518001958125616,3,1.0000000000000009,dow,11,88.0,87.6,88.0,4,Developing,0.0,0.0
2026-10-03,05:55:00,60767,76.6,Y,2026-10-03T05:30:00+08:00,15.238632465270339,3,1.0000000000000009,dow,11,77.72,77.25,78.58,4,Developing,-1.12,-1.4
2026-10-03,05:55:00,60992,62.0,Y,2026-10-03T05:30:00+08:00,17.596014300175167,3,1.0,dow,11,66.25,64.97,67.78,4,Developing,-4.25,-6.4
2026-10-03,05:55:00,60993,69.1,Y,2026-10-03T05:30:00+08:00,17.692455643122184,3,0.9999999999999989,dow,11,72.15,70.64,73.39,4,Developing,-3.05,-4.2
2026-10-03,05:55:00,61025,56.5,Y,2026-10-03T05:30:00+08:00,19.5322408775735,3,1.0000000000000009,dow,11,65.92,65.26,66.44,4,Developing,-9.42,-14.3
2026-10-03,05:55:00,61288,88.0,Y,2026-10-03T05:30:00+08:00,11.256556868535416,3,0.999999999999999,dow,11,85.75,84.12,86.31,4,Developing,2.25,2.6
2026-10-03,05:55:00,61299,75.2,Y,2026-10-03T05:30:00+08:00,17.66990736937536,3,1.0,dow,11,64.43,62.95,65.03,4,Developing,10.77,16.7
2026-10-03,05:55:00,61436,84.4,Y,2026-10-03T05:30:00+08:00,15.933491289427614,3,1.0,dow,11,87.9,87.31,88.0,4,Developing,-3.5,-4.0
2026-10-03,05:55:00,61498,88.0,Y,2026-10-03T05:30:00+08:00,14.473216163008642,3,1.0,dow,11,87.2,85.53,88.0,4,Developing,0.8,0.9
2026-10-03,05:55:00,61581,81.7,Y,2026-10-03T05:30:00+08:00,14.839951978707202,3,1.0,dow,11,85.4,84.14,86.5,4,Developing,-3.7,-4.3
2026-10-03,05:55:00,61664,73.0,Y,2026-10-03T05:30:00+08:00,11.457612544789182,3,1.0000000000000009,dow,11,73.67,73.5,73.94,4,Developing,-0.67,-0.9
2026-10-03,05:55:00,61683,72.8,Y,2026-10-03T05:30:00+08:00,18.654130033972287,3,1.0,dow,11,76.0,75.54,76.55,4,Developing,-3.2,-4.2
2026-10-03,05:55:00,61886,72.3,Y,2026-10-03T05:30:00+08:00,14.454938526194418,3,1.0,dow,11,73.15,72.51,73.76,4,Developing,-0.85,-1.2
2026-10-03,05:55:00,61888,56.4,Y,2026-10-03T05:30:00+08:00,17.03008403828446,3,1.0000000000000009,dow,11,64.17,63.31,65.85,4,Developing,-7.77,-12.1
2026-10-03,05:55:00,61889,84.0,Y,2026-10-03T05:30:00+08:00,17.459440224136628,3,1.0,dow,11,75.4,74.35,75.98,4,Developing,8.6,11.4
2026-10-03,05:55:00,62032,70.0,Y,2026-10-03T05:30:00+08:00,18.03043448555873,3,1.0,dow,11,62.83,61.85,63.49,4,Developing,7.17,11.4
2026-10-03,05:55:00,62036,72.3,Y,2026-10-03T05:30:00+08:00,18.457966202145382,3,1.0000000000000009,dow,11,74.95,74.25,75.67,4,Developing,-2.65,-3.5
2026-10-03,05:55:00,62153,82.0,Y,2026-10-03T05:30:00+08:00,17.36531768270412,3,1.0,dow,11,64.67,64.23,65.0,4,Developing,17.33,26.8
2026-10-03,05:55:00,62192,78.3,Y,2026-10-03T05:30:00+08:00,15.305489112110372,3,1.0,dow,11,86.05,84.75,87.32,4,Developing,-7.75,-9.0
2026-10-03,05:55:00,62201,88.0,Y,2026-10-03T05:30:00+08:00,11.39374004363042,3,1.0,dow,11,86.85,84.88,88.0,4,Developing,1.15,1.3
2026-10-03,05:55:00,62291,62.8,Y,2026-10-03T05:30:00+08:00,16.786855875380375,3,1.0000000000000009,dow,11,69.35,69.2,70.91,4,Developing,-6.55,-9.4
2026-10-03,05:55:00,62599,88.0,Y,2026-10-03T05:30:00+08:00,11.134092930490242,3,1.0,dow,11,88.0,88.0,88.0,4,Developing,0.0,0.0
2026-10-03,05:55:00,62715,59.3,Y,2026-10-03T05:30:00+08:00,18.49661231454512,3,0.9999999999999991,dow,11,62.25,61.69,63.03,4,Developing,-2.95,-4.7
2026-10-03,05:55:00,62811,67.2,Y,2026-10-03T05:30:00+08:00,16.490832261295857,3,1.0,dow,11,73.78,72.99,75.72,4,Developing,-6.58,-8.9
2026-10-03,05:55:00,62815,73.7,Y,2026-10-03T05:30:00+08:00,15.838978128502438,3,1.0,dow,11,80.45,79.16,81.81,4,Developing,-6.75,-8.4
2026-10-03,05:55:00,62829,87.3,Y,2026-10-03T05:30:00+08:00,17.077526200960758,3,0.9999999999999991,dow,11,85.35,84.62,85.72,4,Developing,1.95,2.3
2026-10-03,05:55:00,62870,56.0,Y,2026-10-03T05:30:00+08:00,17.3864526458894,3,1.0000000000000009,dow,11,54.83,54.6,55.04,4,Developing,1.17,2.1
2026-10-03,05:55:00,62954,88.0,Y,2026-10-03T05:30:00+08:00,16.786171241506082,3,0.9999999999999999,dow,11,88.0,87.54,88.0,4,Developing,0.0,0.0
2026-10-03,05:55:00,62955,75.4,Y,2026-10-03T05:30:00+08:00,14.826355502659522,3,0.9999999999999991,dow,11,72.9,72.15,73.94,4,Developing,2.5,3.4
2026-10-03,05:55:00,63022,73.0,Y,2026-10-03T05:30:00+08:00,11.303936944380755,3,1.0,dow,11,72.1,71.9,72.4,4,Developing,0.9,1.2
2026-10-03,05:55:00,63044,75.2,Y,2026-10-03T05:30:00+08:00,17.623469667337645,3,1.0,dow,11,65.15,63.66,65.8,4,Developing,10.05,15.4
2026-10-03,05:55:00,63723,43.2,Y,2026-10-03T05:30:00+08:00,16.7542545641745,3,1.0,dow,11,46.25,45.05,48.2,4,Developing,-3.05,-6.6
2026-10-03,05:55:00,64203,49.2,Y,2026-10-03T05:30:00+08:00,18.709323724438146,3,1.0000000000000004,dow,11,50.53,49.51,50.84,4,Developing,-1.33,-2.6
2026-10-03,05:55:00,64204,50.2,Y,2026-10-03T05:30:00+08:00,18.733597196275152,3,0.9999999999999999,dow,11,53.55,48.34,60.6,4,Developing,-3.35,-6.3
2026-10-03,05:55:00,64205,68.8,Y,2026-10-03T05:30:00+08:00,19.273252289684695,3,0.9999999999999996,dow,11,67.33,66.64,67.48,4,Developing,1.47,2.2
2026-10-03,05:55:00,64206,53.2,Y,2026-10-03T05:30:00+08:00,19.358748810564283,3,1.0000000000000007,dow,11,67.75,65.5,69.97,4,Developing,-14.55,-21.5
2026-10-03,05:55:00,64427,65.2,Y,2026-10-03T05:30:00+08:00,16.79890896705582,3,1.0,dow,11,68.8,68.64,69.03,4,Developing,-3.6,-5.2
2026-10-03,05:55:00,64502,67.0,Y,2026-10-03T05:30:00+08:00,20.248480595330715,3,1.0,dow,11,64.25,63.03,65.34,4,Developing,2.75,4.3
2026-10-03,05:55:00,64587,88.0,Y,2026-10-03T05:30:00+08:00,11.483554444788377,3,1.0,dow,11,87.05,85.26,88.0,4,Developing,0.95,1.1
2026-10-03,05:55:00,707,54.7,Y,2026-10-03T05:30:00+08:00,15.793642168031568,3,1.0,dow,11,56.67,55.94,58.05,4,Developing,-1.97,-3.5
2026-10-03,05:55:00,725,49.4,Y,2026-10-03T05:30:00+08:00,16.979804699972956,3,0.9999999999999998,dow,11,51.75,48.08,56.3,4,Developing,-2.35,-4.5
2026-10-03,05:55:00,770,50.3,Y,2026-10-03T05:30:00+08:00,18.629618979206615,3,0.9999999999999996,dow,11,53.83,48.51,60.96,4,Developing,-3.53,-6.6
2026-10-03,05:55:00,110548,80.0,Y,2026-10-03T05:30:00+08:00,0.0,3,1.0,dow,11,55.75,51.25,58.62,4,Developing,24.25,43.5
2026-10-03,05:55:00,110549,71.8,Y,2026-10-03T05:30:00+08:00,0.0,3,1.0,dow,11,72.7,71.65,73.95,4,Developing,-0.9,-1.2
2026-10-03,05:55:00,110839,83.1,Y,2026-10-03T05:30:00+08:00,0.0,3,1.0,dow,11,77.18,74.96,78.85,4,Developing,5.92,7.7
2026-10-03,05:55:00,110852,82.5,Y,2026-10-03T05:30:00+08:00,0.0,3,1.0000000000000009,dow,11,77.42,76.01,78.44,4,Developing,5.08,6.6
2026-10-03,05:55:00,111684,79.0,Y,2026-10-03T05:30:00+08:00,0.0,3,1.0,dow,11,78.65,76.75,80.32,4,Developing,0.35,0.4
2026-10-03,05:55:00,111685,58.7,Y,2026-10-03T05:30:00+08:00,0.0,3,1.0,dow,11,64.22,62.42,66.34,4,Developing,-5.52,-8.6
2026-10-03,05:55:00,111766,84.3,Y,2026-10-03T05:30:00+08:00,0.0,3,1.0,dow,11,88.0,86.39,88.0,4,Developing,-3.7,-4.2
2026-10-03,05:55:00,111769,75.9,Y,2026-10-03T05:30:00+08:00,0.0,3,1.000000000000001,dow,11,85.35,81.64,86.69,4,Developing,-9.45,-11.1
2026-10-03,05:55:00,111770,79.4,Y,2026-10-03T05:30:00+08:00,0.0,3,0.9999999999999999,dow,11,84.45,81.55,87.29,4,Developing,-5.05,-6.0
2026-10-03,05:55:00,111776,98.2,Y,2026-10-03T05:30:00+08:00,0.0,3,1.0,dow,11,79.3,74.8,83.7,4,Developing,18.9,23.8
2026-10-03,05:55:00,111777,56.0,Y,2026-10-03T05:30:00+08:00,0.0,3,1.0000000000000009,dow,11,69.1,63.41,72.78,4,Developing,-13.1,-19.0
2026-10-03,05:55:00,111778,63.5,Y,2026-10-03T05:30:00+08:00,0.0,3,1.0,dow,11,65.2,61.64,67.15,4,Developing,-1.7,-2.6
2026-10-03,05:55:00,118642,69.1,Y,2026-10-03T05:30:00+08:00,0.0,3,1.0,dow,11,75.8,74.04,76.22,4,Developing,-6.7,-8.8
2026-10-03,05:55:00,163685,5.3,Y,2026-10-03T05:30:00+08:00,0.0,3,0.9999999999999999,dow,11,12.55,9.9,15.7,4,Developing,-7.25,-57.8
2026-10-03,05:55:00,163696,26.2,Y,2026-10-03T05:30:00+08:00,0.0,3,0.9999999999999989,dow,11,25.55,22.3,28.93,4,Developing,0.65,2.5
2026-10-03,05:55:00,163697,24.1,Y,2026-10-03T05:30:00+08:00,0.0,3,1.0,dow,11,32.2,28.52,34.49,4,Developing,-8.1,-25.2
2026-10-03,05:55:00,279790,64.6,Y,2026-10-03T05:30:00+08:00,0.0,3,1.0,dow,11,55.05,51.56,59.23,4,Developing,9.55,17.3
2026-10-03,05:55:00,279791,63.1,Y,2026-10-03T05:30:00+08:00,0.0,3,1.0,dow,11,64.43,61.43,65.59,4,Developing,-1.33,-2.1
2026-10-03,05:55:00,279792,49.4,Y,2026-10-03T05:30:00+08:00,0.0,3,1.0,dow,11,56.85,53.2,60.62,4,Developing,-7.45,-13.1
2026-10-03,05:55:00,279793,47.9,Y,2026-10-03T05:30:00+08:00,0.0,3,1.0000000000000009,dow,11,55.8,54.49,57.51,4,Developing,-7.9,-14.2
2026-10-03,05:55:00,279794,60.6,Y,2026-10-03T05:30:00+08:00,0.0,3,1.0,dow,11,66.28,64.29,69.71,4,Developing,-5.68,-8.6
2026-10-03,05:55:00,279803,63.1,Y,2026-10-03T05:30:00+08:00,0.0,3,1.0,dow,11,68.0,67.06,69.84,4,Developing,-4.9,-7.2
2026-10-03,05:55:00,279804,82.9,Y,2026-10-03T05:30:00+08:00,0.0,3,1.0,dow,11,88.0,85.76,88.0,4,Developing,-5.1,-5.8
2026-10-03,05:55:00,279805,72.6,Y,2026-10-03T05:30:00+08:00,0.0,3,1.0,dow,11,80.5,76.75,83.05,4,Developing,-7.9,-9.8
2026-10-03,05:55:00,279806,73.7,Y,2026-10-03T05:30:00+08:00,0.0,3,1.0,dow,11,79.53,76.42,79.75,4,Developing,-5.83,-7.3
2026-10-03,05:55:00,279807,77.3,Y,2026-10-03T05:30:00+08:00,0.0,3,0.9999999999999989,dow,11,80.15,77.49,81.15,4,Developing,-2.85,-3.6
2026-10-03,05:55:00,279808,82.7,Y,2026-10-03T05:30:00+08:00,0.0,3,0.9999999999999991,dow,11,82.95,80.31,85.45,4,Developing,-0.25,-0.3
2026-10-03,05:55:00,279823,50.4,Y,2026-10-03T05:30:00+08:00,0.0,3,1.0,dow,11,62.98,61.31,63.3,4,Developing,-12.58,-20.0
2026-10-03,05:55:00,279824,67.4,Y,2026-10-03T05:30:00+08:00,0.0,3,1.0,dow,11,83.8,82.4,85.4,4,Developing,-16.4,-19.6
2026-10-03,05:55:00,279825,80.1,Y,2026-10-03T05:30:00+08:00,0.0,3,1.0,dow,11,85.83,84.49,88.0,4,Developing,-5.73,-6.7
2026-10-03,05:55:00,279826,75.1,Y,2026-10-03T05:30:00+08:00,0.0,3,0.9999999999999999,dow,11,81.8,79.72,84.22,4,Developing,-6.7,-8.2
2026-10-03,05:55:00,279827,69.1,Y,2026-10-03T05:30:00+08:00,0.0,3,1.0,dow,11,89.38,86.88,89.94,4,Developing,-20.28,-22.7
2026-10-03,05:55:00,279828,87.2,Y,2026-10-03T05:30:00+08:00,0.0,3,1.0,dow,11,89.05,86.45,91.76,4,Developing,-1.85,-2.1
2026-10-03,05:55:00,279829,81.3,Y,2026-10-03T05:30:00+08:00,0.0,3,1.0,dow,11,83.4,77.07,85.83,4,Developing,-2.1,-2.5
2026-10-03,05:55:00,279830,110.0,Y,2026-10-03T05:30:00+08:00,0.0,3,1.0,dow,11,81.6,77.4,88.91,4,Developing,28.4,34.8
2026-10-03,05:55:00,279831,110.0,Y,2026-10-03T05:30:00+08:00,0.0,3,0.9999999999999999,dow,11,89.8,84.89,96.43,4,Developing,20.2,22.5
2026-10-03,05:55:00,279832,110.0,Y,2026-10-03T05:30:00+08:00,0.0,3,0.9999999999999991,dow,11,83.75,80.72,88.1,4,Developing,26.25,31.3
2026-10-03,05:55:00,279833,110.0,Y,2026-10-03T05:30:00+08:00,0.0,3,1.0,dow,11,85.15,81.62,88.58,4,Developing,24.85,29.2
2026-10-03,05:55:00,279834,110.0,Y,2026-10-03T05:30:00+08:00,0.0,3,0.9999999999999991,dow,11,87.5,85.42,94.3,4,Developing,22.5,25.7
2026-10-03,05:55:00,100439,67.0,Y,2026-10-03T05:30:00+08:00,20.627790298254205,3,1.000000000000001,dow,11,69.5,66.75,73.25,4,Developing,-2.5,-3.6
2026-10-03,05:55:00,100446,69.0,Y,2026-10-03T05:30:00+08:00,20.67754831244272,3,1.0000000000000009,dow,11,67.5,66.25,68.25,4,Developing,1.5,2.2
2026-10-03,05:55:00,100525,60.0,Y,2026-10-03T05:30:00+08:00,20.730986160284264,3,1.0,dow,11,62.25,61.0,64.38,4,Developing,-2.25,-3.6
2026-10-03,05:55:00,101393,67.0,Y,2026-10-03T05:30:00+08:00,20.92482256374584,3,1.0,dow,11,69.5,66.75,73.25,4,Developing,-2.5,-3.6
2026-10-03,05:55:00,101478,69.0,Y,2026-10-03T05:30:00+08:00,21.010728368421645,3,1.0,dow,11,67.5,66.25,68.25,4,Developing,1.5,2.2
2026-10-03,05:55:00,101479,39.0,Y,2026-10-03T05:30:00+08:00,21.31703692166599,3,1.0,dow,11,42.0,39.75,44.75,4,Developing,-3.0,-7.1
2026-10-03,05:55:00,101644,39.0,Y,2026-10-03T05:30:00+08:00,21.739126609348354,3,1.0,dow,11,42.0,39.75,44.75,4,Developing,-3.0,-7.1
2026-10-03,05:55:00,101645,65.0,Y,2026-10-03T05:30:00+08:00,21.426242173178284,3,1.0000000000000009,dow,11,61.5,58.5,63.75,4,Developing,3.5,5.7
2026-10-03,05:55:00,101734,66.0,Y,2026-10-03T05:30:00+08:00,20.345407202092165,3,1.0,dow,11,60.75,58.88,64.75,4,Developing,5.25,8.6
2026-10-03,05:55:00,101735,64.0,Y,2026-10-03T05:30:00+08:00,20.33022120108068,3,1.0,dow,11,61.0,60.75,63.0,4,Developing,3.0,4.9
2026-10-03,05:55:00,101798,65.5,Y,2026-10-03T05:30:00+08:00,21.930062347423465,3,0.9999999999999999,dow,11,68.75,68.44,69.06,4,Developing,-3.25,-4.7
2026-10-03,05:55:00,101799,77.0,Y,2026-10-03T05:30:00+08:00,21.937469422790368,3,1.0,dow,11,75.35,72.26,76.33,4,Developing,1.65,2.2
2026-10-03,05:55:00,101800,59.0,Y,2026-10-03T05:30:00+08:00,21.921266127503408,3,1.0,dow,11,65.6,65.26,66.03,4,Developing,-6.6,-10.1
2026-10-03,05:55:00,101801,74.2,Y,2026-10-03T05:30:00+08:00,21.878741738683768,3,1.0,dow,11,73.3,72.9,74.0,4,Developing,0.9,1.2
2026-10-03,05:55:00,101805,75.3,Y,2026-10-03T05:30:00+08:00,21.640297779875112,3,1.0,dow,11,74.8,72.69,74.95,4,Developing,0.5,0.7
2026-10-03,05:55:00,101806,60.1,Y,2026-10-03T05:30:00+08:00,21.654426787273813,3,1.0,dow,11,74.9,73.49,75.45,4,Developing,-14.8,-19.8
2026-10-03,05:55:00,101807,81.4,Y,2026-10-03T05:30:00+08:00,21.739660880478667,3,1.0,dow,11,79.88,76.79,81.15,4,Developing,1.52,1.9
2026-10-03,05:55:00,101808,60.2,Y,2026-10-03T05:30:00+08:00,21.764703000702106,3,1.0,dow,11,78.05,76.83,78.5,4,Developing,-17.85,-22.9
2026-10-03,05:55:00,101813,71.3,Y,2026-10-03T05:30:00+08:00,21.896427605958575,3,1.0000000000000009,dow,11,64.45,64.38,65.24,4,Developing,6.85,10.6
2026-10-03,05:55:00,101816,73.9,Y,2026-10-03T05:30:00+08:00,21.856137722327176,3,1.0,dow,11,73.43,73.04,74.08,4,Developing,0.47,0.6
2026-10-03,05:55:00,101817,73.7,Y,2026-10-03T05:30:00+08:00,21.838040685573944,3,1.0,dow,11,73.55,73.17,74.16,4,Developing,0.15,0.2
2026-10-03,05:55:00,101818,71.5,Y,2026-10-03T05:30:00+08:00,21.71053256356616,3,1.0,dow,11,75.03,74.42,75.39,4,Developing,-3.53,-4.7
2026-10-03,05:55:00,101819,73.7,Y,2026-10-03T05:30:00+08:00,21.67232245258427,3,1.000000000000001,dow,11,70.25,70.0,70.72,4,Developing,3.45,4.9
2026-10-03,05:55:00,101820,73.4,Y,2026-10-03T05:30:00+08:00,21.839473636708075,3,0.9999999999999991,dow,11,70.05,70.0,70.34,4,Developing,3.35,4.8
2026-10-03,05:55:00,101921,67.5,Y,2026-10-03T05:30:00+08:00,21.402266176163536,3,1.0,dow,11,75.0,74.75,75.25,4,Developing,-7.5,-10.0
2026-10-03,05:55:00,101922,77.9,Y,2026-10-03T05:30:00+08:00,21.386355679289686,3,1.0,dow,11,75.15,73.2,76.16,4,Developing,2.75,3.7
2026-10-03,05:55:00,102960,68.7,Y,2026-10-03T05:30:00+08:00,20.9527525367467,3,0.999999999999999,dow,11,67.78,67.49,67.99,4,Developing,0.92,1.4
2026-10-03,05:55:00,103280,77.0,Y,2026-10-03T05:30:00+08:00,22.571334628130657,3,1.000000000000001,dow,11,75.5,75.0,76.25,4,Developing,1.5,2.0
2026-10-03,05:55:00,103326,64.8,Y,2026-10-03T05:30:00+08:00,22.56086131413243,3,1.0,dow,11,66.22,64.86,69.5,4,Developing,-1.42,-2.1
2026-10-03,05:55:00,103496,68.7,Y,2026-10-03T05:30:00+08:00,21.21748403686113,3,1.0,dow,11,67.78,67.49,67.99,4,Developing,0.92,1.4
2026-10-03,05:55:00,103497,43.3,Y,2026-10-03T05:30:00+08:00,21.182797708936253,3,0.999999999999999,dow,11,74.7,71.6,75.72,4,Developing,-31.4,-42.0
2026-10-03,05:55:00,103498,56.3,Y,2026-10-03T05:30:00+08:00,21.183644990675578,3,0.999999999999999,dow,11,57.38,56.86,58.91,4,Developing,-1.08,-1.9
2026-10-03,05:55:00,103499,56.3,Y,2026-10-03T05:30:00+08:00,20.949501903319817,3,1.0,dow,11,57.38,56.86,58.91,4,Developing,-1.08,-1.9
2026-10-03,05:55:00,103500,53.4,Y,2026-10-03T05:30:00+08:00,20.8843706163389,3,1.0,dow,11,58.88,58.12,60.09,4,Developing,-5.48,-9.3
2026-10-03,05:55:00,103504,58.5,Y,2026-10-03T05:30:00+08:00,19.850048995540387,3,1.0,dow,11,70.3,69.08,71.38,4,Developing,-11.8,-16.8
2026-10-03,05:55:00,103695,61.2,Y,2026-10-03T05:30:00+08:00,20.68584922660795,3,1.0,dow,11,61.9,61.06,62.6,4,Developing,-0.7,-1.1
2026-10-03,05:55:00,103697,71.0,Y,2026-10-03T05:30:00+08:00,19.633569231101532,3,1.0,dow,11,70.62,68.34,71.5,4,Developing,0.38,0.5
2026-10-03,05:55:00,103699,57.9,Y,2026-10-03T05:30:00+08:00,20.715094073847414,3,1.0,dow,11,73.7,73.35,74.4,4,Developing,-15.8,-21.4
2026-10-03,05:55:00,103700,73.9,Y,2026-10-03T05:30:00+08:00,20.733451934262682,3,1.0,dow,11,71.9,70.5,73.47,4,Developing,2.0,2.8
2026-10-03,05:55:00,103701,64.8,Y,2026-10-03T05:30:00+08:00,20.785401090374123,3,1.0,dow,11,75.38,74.64,76.18,4,Developing,-10.58,-14.0
2026-10-03,05:55:00,103703,75.6,Y,2026-10-03T05:30:00+08:00,20.84983956620351,3,1.0000000000000009,dow,11,85.0,81.89,87.1,4,Developing,-9.4,-11.1
2026-10-03,05:55:00,103705,66.6,Y,2026-10-03T05:30:00+08:00,21.518990306944765,3,1.0,dow,11,71.08,70.34,71.7,4,Developing,-4.48,-6.3
2026-10-03,05:55:00,103706,80.0,Y,2026-10-03T05:30:00+08:00,21.416161037411236,3,1.0,dow,11,80.88,78.21,82.24,4,Developing,-0.88,-1.1
2026-10-03,05:55:00,103707,62.8,Y,2026-10-03T05:30:00+08:00,20.807335872140236,3,1.0,dow,11,81.3,80.2,82.3,4,Developing,-18.5,-22.8
2026-10-03,05:55:00,103708,69.6,Y,2026-10-03T05:30:00+08:00,21.112352192460143,3,1.0,dow,11,76.6,75.67,77.0,4,Developing,-7.0,-9.1
2026-10-03,05:55:00,103709,68.7,Y,2026-10-03T05:30:00+08:00,21.040173030060956,3,1.0000000000000009,dow,11,67.78,67.49,67.99,4,Developing,0.92,1.4
2026-10-03,05:55:00,103710,59.6,Y,2026-10-03T05:30:00+08:00,20.808656821305025,3,0.9999999999999999,dow,11,75.17,72.15,75.8,4,Developing,-15.57,-20.7
2026-10-03,05:55:00,103711,56.3,Y,2026-10-03T05:30:00+08:00,21.061274395742508,3,1.0,dow,11,57.38,56.86,58.91,4,Developing,-1.08,-1.9
2026-10-03,05:55:00,103712,53.4,Y,2026-10-03T05:30:00+08:00,20.784624276683815,3,1.0000000000000009,dow,11,58.88,58.12,60.09,4,Developing,-5.48,-9.3
2026-10-03,05:55:00,103716,58.5,Y,2026-10-03T05:30:00+08:00,20.76800359302958,3,0.9999999999999999,dow,11,70.3,69.08,71.38,4,Developing,-11.8,-16.8
2026-10-03,05:55:00,103719,74.3,Y,2026-10-03T05:30:00+08:00,21.180116400965048,3,1.0,dow,11,66.58,65.93,67.19,4,Developing,7.72,11.6
2026-10-03,05:55:00,119277,67.0,Y,2026-10-03T05:30:00+08:00,21.22784470408485,3,1.0000000000000009,dow,11,69.5,66.75,73.25,4,Developing,-2.5,-3.6
2026-10-03,05:55:00,1643,59.0,Y,2026-10-03T05:30:00+08:00,20.32489209913159,3,1.0000000000000009,dow,11,69.75,69.38,73.83,4,Developing,-10.75,-15.4
2026-10-03,05:55:00,1860,59.0,Y,2026-10-03T05:30:00+08:00,20.170613847582715,3,1.0,dow,11,69.75,69.38,73.83,4,Developing,-10.75,-15.4
2026-10-03,05:55:00,1912,64.0,Y,2026-10-03T05:30:00+08:00,20.320627905496323,3,1.0,dow,11,61.0,60.75,63.0,4,Developing,3.0,4.9
2026-10-03,05:55:00,1950,66.0,Y,2026-10-03T05:30:00+08:00,20.19311701234119,3,1.0,dow,11,64.58,64.22,65.76,4,Developing,1.42,2.2
2026-10-03,05:55:00,2142,66.0,Y,2026-10-03T05:30:00+08:00,20.323439250840902,3,1.0,dow,11,60.75,59.25,64.75,4,Developing,5.25,8.6
2026-10-03,05:55:00,2436,59.0,Y,2026-10-03T05:30:00+08:00,20.22875707745978,3,1.0,dow,11,69.75,69.38,73.83,4,Developing,-10.75,-15.4
2026-10-03,05:55:00,261309,77.0,Y,2026-10-03T05:30:00+08:00,16.282528833061967,3,0.9999999999999991,dow,11,75.5,75.0,76.25,4,Developing,1.5,2.0
2026-10-03,05:55:00,261311,65.0,Y,2026-10-03T05:30:00+08:00,16.4353927953647,3,1.0,dow,11,66.25,64.88,69.5,4,Developing,-1.25,-1.9
2026-10-03,05:55:00,261312,65.0,Y,2026-10-03T05:30:00+08:00,16.2489092084254,3,1.0,dow,11,66.25,64.88,69.5,4,Developing,-1.25,-1.9
2026-10-03,05:55:00,261326,67.0,Y,2026-10-03T05:30:00+08:00,20.5745295753605,3,1.0,dow,11,69.5,66.75,73.25,4,Developing,-2.5,-3.6
2026-10-03,05:55:00,261327,69.0,Y,2026-10-03T05:30:00+08:00,20.622958421478604,3,0.9999999999999999,dow,11,67.5,66.25,68.25,4,Developing,1.5,2.2
2026-10-03,05:55:00,279837,70.2,Y,2026-10-03T05:30:00+08:00,20.129453506840072,3,0.9999999999999991,dow,11,77.0,76.39,77.0,4,Developing,-6.8,-8.8
2026-10-03,05:55:00,279838,68.0,Y,2026-10-03T05:30:00+08:00,19.902793177918266,3,0.9999999999999999,dow,11,73.95,70.51,75.65,4,Developing,-5.95,-8.0
2026-10-03,05:55:00,279839,75.3,Y,2026-10-03T05:30:00+08:00,21.791808304365485,3,1.000000000000001,dow,11,77.78,75.0,78.9,4,Developing,-2.48,-3.2
2026-10-03,05:55:00,279840,81.0,Y,2026-10-03T05:30:00+08:00,21.804177371081867,3,1.0,dow,11,79.4,76.2,79.95,4,Developing,1.6,2.0
2026-10-03,05:55:00,279841,65.5,Y,2026-10-03T05:30:00+08:00,21.715977209728187,3,1.0,dow,11,77.93,76.98,78.29,4,Developing,-12.43,-16.0
2026-10-03,05:55:00,279842,63.8,Y,2026-10-03T05:30:00+08:00,21.763512154060496,3,0.9999999999999997,dow,11,74.82,73.95,76.34,4,Developing,-11.02,-14.7
2026-10-03,05:55:00,279843,58.1,Y,2026-10-03T05:30:00+08:00,19.735978427278354,3,1.000000000000001,dow,11,77.0,76.33,77.0,4,Developing,-18.9,-24.5
2026-10-03,05:55:00,279844,63.5,Y,2026-10-03T05:30:00+08:00,20.13584610012544,3,1.0,dow,11,81.28,80.08,81.97,4,Developing,-17.78,-21.9
2026-10-03,05:55:00,279845,62.9,Y,2026-10-03T05:30:00+08:00,21.34866160753103,3,1.0,dow,11,78.97,77.61,80.36,4,Developing,-16.07,-20.3
2026-10-03,05:55:00,2833,66.0,Y,2026-10-03T05:30:00+08:00,20.188875195548775,3,1.0,dow,11,64.58,64.22,65.76,4,Developing,1.42,2.2
2026-10-03,05:55:00,285290,75.5,Y,2026-10-03T05:30:00+08:00,16.430524646194876,3,1.0,dow,11,87.17,85.5,88.28,4,Developing,-11.67,-13.4
2026-10-03,05:55:00,3865,66.0,Y,2026-10-03T05:30:00+08:00,20.151163649482214,3,1.000000000000001,dow,11,64.58,64.22,65.76,4,Developing,1.42,2.2
2026-10-03,05:55:00,4595,66.0,Y,2026-10-03T05:30:00+08:00,20.177558748368178,3,1.0,dow,11,64.58,64.22,65.76,4,Developing,1.42,2.2
2026-10-03,05:55:00,4606,64.0,Y,2026-10-03T05:30:00+08:00,20.18876522836922,3,1.0,dow,11,61.0,60.75,63.0,4,Developing,3.0,4.9
2026-10-03,05:55:00,4647,66.0,Y,2026-10-03T05:30:00+08:00,20.212934004385612,3,1.0,dow,11,60.75,58.88,64.75,4,Developing,5.25,8.6
2026-10-03,05:55:00,489,66.0,Y,2026-10-03T05:30:00+08:00,20.17131617627257,3,1.0,dow,11,60.75,58.88,64.75,4,Developing,5.25,8.6
2026-10-03,05:55:00,491,66.0,Y,2026-10-03T05:30:00+08:00,20.335908225831997,3,1.0,dow,11,60.75,58.88,64.75,4,Developing,5.25,8.6
2026-10-03,05:55:00,5043,64.0,Y,2026-10-03T05:30:00+08:00,20.266684629123063,3,1.0,dow,11,61.0,60.75,63.0,4,Developing,3.0,4.9
2026-10-03,05:55:00,5066,66.0,Y,2026-10-03T05:30:00+08:00,20.28078544911417,3,1.0,dow,11,60.75,58.88,64.75,4,Developing,5.25,8.6
2026-10-03,05:55:00,524,59.0,Y,2026-10-03T05:30:00+08:00,20.159724981284064,3,1.0,dow,11,69.75,69.38,73.83,4,Developing,-10.75,-15.4
2026-10-03,05:55:00,532,66.0,Y,2026-10-03T05:30:00+08:00,20.063347069930447,3,1.0,dow,11,64.58,64.22,65.76,4,Developing,1.42,2.2
2026-10-03,05:55:00,5701,57.0,Y,2026-10-03T05:30:00+08:00,20.15559072339663,3,1.0,dow,11,57.0,57.0,57.0,4,Developing,0.0,0.0
2026-10-03,05:55:00,60501,77.0,Y,2026-10-03T05:30:00+08:00,7.393889347548319,3,0.9999999999999999,dow,11,75.88,75.3,76.28,4,Developing,1.12,1.5
2026-10-03,05:55:00,60561,70.7,Y,2026-10-03T05:30:00+08:00,8.071018852872003,3,1.0,dow,11,62.95,62.45,63.65,4,Developing,7.75,12.3
2026-10-03,05:55:00,60566,66.8,Y,2026-10-03T05:30:00+08:00,11.584508135679892,3,1.0,dow,11,67.15,66.5,67.33,4,Developing,-0.35,-0.5
2026-10-03,05:55:00,60754,70.1,Y,2026-10-03T05:30:00+08:00,11.432594636821971,3,1.0000000000000009,dow,11,68.4,67.64,68.7,4,Developing,1.7,2.5
2026-10-03,05:55:00,60755,71.1,Y,2026-10-03T05:30:00+08:00,14.646410371432598,3,1.0,dow,11,76.12,75.76,77.06,4,Developing,-5.02,-6.6
2026-10-03,05:55:00,60802,70.8,Y,2026-10-03T05:30:00+08:00,8.596170689500822,3,1.0000000000000002,dow,11,69.1,68.26,69.44,4,Developing,1.7,2.5
2026-10-03,05:55:00,60996,70.8,Y,2026-10-03T05:30:00+08:00,15.53462428353084,3,0.999999999999999,dow,11,78.05,77.97,79.52,4,Developing,-7.25,-9.3
2026-10-03,05:55:00,61208,73.5,Y,2026-10-03T05:30:00+08:00,8.081547095832065,3,1.0000000000000009,dow,11,73.75,72.78,74.67,4,Developing,-0.25,-0.3
2026-10-03,05:55:00,61513,83.5,Y,2026-10-03T05:30:00+08:00,8.940486513242472,3,0.9999999999999999,dow,11,77.15,77.1,78.15,4,Developing,6.35,8.2
2026-10-03,05:55:00,61578,69.4,Y,2026-10-03T05:30:00+08:00,8.01518349936402,3,0.999999999999999,dow,11,70.03,68.42,70.91,4,Developing,-0.63,-0.9
2026-10-03,05:55:00,61677,67.2,Y,2026-10-03T05:30:00+08:00,15.880310656115192,3,1.0,dow,11,76.72,76.2,77.83,4,Developing,-9.52,-12.4
2026-10-03,05:55:00,61678,74.0,Y,2026-10-03T05:30:00+08:00,15.89179242630616,3,1.0,dow,11,76.25,75.62,77.12,4,Developing,-2.25,-3.0
2026-10-03,05:55:00,61786,57.7,Y,2026-10-03T05:30:00+08:00,11.671011343130434,3,1.0,dow,11,63.72,63.16,63.96,4,Developing,-6.02,-9.4
2026-10-03,05:55:00,61787,61.3,Y,2026-10-03T05:30:00+08:00,14.693783284764864,3,0.9999999999999999,dow,11,66.45,66.12,66.92,4,Developing,-5.15,-7.8
2026-10-03,05:55:00,61819,66.9,Y,2026-10-03T05:30:00+08:00,15.982047444648483,3,0.999999999999999,dow,11,76.62,76.05,77.6,4,Developing,-9.72,-12.7
2026-10-03,05:55:00,61823,77.0,Y,2026-10-03T05:30:00+08:00,16.49179126753435,3,1.0000000000000009,dow,11,75.5,75.0,76.25,4,Developing,1.5,2.0
2026-10-03,05:55:00,61840,71.1,Y,2026-10-03T05:30:00+08:00,10.95781017537292,3,0.999999999999999,dow,11,75.8,74.86,75.91,4,Developing,-4.7,-6.2
2026-10-03,05:55:00,61935,73.4,Y,2026-10-03T05:30:00+08:00,15.023866821397684,3,1.0,dow,11,78.05,76.68,79.58,4,Developing,-4.65,-6.0
2026-10-03,05:55:00,62039,70.4,Y,2026-10-03T05:30:00+08:00,15.36812201548757,3,1.0000000000000009,dow,11,73.97,73.11,74.53,4,Developing,-3.57,-4.8
2026-10-03,05:55:00,62122,71.1,Y,2026-10-03T05:30:00+08:00,11.666126765047187,3,0.9999999999999989,dow,11,75.8,74.86,75.91,4,Developing,-4.7,-6.2
2026-10-03,05:55:00,62146,65.5,Y,2026-10-03T05:30:00+08:00,16.122539133119517,3,1.0,dow,11,74.12,74.0,74.91,4,Developing,-8.62,-11.6
2026-10-03,05:55:00,62295,71.0,Y,2026-10-03T05:30:00+08:00,8.095673648590372,3,0.9999999999999989,dow,11,68.7,68.4,68.8,4,Developing,2.3,3.3
2026-10-03,05:55:00,62296,74.0,Y,2026-10-03T05:30:00+08:00,7.63703976200495,3,1.0,dow,11,77.85,76.62,78.9,4,Developing,-3.85,-4.9
2026-10-03,05:55:00,62297,68.7,Y,2026-10-03T05:30:00+08:00,7.827457179515165,3,1.0,dow,11,67.8,67.8,67.8,4,Developing,0.9,1.3
2026-10-03,05:55:00,62357,74.7,Y,2026-10-03T05:30:00+08:00,9.030410544710504,3,1.0,dow,11,74.8,74.64,74.99,4,Developing,-0.1,-0.1
2026-10-03,05:55:00,62502,85.8,Y,2026-10-03T05:30:00+08:00,10.85174537234636,3,0.9999999999999997,dow,11,80.55,80.42,80.62,4,Developing,5.25,6.5
2026-10-03,05:55:00,62557,75.2,Y,2026-10-03T05:30:00+08:00,8.51703300167265,3,1.0000000000000004,dow,11,75.0,75.0,75.08,4,Developing,0.2,0.3
2026-10-03,05:55:00,62608,68.6,Y,2026-10-03T05:30:00+08:00,11.574477979083616,3,1.0000000000000009,dow,11,73.95,71.95,75.0,4,Developing,-5.35,-7.2
2026-10-03,05:55:00,62610,73.9,Y,2026-10-03T05:30:00+08:00,7.875732306094518,3,1.0,dow,11,77.12,76.04,78.14,4,Developing,-3.22,-4.2
2026-10-03,05:55:00,62686,82.7,Y,2026-10-03T05:30:00+08:00,8.036588482338237,3,1.0000000000000009,dow,11,74.97,74.79,75.03,4,Developing,7.73,10.3
2026-10-03,05:55:00,62800,69.3,Y,2026-10-03T05:30:00+08:00,11.443567069572701,3,1.0,dow,11,74.5,72.97,75.25,4,Developing,-5.2,-7.0
2026-10-03,05:55:00,62803,58.8,Y,2026-10-03T05:30:00+08:00,11.752183649549503,3,1.0,dow,11,64.6,63.95,65.01,4,Developing,-5.8,-9.0
2026-10-03,05:55:00,62888,69.6,Y,2026-10-03T05:30:00+08:00,16.03107827568648,3,0.9999999999999999,dow,11,70.85,69.97,73.32,4,Developing,-1.25,-1.8
2026-10-03,05:55:00,62957,67.1,Y,2026-10-03T05:30:00+08:00,7.447818809449282,3,1.0000000000000009,dow,11,65.0,65.0,65.0,4,Developing,2.1,3.2
2026-10-03,05:55:00,732,64.0,Y,2026-10-03T05:30:00+08:00,20.322611476123555,3,1.0,dow,11,61.0,60.75,63.0,4,Developing,3.0,4.9
2026-10-03,05:55:00,817,63.0,Y,2026-10-03T05:30:00+08:00,20.164970597052314,3,1.0,dow,11,68.53,67.47,70.24,4,Developing,-5.53,-8.1
2026-10-03,05:55:00,1045,89.5,Y,2026-10-03T05:30:00+08:00,14.61099143149334,3,0.9999999999999991,dow,11,93.5,92.81,95.25,4,Developing,-4.0,-4.3
2026-10-03,05:55:00,105400,94.5,Y,2026-10-03T05:30:00+08:00,19.16358448272033,3,1.0,dow,11,98.18,97.86,98.34,4,Developing,-3.68,-3.7
2026-10-03,05:55:00,105401,92.9,Y,2026-10-03T05:30:00+08:00,18.662217400610295,3,1.0,dow,11,98.35,97.9,98.99,4,Developing,-5.45,-5.5
2026-10-03,05:55:00,105402,87.2,Y,2026-10-03T05:30:00+08:00,19.149629388665545,3,0.999999999999999,dow,11,96.3,95.44,97.04,4,Developing,-9.1,-9.4
2026-10-03,05:55:00,105595,84.6,Y,2026-10-03T05:30:00+08:00,18.40928672123266,3,1.0,dow,11,88.25,87.75,88.61,4,Developing,-3.65,-4.1
2026-10-03,05:55:00,105596,60.6,Y,2026-10-03T05:30:00+08:00,18.074020205508813,3,1.0,dow,11,67.47,66.75,67.81,4,Developing,-6.87,-10.2
2026-10-03,05:55:00,105993,61.1,Y,2026-10-03T05:30:00+08:00,17.82089570867921,3,1.0,dow,11,68.15,67.51,68.42,4,Developing,-7.05,-10.3
2026-10-03,05:55:00,105994,84.4,Y,2026-10-03T05:30:00+08:00,17.85715910983477,3,1.0,dow,11,88.1,87.56,88.51,4,Developing,-3.7,-4.2
2026-10-03,05:55:00,106147,87.2,Y,2026-10-03T05:30:00+08:00,18.654536995928616,3,0.9999999999999989,dow,11,96.2,95.22,96.9,4,Developing,-9.0,-9.4
2026-10-03,05:55:00,106148,93.3,Y,2026-10-03T05:30:00+08:00,18.74901840003438,3,1.0,dow,11,98.12,97.79,98.64,4,Developing,-4.82,-4.9
2026-10-03,05:55:00,106149,95.4,Y,2026-10-03T05:30:00+08:00,18.834529356784053,3,1.0,dow,11,98.03,96.42,99.48,4,Developing,-2.63,-2.7
2026-10-03,05:55:00,106150,87.1,Y,2026-10-03T05:30:00+08:00,18.737193863641295,3,1.0,dow,11,96.2,95.22,96.9,4,Developing,-9.1,-9.5
2026-10-03,05:55:00,106172,86.7,Y,2026-10-03T05:30:00+08:00,18.818941496311812,3,1.0,dow,11,96.1,95.15,96.81,4,Developing,-9.4,-9.8
2026-10-03,05:55:00,106501,93.3,Y,2026-10-03T05:30:00+08:00,20.16032942077894,3,1.0,dow,11,93.43,92.62,94.58,4,Developing,-0.13,-0.1
2026-10-03,05:55:00,106784,83.1,Y,2026-10-03T05:30:00+08:00,15.105143647350667,3,0.9999999999999991,dow,11,87.05,86.4,87.53,4,Developing,-3.95,-4.5
2026-10-03,05:55:00,106785,66.4,Y,2026-10-03T05:30:00+08:00,15.061702105025297,3,1.0,dow,11,76.35,75.61,77.24,4,Developing,-9.95,-13.0
2026-10-03,05:55:00,106824,91.8,Y,2026-10-03T05:30:00+08:00,19.12718411172107,3,1.0,dow,11,95.7,95.26,96.15,4,Developing,-3.9,-4.1
2026-10-03,05:55:00,106825,90.8,Y,2026-10-03T05:30:00+08:00,19.130086712891625,3,1.0,dow,11,94.9,94.15,95.39,4,Developing,-4.1,-4.3
2026-10-03,05:55:00,106921,69.1,Y,2026-10-03T05:30:00+08:00,18.99908326395214,3,0.999999999999999,dow,11,79.45,78.9,80.03,4,Developing,-10.35,-13.0
2026-10-03,05:55:00,106932,86.0,Y,2026-10-03T05:30:00+08:00,19.07487357956258,3,1.0,dow,11,89.35,88.96,89.62,4,Developing,-3.35,-3.7
2026-10-03,05:55:00,106933,79.8,Y,2026-10-03T05:30:00+08:00,20.63904520747685,3,1.0000000000000009,dow,11,86.15,85.84,86.71,4,Developing,-6.35,-7.4
2026-10-03,05:55:00,106939,83.8,Y,2026-10-03T05:30:00+08:00,20.592545736261716,3,1.0,dow,11,89.78,89.17,90.34,4,Developing,-5.98,-6.7
2026-10-03,05:55:00,106940,95.5,Y,2026-10-03T05:30:00+08:00,20.63282808066246,3,0.999999999999999,dow,11,96.1,95.49,96.45,4,Developing,-0.6,-0.6
2026-10-03,05:55:00,107161,94.0,Y,2026-10-03T05:30:00+08:00,19.830326603777756,3,0.999999999999999,dow,11,93.73,93.18,94.74,4,Developing,0.27,0.3
2026-10-03,05:55:00,107162,88.3,Y,2026-10-03T05:30:00+08:00,19.92789552297421,3,0.999999999999999,dow,11,94.82,94.36,95.62,4,Developing,-6.52,-6.9
2026-10-03,05:55:00,108980,85.3,Y,2026-10-03T05:30:00+08:00,16.732354249597236,3,0.999999999999999,dow,11,88.6,87.91,89.44,4,Developing,-3.3,-3.7
2026-10-03,05:55:00,108981,85.2,Y,2026-10-03T05:30:00+08:00,17.818308027447774,3,1.0,dow,11,89.12,88.76,89.58,4,Developing,-3.92,-4.4
2026-10-03,05:55:00,108982,92.1,Y,2026-10-03T05:30:00+08:00,17.134158485329444,3,1.0,dow,11,93.77,93.07,94.71,4,Developing,-1.67,-1.8
2026-10-03,05:55:00,108983,91.7,Y,2026-10-03T05:30:00+08:00,17.807662188476918,3,1.0,dow,11,95.1,94.84,95.91,4,Developing,-3.4,-3.6
2026-10-03,05:55:00,108995,87.0,Y,2026-10-03T05:30:00+08:00,0.289576077640236,3,1.0,dow,11,82.75,82.38,84.0,4,Developing,4.25,5.1
2026-10-03,05:55:00,108996,87.0,Y,2026-10-03T05:30:00+08:00,3.732222450418958,3,1.0,dow,11,82.75,82.38,84.0,4,Developing,4.25,5.1
2026-10-03,05:55:00,108997,79.0,Y,2026-10-03T05:30:00+08:00,3.0883217477781217,3,0.9999999999999991,dow,11,79.5,75.5,81.25,4,Developing,-0.5,-0.6
2026-10-03,05:55:00,110004,85.5,Y,2026-10-03T05:30:00+08:00,14.330295629437611,3,0.999999999999999,dow,11,86.9,86.8,87.2,4,Developing,-1.4,-1.6
2026-10-03,05:55:00,110005,85.9,Y,2026-10-03T05:30:00+08:00,14.644239856572218,3,1.0000000000000009,dow,11,86.65,86.5,86.95,4,Developing,-0.75,-0.9
2026-10-03,05:55:00,110006,92.1,Y,2026-10-03T05:30:00+08:00,14.345450300953782,3,1.0,dow,11,93.8,93.64,94.09,4,Developing,-1.7,-1.8
2026-10-03,05:55:00,110007,91.6,Y,2026-10-03T05:30:00+08:00,14.651213173235318,3,1.0,dow,11,93.25,92.88,93.72,4,Developing,-1.65,-1.8
2026-10-03,05:55:00,110009,85.1,Y,2026-10-03T05:30:00+08:00,13.979126610935332,3,1.0,dow,11,87.5,87.44,87.59,4,Developing,-2.4,-2.7
2026-10-03,05:55:00,110010,92.5,Y,2026-10-03T05:30:00+08:00,13.997695134447145,3,1.0,dow,11,94.58,94.11,95.14,4,Developing,-2.08,-2.2
2026-10-03,05:55:00,110012,86.9,Y,2026-10-03T05:30:00+08:00,15.425909798916418,3,1.0,dow,11,87.5,87.42,87.55,4,Developing,-0.6,-0.7
2026-10-03,05:55:00,110013,87.9,Y,2026-10-03T05:30:00+08:00,16.174493434262924,3,1.0000000000000009,dow,11,87.62,87.14,87.96,4,Developing,0.28,0.3
2026-10-03,05:55:00,110014,89.2,Y,2026-10-03T05:30:00+08:00,15.428781315326965,3,1.0,dow,11,91.47,91.01,91.75,4,Developing,-2.27,-2.5
2026-10-03,05:55:00,110015,90.5,Y,2026-10-03T05:30:00+08:00,16.17346839484752,3,1.0,dow,11,91.17,90.17,92.14,4,Developing,-0.67,-0.7
2026-10-03,05:55:00,112058,73.7,Y,2026-10-03T05:30:00+08:00,15.43834218504727,3,1.0000000000000009,dow,11,78.58,77.51,79.45,4,Developing,-4.88,-6.2
2026-10-03,05:55:00,112102,82.0,Y,2026-10-03T05:30:00+08:00,14.476918616416102,3,1.000000000000001,dow,11,79.75,79.52,80.73,4,Developing,2.25,2.8
2026-10-03,05:55:00,112103,90.9,Y,2026-10-03T05:30:00+08:00,16.367721088053962,3,1.0,dow,11,91.38,90.31,92.36,4,Developing,-0.48,-0.5
2026-10-03,05:55:00,112113,81.7,Y,2026-10-03T05:30:00+08:00,17.485126186982914,3,0.999999999999999,dow,11,86.15,85.74,86.73,4,Developing,-4.45,-5.2
2026-10-03,05:55:00,1494,67.1,Y,2026-10-03T05:30:00+08:00,14.601857219450086,3,1.0,dow,11,75.45,75.19,75.74,4,Developing,-8.35,-11.1
2026-10-03,05:55:00,163857,85.6,Y,2026-10-03T05:30:00+08:00,18.822495966211147,3,0.999999999999999,dow,11,89.05,88.65,89.33,4,Developing,-3.45,-3.9
2026-10-03,05:55:00,164149,87.0,Y,2026-10-03T05:30:00+08:00,3.8132250067296716,3,0.9999999999999989,dow,11,82.75,82.38,84.0,4,Developing,4.25,5.1
2026-10-03,05:55:00,164150,87.0,Y,2026-10-03T05:30:00+08:00,3.7855811995604824,3,1.0000000000000009,dow,11,82.75,82.38,84.0,4,Developing,4.25,5.1
2026-10-03,05:55:00,164151,79.0,Y,2026-10-03T05:30:00+08:00,3.787049265308697,3,1.0,dow,11,79.5,75.5,81.25,4,Developing,-0.5,-0.6
2026-10-03,05:55:00,164152,79.0,Y,2026-10-03T05:30:00+08:00,3.806298560620332,3,1.0000000000000009,dow,11,79.5,75.5,81.25,4,Developing,-0.5,-0.6
2026-10-03,05:55:00,164552,93.5,Y,2026-10-03T05:30:00+08:00,0.22916534250791876,3,1.000000000000001,dow,11,83.75,81.25,84.75,4,Developing,9.75,11.6
2026-10-03,05:55:00,1661,82.5,Y,2026-10-03T05:30:00+08:00,14.48632540008304,3,1.0,dow,11,82.92,82.01,83.62,4,Developing,-0.42,-0.5
2026-10-03,05:55:00,2122,67.3,Y,2026-10-03T05:30:00+08:00,14.602105314066197,3,1.0,dow,11,75.53,75.24,75.83,4,Developing,-8.23,-10.9
2026-10-03,05:55:00,2192,54.8,Y,2026-10-03T05:30:00+08:00,14.614879570231704,3,1.0,dow,11,61.15,60.17,61.85,4,Developing,-6.35,-10.4
2026-10-03,05:55:00,2364,39.1,Y,2026-10-03T05:30:00+08:00,14.633561715405005,3,1.0,dow,11,46.1,45.1,47.79,4,Developing,-7.0,-15.2
2026-10-03,05:55:00,2461,67.7,Y,2026-10-03T05:30:00+08:00,14.605452288229843,3,1.000000000000001,dow,11,75.65,75.4,75.93,4,Developing,-7.95,-10.5
2026-10-03,05:55:00,2485,65.8,Y,2026-10-03T05:30:00+08:00,14.516909045356446,3,0.999999999999999,dow,11,73.65,73.4,74.28,4,Developing,-7.85,-10.7
2026-10-03,05:55:00,2505,68.8,Y,2026-10-03T05:30:00+08:00,14.628463153579744,3,1.0,dow,11,78.2,76.86,80.55,4,Developing,-9.4,-12.0
2026-10-03,05:55:00,261287,80.3,Y,2026-10-03T05:30:00+08:00,0.230003210971614,3,1.0,dow,11,76.8,76.09,77.78,4,Developing,3.5,4.6
2026-10-03,05:55:00,261298,58.5,Y,2026-10-03T05:30:00+08:00,18.538915764879057,3,1.0,dow,11,68.52,68.41,68.7,4,Developing,-10.02,-14.6
2026-10-03,05:55:00,265804,91.8,Y,2026-10-03T05:30:00+08:00,19.550073274457038,3,1.0,dow,11,96.88,95.74,97.99,4,Developing,-5.08,-5.2
2026-10-03,05:55:00,267663,59.1,Y,2026-10-03T05:30:00+08:00,18.245294897768257,3,1.0000000000000009,dow,11,64.4,63.88,64.78,4,Developing,-5.3,-8.2
2026-10-03,05:55:00,279963,81.8,Y,2026-10-03T05:30:00+08:00,0.2054600776203508,3,1.000000000000001,dow,11,77.42,77.18,77.54,4,Developing,4.38,5.7
2026-10-03,05:55:00,279964,82.3,Y,2026-10-03T05:30:00+08:00,0.0,3,1.0,dow,11,82.1,81.08,83.33,4,Developing,0.2,0.2
2026-10-03,05:55:00,279966,83.0,Y,2026-10-03T05:30:00+08:00,0.0,3,1.0,dow,11,90.78,89.66,91.89,4,Developing,-7.78,-8.6
2026-10-03,05:55:00,279983,80.8,Y,2026-10-03T05:30:00+08:00,0.1833159708003962,3,0.999999999999999,dow,11,88.62,87.88,89.09,4,Developing,-7.82,-8.8
2026-10-03,05:55:00,2932,40.9,Y,2026-10-03T05:30:00+08:00,14.585892473349988,3,1.0000000000000009,dow,11,47.8,46.8,49.47,4,Developing,-6.9,-14.4
2026-10-03,05:55:00,3345,66.4,Y,2026-10-03T05:30:00+08:00,14.534632271524698,3,1.0000000000000009,dow,11,69.17,68.83,70.56,4,Developing,-2.77,-4.0
2026-10-03,05:55:00,3365,69.3,Y,2026-10-03T05:30:00+08:00,14.631780991848498,3,1.0,dow,11,78.75,77.89,79.56,4,Developing,-9.45,-12.0
2026-10-03,05:55:00,3594,66.8,Y,2026-10-03T05:30:00+08:00,14.620612030635865,3,1.0,dow,11,69.7,69.36,71.04,4,Developing,-2.9,-4.2
2026-10-03,05:55:00,3709,51.8,Y,2026-10-03T05:30:00+08:00,14.619965819399408,3,1.0,dow,11,51.8,51.76,51.82,4,Developing,0.0,0.0
2026-10-03,05:55:00,458,65.8,Y,2026-10-03T05:30:00+08:00,14.551594311236721,3,1.0,dow,11,68.83,68.5,70.14,4,Developing,-3.03,-4.4
2026-10-03,05:55:00,5134,65.4,Y,2026-10-03T05:30:00+08:00,14.502784861451493,3,1.0,dow,11,68.55,68.24,69.81,4,Developing,-3.15,-4.6
2026-10-03,05:55:00,5229,64.9,Y,2026-10-03T05:30:00+08:00,14.407295924951553,3,0.9999999999999999,dow,11,68.12,67.84,69.38,4,Developing,-3.22,-4.7
2026-10-03,05:55:00,7472,84.0,Y,2026-10-03T05:30:00+08:00,8.828858369271543,3,1.0,dow,11,84.0,84.0,84.0,4,Developing,0.0,0.0
2026-10-03,05:55:00,7480,84.0,Y,2026-10-03T05:30:00+08:00,9.705960567677224,3,0.9999999999999996,dow,11,84.0,84.0,84.0,4,Developing,0.0,0.0
2026-10-03,05:55:00,767,43.4,Y,2026-10-03T05:30:00+08:00,14.621251027563613,3,1.0,dow,11,49.65,47.72,50.99,4,Developing,-6.25,-12.6
2026-10-03,05:55:00,7711,83.6,Y,2026-10-03T05:30:00+08:00,10.911868578333795,3,1.0,dow,11,86.1,86.1,86.42,4,Developing,-2.5,-2.9
2026-10-03,05:55:00,7735,84.0,Y,2026-10-03T05:30:00+08:00,7.2287559351280875,3,0.9999999999999999,dow,11,84.0,84.0,84.0,4,Developing,0.0,0.0
2026-10-03,05:55:00,7804,82.0,Y,2026-10-03T05:30:00+08:00,10.384842529841052,3,0.9999999999999998,dow,11,81.12,81.0,81.38,4,Developing,0.88,1.1
2026-10-03,05:55:00,7805,83.0,Y,2026-10-03T05:30:00+08:00,9.161993024818685,3,1.0000000000000007,dow,11,83.5,83.38,83.62,4,Developing,-0.5,-0.6
2026-10-03,05:55:00,7811,84.0,Y,2026-10-03T05:30:00+08:00,10.737573138969866,3,0.9999999999999996,dow,11,84.0,84.0,84.0,4,Developing,0.0,0.0
2026-10-03,05:55:00,808,67.0,Y,2026-10-03T05:30:00+08:00,14.584572360462692,3,1.0,dow,11,75.43,75.14,75.73,4,Developing,-8.43,-11.2
2026-10-03,05:55:00,8090,84.0,Y,2026-10-03T05:30:00+08:00,7.4049154270659905,3,1.0,dow,11,84.0,84.0,84.0,4,Developing,0.0,0.0
2026-10-03,05:55:00,8109,83.0,Y,2026-10-03T05:30:00+08:00,8.832431052349088,3,1.0,dow,11,83.5,83.38,83.62,4,Developing,-0.5,-0.6
2026-10-03,05:55:00,8117,84.0,Y,2026-10-03T05:30:00+08:00,8.230605728920553,3,0.999999999999999,dow,11,84.0,84.0,84.0,4,Developing,0.0,0.0
2026-10-03,05:55:00,8118,82.0,Y,2026-10-03T05:30:00+08:00,10.921189406104514,3,0.9999999999999991,dow,11,81.12,81.0,81.38,4,Developing,0.88,1.1
2026-10-03,05:55:00,8310,82.0,Y,2026-10-03T05:30:00+08:00,9.592395444696642,3,1.0000000000000004,dow,11,81.12,81.0,81.38,4,Developing,0.88,1.1
2026-10-03,05:55:00,8340,84.0,Y,2026-10-03T05:30:00+08:00,10.368156557670002,3,1.0000000000000004,dow,11,84.0,84.0,84.0,4,Developing,0.0,0.0
2026-10-03,05:55:00,8370,80,N,2026-10-03T05:30:00+08:00,7.602911047853357,3,1.0,,,,,,,,,
2026-10-03,05:55:00,8383,83.0,Y,2026-10-03T05:30:00+08:00,7.682313232864356,3,1.0,dow,11,83.5,83.38,83.62,4,Developing,-0.5,-0.6
2026-10-03,05:55:00,8389,83.0,Y,2026-10-03T05:30:00+08:00,7.5312949673928005,3,1.0,dow,11,83.5,83.38,83.62,4,Developing,-0.5,-0.6
2026-10-03,05:55:00,8421,83.0,Y,2026-10-03T05:30:00+08:00,8.015021407579223,3,1.0,dow,11,83.5,83.38,83.62,4,Developing,-0.5,-0.6
2026-10-03,05:55:00,8428,84.0,Y,2026-10-03T05:30:00+08:00,8.075972696503767,3,0.999999999999999,dow,11,84.0,84.0,84.0,4,Developing,0.0,0.0
2026-10-03,05:55:00,8456,83.0,Y,2026-10-03T05:30:00+08:00,10.428929738241786,3,0.9999999999999991,dow,11,83.5,83.38,83.62,4,Developing,-0.5,-0.6
2026-10-03,05:55:00,8469,83.0,Y,2026-10-03T05:30:00+08:00,8.2240630131195,3,1.000000000000001,dow,11,83.5,83.38,83.62,4,Developing,-0.5,-0.6
2026-10-03,05:55:00,8669,83.5,Y,2026-10-03T05:30:00+08:00,10.326725295331448,3,1.0,dow,11,88.0,87.39,88.06,4,Developing,-4.5,-5.1
2026-10-03,05:55:00,8681,83.2,Y,2026-10-03T05:30:00+08:00,9.681218608756279,3,0.9999999999999996,dow,11,81.9,81.6,82.0,4,Developing,1.3,1.6
2026-10-03,05:55:00,8699,92.3,Y,2026-10-03T05:30:00+08:00,10.936857804090698,3,0.9999999999999999,dow,11,94.65,93.97,95.32,4,Developing,-2.35,-2.5
2026-10-03,05:55:00,8720,83.0,Y,2026-10-03T05:30:00+08:00,7.421986185918527,3,1.0,dow,11,83.5,83.38,83.62,4,Developing,-0.5,-0.6
2026-10-03,05:55:00,8722,82.4,Y,2026-10-03T05:30:00+08:00,6.961998817192387,3,0.999999999999999,dow,11,83.1,83.05,83.17,4,Developing,-0.7,-0.8
2026-10-03,05:55:00,8744,72.9,Y,2026-10-03T05:30:00+08:00,9.960714016766183,3,1.0,dow,11,73.2,73.2,73.38,4,Developing,-0.3,-0.4
2026-10-03,05:55:00,8769,84.0,Y,2026-10-03T05:30:00+08:00,8.255237442925827,3,0.999999999999999,dow,11,84.0,84.0,84.0,4,Developing,0.0,0.0
2026-10-03,05:55:00,8781,84.0,Y,2026-10-03T05:30:00+08:00,7.839646970785536,3,0.9999999999999989,dow,11,84.0,84.0,84.0,4,Developing,0.0,0.0
2026-10-03,05:55:00,8792,83.0,Y,2026-10-03T05:30:00+08:00,8.104276747974263,3,1.0,dow,11,83.5,83.38,83.62,4,Developing,-0.5,-0.6
2026-10-03,05:55:00,8814,83.0,Y,2026-10-03T05:30:00+08:00,7.303369336814983,3,1.0,dow,11,83.5,83.38,83.62,4,Developing,-0.5,-0.6
2026-10-03,05:55:00,93133,81.9,Y,2026-10-03T05:30:00+08:00,6.74779906862347,3,0.9999999999999989,dow,11,80.85,80.03,81.62,4,Developing,1.05,1.3
2026-10-03,05:55:00,93465,78.9,Y,2026-10-03T05:30:00+08:00,6.66550996811387,3,1.000000000000001,dow,11,80.3,79.73,80.43,4,Developing,-1.4,-1.7
2026-10-03,05:55:00,93491,73.3,Y,2026-10-03T05:30:00+08:00,0.29079840133892,3,1.0,dow,11,71.9,66.84,73.33,4,Developing,1.4,1.9
2026-10-03,05:55:00,93492,87.0,Y,2026-10-03T05:30:00+08:00,3.0874135216298026,3,0.9999999999999991,dow,11,82.75,82.38,84.0,4,Developing,4.25,5.1
2026-10-03,05:55:00,93516,95.1,Y,2026-10-03T05:30:00+08:00,0.0,3,1.0,dow,11,95.65,95.31,95.95,4,Developing,-0.55,-0.6
2026-10-03,05:55:00,93517,89.5,Y,2026-10-03T05:30:00+08:00,0.2055797362257722,3,0.999999999999999,dow,11,81.92,80.7,83.99,4,Developing,7.58,9.3
2026-10-03,05:55:00,93518,82.0,Y,2026-10-03T05:30:00+08:00,0.0,3,1.0,dow,11,80.25,79.65,81.03,4,Developing,1.75,2.2
2026-10-03,05:55:00,93565,80.1,Y,2026-10-03T05:30:00+08:00,0.237804039011671,3,1.0,dow,11,76.75,75.85,77.71,4,Developing,3.35,4.4
2026-10-03,05:55:00,93566,86.0,Y,2026-10-03T05:30:00+08:00,0.265328253023154,3,1.0,dow,11,81.38,80.84,82.42,4,Developing,4.62,5.7
2026-10-03,05:55:00,93567,77.7,Y,2026-10-03T05:30:00+08:00,0.264658318210479,3,1.0,dow,11,75.2,73.11,76.0,4,Developing,2.5,3.3
2026-10-03,05:55:00,93612,79.0,Y,2026-10-03T05:30:00+08:00,3.73298670381943,3,0.9999999999999991,dow,11,79.5,75.5,81.25,4,Developing,-0.5,-0.6
2026-10-03,05:55:00,93674,73.1,Y,2026-10-03T05:30:00+08:00,3.8404710414942973,3,1.0,dow,11,84.2,82.55,85.18,4,Developing,-11.1,-13.2
2026-10-03,05:55:00,93675,84.4,Y,2026-10-03T05:30:00+08:00,3.8479988443151307,3,0.999999999999999,dow,11,86.42,85.07,87.08,4,Developing,-2.02,-2.3
2026-10-03,05:55:00,93698,83.0,Y,2026-10-03T05:30:00+08:00,3.9349136466110526,3,1.0000000000000009,dow,11,83.2,82.35,83.78,4,Developing,-0.2,-0.2
2026-10-03,05:55:00,93801,66.0,Y,2026-10-03T05:30:00+08:00,3.9239036512351335,3,1.000000000000001,dow,11,72.1,71.09,72.99,4,Developing,-6.1,-8.5
2026-10-03,05:55:00,93802,86.0,Y,2026-10-03T05:30:00+08:00,3.9258587788232933,3,1.0,dow,11,82.0,80.94,84.0,4,Developing,4.0,4.9
2026-10-03,05:55:00,93851,80.9,Y,2026-10-03T05:30:00+08:00,6.099993208729842,3,1.0,dow,11,82.5,81.86,82.85,4,Developing,-1.6,-1.9
2026-10-03,05:55:00,9403,84.0,Y,2026-10-03T05:30:00+08:00,7.520108351823421,3,1.0,dow,11,84.0,84.0,84.0,4,Developing,0.0,0.0
2026-10-03,05:55:00,9450,84.0,Y,2026-10-03T05:30:00+08:00,9.159969009534002,3,1.0000000000000002,dow,11,84.0,84.0,84.0,4,Developing,0.0,0.0
2026-10-03,05:55:00,96035,84.0,Y,2026-10-03T05:30:00+08:00,6.831089997330087,3,1.0,dow,11,84.0,84.0,84.0,4,Developing,0.0,0.0
2026-10-03,05:55:00,9611,84.0,Y,2026-10-03T05:30:00+08:00,10.201304422308493,3,1.0000000000000007,dow,11,84.0,84.0,84.0,4,Developing,0.0,0.0
2026-10-03,05:55:00,96604,82.5,Y,2026-10-03T05:30:00+08:00,6.32062955534,3,1.0,dow,11,83.9,83.74,84.34,4,Developing,-1.4,-1.7
2026-10-03,05:55:00,96605,78.9,Y,2026-10-03T05:30:00+08:00,6.318112211788494,3,1.0,dow,11,80.3,79.73,80.43,4,Developing,-1.4,-1.7
2026-10-03,05:55:00,96607,80.9,Y,2026-10-03T05:30:00+08:00,6.005617288062141,3,1.0000000000000009,dow,11,82.5,81.86,82.85,4,Developing,-1.6,-1.9
2026-10-03,05:55:00,96608,79.0,Y,2026-10-03T05:30:00+08:00,5.96096327848413,3,1.0,dow,11,83.0,81.75,84.75,4,Developing,-4.0,-4.8
2026-10-03,05:55:00,96609,83.8,Y,2026-10-03T05:30:00+08:00,5.966690501762974,3,1.0,dow,11,77.65,76.38,79.02,4,Developing,6.15,7.9
2026-10-03,05:55:00,96852,82.5,Y,2026-10-03T05:30:00+08:00,6.699003992171929,3,1.0,dow,11,83.9,83.74,84.34,4,Developing,-1.4,-1.7
2026-10-03,05:55:00,96884,81.7,Y,2026-10-03T05:30:00+08:00,0.0,3,1.0,dow,11,88.15,86.45,89.3,4,Developing,-6.45,-7.3
2026-10-03,05:55:00,9690,80,N,2026-10-03T05:30:00+08:00,7.29041891088266,3,1.0,,,,,,,,,
2026-10-03,05:55:00,9695,78.3,Y,2026-10-03T05:30:00+08:00,8.131268713833576,3,0.999999999999999,dow,11,78.47,78.34,78.65,4,Developing,-0.17,-0.2
2026-10-03,05:55:00,9700,84.0,Y,2026-10-03T05:30:00+08:00,8.003057827588732,3,1.0,dow,11,84.0,84.0,84.0,4,Developing,0.0,0.0
2026-10-03,05:55:00,97225,84.0,Y,2026-10-03T05:30:00+08:00,7.029783774837469,3,0.999999999999999,dow,11,84.0,84.0,84.0,4,Developing,0.0,0.0
2026-10-03,05:55:00,97395,93.5,Y,2026-10-03T05:30:00+08:00,0.237529064302085,3,1.0,dow,11,83.75,81.25,84.75,4,Developing,9.75,11.6
2026-10-03,05:55:00,9745,84.0,Y,2026-10-03T05:30:00+08:00,7.629903940610116,3,0.999999999999999,dow,11,84.0,84.0,84.0,4,Developing,0.0,0.0
2026-10-03,05:55:00,9752,72.9,Y,2026-10-03T05:30:00+08:00,10.507951538086735,3,0.999999999999999,dow,11,73.2,73.2,73.38,4,Developing,-0.3,-0.4
2026-10-03,05:55:00,9753,83.0,Y,2026-10-03T05:30:00+08:00,7.8794668628009985,3,1.0,dow,11,83.5,83.38,83.62,4,Developing,-0.5,-0.6
2026-10-03,05:55:00,9757,72.9,Y,2026-10-03T05:30:00+08:00,10.843171787901317,3,0.9999999999999996,dow,11,73.2,73.2,73.38,4,Developing,-0.3,-0.4
2026-10-03,05:55:00,9758,78.3,Y,2026-10-03T05:30:00+08:00,8.198622143565608,3,1.000000000000001,dow,11,78.47,78.34,78.65,4,Developing,-0.17,-0.2
2026-10-03,05:55:00,98050,90.3,Y,2026-10-03T05:30:00+08:00,0.0,3,1.0,dow,11,92.75,89.88,95.0,4,Developing,-2.45,-2.6
2026-10-03,05:55:00,98051,93.7,Y,2026-10-03T05:30:00+08:00,0.0,3,1.0,dow,11,88.88,87.97,89.7,4,Developing,4.82,5.4
2026-10-03,05:55:00,98054,89.8,Y,2026-10-03T05:30:00+08:00,0.0,3,1.0,dow,11,86.8,86.05,87.66,4,Developing,3.0,3.5
2026-10-03,05:55:00,98055,83.0,Y,2026-10-03T05:30:00+08:00,0.0,3,1.0,dow,11,86.65,85.11,88.4,4,Developing,-3.65,-4.2
2026-10-03,05:55:00,98056,85.7,Y,2026-10-03T05:30:00+08:00,0.0,3,1.0,dow,11,83.95,82.62,85.21,4,Developing,1.75,2.1
2026-10-03,05:55:00,9934,83.0,Y,2026-10-03T05:30:00+08:00,8.291542003413486,3,1.0,dow,11,83.5,83.38,83.62,4,Developing,-0.5,-0.6
2026-10-03,05:55:00,1061,60.0,Y,2026-10-03T05:30:00+08:00,14.259545237644623,3,0.999999999999999,dow,11,62.25,61.49,64.17,4,Developing,-2.25,-3.6
2026-10-03,05:55:00,1076,81.8,Y,2026-10-03T05:30:00+08:00,13.942120396072408,3,1.0,dow,11,82.85,82.5,84.03,4,Developing,-1.05,-1.3
2026-10-03,05:55:00,111663,67.0,Y,2026-10-03T05:30:00+08:00,20.010350664537423,3,0.999999999999999,dow,11,66.75,65.94,67.0,4,Developing,0.25,0.4
2026-10-03,05:55:00,111664,70.0,Y,2026-10-03T05:30:00+08:00,19.968449043042618,3,1.000000000000001,dow,11,70.0,70.0,70.0,4,Developing,0.0,0.0
2026-10-03,05:55:00,111666,70.0,Y,2026-10-03T05:30:00+08:00,19.820366194913685,3,1.000000000000001,dow,11,69.67,69.6,70.24,4,Developing,0.33,0.5
2026-10-03,05:55:00,111667,67.0,Y,2026-10-03T05:30:00+08:00,19.861558974448904,3,1.0,dow,11,66.75,65.94,67.0,4,Developing,0.25,0.4
2026-10-03,05:55:00,111669,77.3,Y,2026-10-03T05:30:00+08:00,19.78599575126306,3,1.0,dow,11,70.0,70.0,70.22,4,Developing,7.3,10.4
2026-10-03,05:55:00,111670,72.4,Y,2026-10-03T05:30:00+08:00,19.65275558351202,3,1.0,dow,11,69.7,69.28,69.72,4,Developing,2.7,3.9
2026-10-03,05:55:00,1264,79.3,Y,2026-10-03T05:30:00+08:00,14.636635448412042,3,1.0,dow,11,78.38,75.01,80.62,4,Developing,0.92,1.2
2026-10-03,05:55:00,163786,68.6,Y,2026-10-03T05:30:00+08:00,20.470998892898756,3,1.0,dow,11,70.33,69.65,72.12,4,Developing,-1.73,-2.5
2026-10-03,05:55:00,1698,65.2,Y,2026-10-03T05:30:00+08:00,16.65099571451769,3,1.0,dow,11,65.18,64.08,65.69,4,Developing,0.02,0.0
2026-10-03,05:55:00,2135,68.2,Y,2026-10-03T05:30:00+08:00,19.73440716606499,3,1.0,dow,11,68.67,68.51,68.84,4,Developing,-0.47,-0.7
2026-10-03,05:55:00,2153,65.3,Y,2026-10-03T05:30:00+08:00,19.911235826862807,3,1.0,dow,11,64.75,64.55,64.95,4,Developing,0.55,0.8
2026-10-03,05:55:00,2190,57.6,Y,2026-10-03T05:30:00+08:00,16.76421231127397,3,1.0,dow,11,63.45,62.86,64.15,4,Developing,-5.85,-9.2
2026-10-03,05:55:00,2204,67.4,Y,2026-10-03T05:30:00+08:00,18.88034284300318,3,0.999999999999999,dow,11,67.8,67.31,68.22,4,Developing,-0.4,-0.6
2026-10-03,05:55:00,2205,76.9,Y,2026-10-03T05:30:00+08:00,14.536057864505741,3,1.0,dow,11,82.45,80.93,83.25,4,Developing,-5.55,-6.7
2026-10-03,05:55:00,261631,71.5,Y,2026-10-03T05:30:00+08:00,13.536610532827996,3,1.0,dow,11,80.4,67.22,80.71,4,Developing,-8.9,-11.1
2026-10-03,05:55:00,261633,71.5,Y,2026-10-03T05:30:00+08:00,13.299759049277831,3,1.0,dow,11,80.4,67.22,80.71,4,Developing,-8.9,-11.1
2026-10-03,05:55:00,261634,88.0,Y,2026-10-03T05:30:00+08:00,13.470033924816436,3,1.0,dow,11,76.25,74.94,80.94,4,Developing,11.75,15.4
2026-10-03,05:55:00,261635,77.5,Y,2026-10-03T05:30:00+08:00,13.442756258192643,3,1.0,dow,11,80.0,80.0,80.38,4,Developing,-2.5,-3.1
2026-10-03,05:55:00,261636,59.5,Y,2026-10-03T05:30:00+08:00,13.60051512874726,3,0.9999999999999999,dow,11,75.97,74.12,78.03,4,Developing,-16.47,-21.7
2026-10-03,05:55:00,261640,57.2,Y,2026-10-03T05:30:00+08:00,13.49066779792498,3,1.0,dow,11,79.53,77.1,79.79,4,Developing,-22.33,-28.1
2026-10-03,05:55:00,261642,75.1,Y,2026-10-03T05:30:00+08:00,13.370280725910948,3,1.0000000000000009,dow,11,71.72,68.9,74.22,4,Developing,3.38,4.7
2026-10-03,05:55:00,261650,71.5,Y,2026-10-03T05:30:00+08:00,13.232833066500703,3,1.0,dow,11,80.4,67.22,80.71,4,Developing,-8.9,-11.1
2026-10-03,05:55:00,261652,59.3,Y,2026-10-03T05:30:00+08:00,13.247034634417489,3,1.0,dow,11,80.0,77.78,80.0,4,Developing,-20.7,-25.9
2026-10-03,05:55:00,261654,71.5,Y,2026-10-03T05:30:00+08:00,11.892710471791041,3,1.0,dow,11,80.4,67.22,80.71,4,Developing,-8.9,-11.1
2026-10-03,05:55:00,261657,79.1,Y,2026-10-03T05:30:00+08:00,11.789117856499292,3,1.0,dow,11,82.3,68.18,83.16,4,Developing,-3.2,-3.9
2026-10-03,05:55:00,261658,71.5,Y,2026-10-03T05:30:00+08:00,22.336256583908156,3,1.0,dow,11,80.4,67.22,80.71,4,Developing,-8.9,-11.1
2026-10-03,05:55:00,261660,69.0,Y,2026-10-03T05:30:00+08:00,22.263530661822053,3,0.999999999999999,dow,11,70.2,69.96,70.5,4,Developing,-1.2,-1.7
2026-10-03,05:55:00,261661,92.0,Y,2026-10-03T05:30:00+08:00,13.200523751947111,3,1.0,dow,11,74.2,68.73,75.97,4,Developing,17.8,24.0
2026-10-03,05:55:00,261665,79.1,Y,2026-10-03T05:30:00+08:00,22.365470237811476,3,1.0,dow,11,82.3,68.18,83.16,4,Developing,-3.2,-3.9
2026-10-03,05:55:00,261713,71.5,Y,2026-10-03T05:30:00+08:00,13.434811386266254,3,1.0,dow,11,80.4,67.22,80.71,4,Developing,-8.9,-11.1
2026-10-03,05:55:00,261715,79.1,Y,2026-10-03T05:30:00+08:00,14.516452677296694,3,1.0000000000000009,dow,11,82.3,68.18,83.16,4,Developing,-3.2,-3.9
2026-10-03,05:55:00,261716,71.5,Y,2026-10-03T05:30:00+08:00,17.271675993876787,3,1.0,dow,11,80.4,67.22,80.71,4,Developing,-8.9,-11.1
2026-10-03,05:55:00,261718,64.3,Y,2026-10-03T05:30:00+08:00,14.987904383926567,3,1.0,dow,11,63.35,62.83,63.56,4,Developing,0.95,1.5
2026-10-03,05:55:00,261719,79.1,Y,2026-10-03T05:30:00+08:00,16.0737182836564,3,1.0,dow,11,82.3,68.18,83.16,4,Developing,-3.2,-3.9
2026-10-03,05:55:00,261721,79.4,Y,2026-10-03T05:30:00+08:00,14.963902118989049,3,1.0,dow,11,80.88,70.9,82.16,4,Developing,-1.48,-1.8
2026-10-03,05:55:00,261722,79.1,Y,2026-10-03T05:30:00+08:00,17.336897414587458,3,1.0,dow,11,82.3,68.18,83.16,4,Developing,-3.2,-3.9
2026-10-03,05:55:00,261748,83.5,Y,2026-10-03T05:30:00+08:00,13.64122066598912,3,0.999999999999999,dow,11,79.35,77.05,80.0,4,Developing,4.15,5.2
2026-10-03,05:55:00,261750,50.1,Y,2026-10-03T05:30:00+08:00,14.059209053741064,3,1.0,dow,11,50.1,50.1,50.1,4,Developing,0.0,0.0
2026-10-03,05:55:00,261751,71.5,Y,2026-10-03T05:30:00+08:00,14.81416724136837,3,1.0,dow,11,80.4,67.22,80.71,4,Developing,-8.9,-11.1
2026-10-03,05:55:00,262781,79.1,Y,2026-10-03T05:30:00+08:00,13.533231066285,3,1.0,dow,11,82.3,68.18,83.16,4,Developing,-3.2,-3.9
2026-10-03,05:55:00,262802,68.5,Y,2026-10-03T05:30:00+08:00,22.241971264681077,3,1.0,dow,11,70.3,69.94,70.72,4,Developing,-1.8,-2.6
2026-10-03,05:55:00,263306,80.8,Y,2026-10-03T05:30:00+08:00,11.912989100390178,3,1.0,dow,11,79.45,78.2,79.83,4,Developing,1.35,1.7
2026-10-03,05:55:00,263307,80.0,Y,2026-10-03T05:30:00+08:00,15.181625987296112,3,1.000000000000001,dow,11,80.05,79.35,80.11,4,Developing,-0.05,-0.1
2026-10-03,05:55:00,263308,71.5,Y,2026-10-03T05:30:00+08:00,12.214885193267623,3,1.0,dow,11,74.47,73.9,75.54,4,Developing,-2.97,-4.0
2026-10-03,05:55:00,263309,71.5,Y,2026-10-03T05:30:00+08:00,12.731954396868005,3,1.0,dow,11,74.47,73.9,75.54,4,Developing,-2.97,-4.0
2026-10-03,05:55:00,263312,71.5,Y,2026-10-03T05:30:00+08:00,16.98805342795192,3,0.9999999999999999,dow,11,74.47,73.9,75.54,4,Developing,-2.97,-4.0
2026-10-03,05:55:00,265822,71.5,Y,2026-10-03T05:30:00+08:00,17.494417723951656,3,1.0,dow,11,74.47,73.9,75.54,4,Developing,-2.97,-4.0
2026-10-03,05:55:00,265823,71.5,Y,2026-10-03T05:30:00+08:00,17.315102531996992,3,1.0,dow,11,74.47,73.9,75.54,4,Developing,-2.97,-4.0
2026-10-03,05:55:00,2782,72.3,Y,2026-10-03T05:30:00+08:00,20.087001705938956,3,1.0,dow,11,72.3,72.3,72.3,4,Developing,0.0,0.0
2026-10-03,05:55:00,279705,69.9,Y,2026-10-03T05:30:00+08:00,20.58259611643001,3,1.0,dow,11,77.0,76.94,77.0,4,Developing,-7.1,-9.2
2026-10-03,05:55:00,279706,78.4,Y,2026-10-03T05:30:00+08:00,20.74403252123707,3,1.0,dow,11,78.45,77.33,79.53,4,Developing,-0.05,-0.1
2026-10-03,05:55:00,279707,76.8,Y,2026-10-03T05:30:00+08:00,18.08794848248831,3,1.0,dow,11,77.18,74.86,79.25,4,Developing,-0.38,-0.5
2026-10-03,05:55:00,2825,46.6,Y,2026-10-03T05:30:00+08:00,14.817443524678772,3,1.0,dow,11,53.25,52.26,54.15,4,Developing,-6.65,-12.5
2026-10-03,05:55:00,2901,70.8,Y,2026-10-03T05:30:00+08:00,18.681640417049223,3,1.0,dow,11,65.92,64.38,67.22,4,Developing,4.88,7.4
2026-10-03,05:55:00,3434,68.2,Y,2026-10-03T05:30:00+08:00,19.702709204055083,3,1.0,dow,11,68.67,68.52,68.84,4,Developing,-0.47,-0.7
2026-10-03,05:55:00,3562,43.4,Y,2026-10-03T05:30:00+08:00,18.829559740135576,3,1.0,dow,11,46.9,44.86,48.86,4,Developing,-3.5,-7.5
2026-10-03,05:55:00,3593,71.5,Y,2026-10-03T05:30:00+08:00,13.673019597656701,3,0.999999999999999,dow,11,80.4,67.22,80.71,4,Developing,-8.9,-11.1
2026-10-03,05:55:00,372,55.6,Y,2026-10-03T05:30:00+08:00,14.52636609570015,3,1.0,dow,11,59.5,58.93,60.11,4,Developing,-3.9,-6.6
2026-10-03,05:55:00,3734,76.1,Y,2026-10-03T05:30:00+08:00,20.5748723836401,3,1.0,dow,11,77.0,76.2,77.0,4,Developing,-0.9,-1.2
2026-10-03,05:55:00,4274,46.3,Y,2026-10-03T05:30:00+08:00,16.51938002801568,3,1.0000000000000002,dow,11,52.9,52.1,53.85,4,Developing,-6.6,-12.5
2026-10-03,05:55:00,4296,68.0,Y,2026-10-03T05:30:00+08:00,19.88841321039337,3,1.0,dow,11,68.72,68.58,68.81,4,Developing,-0.72,-1.0
2026-10-03,05:55:00,4318,68.7,Y,2026-10-03T05:30:00+08:00,19.443842014512615,3,1.0000000000000009,dow,11,67.6,67.4,67.89,4,Developing,1.1,1.6
2026-10-03,05:55:00,4415,64.8,Y,2026-10-03T05:30:00+08:00,18.909843384672687,3,1.0000000000000009,dow,11,70.7,70.44,70.93,4,Developing,-5.9,-8.3
2026-10-03,05:55:00,4418,63.0,Y,2026-10-03T05:30:00+08:00,18.421274159859124,3,0.9999999999999999,dow,11,73.93,72.12,75.4,4,Developing,-10.93,-14.8
2026-10-03,05:55:00,4419,58.3,Y,2026-10-03T05:30:00+08:00,18.356095276456497,3,1.000000000000001,dow,11,65.4,64.55,65.62,4,Developing,-7.1,-10.9
2026-10-03,05:55:00,4521,71.0,Y,2026-10-03T05:30:00+08:00,20.31560167192367,3,1.0,dow,11,68.75,67.75,69.25,4,Developing,2.25,3.3
2026-10-03,05:55:00,4540,77.0,Y,2026-10-03T05:30:00+08:00,20.43807220700923,3,0.9999999999999991,dow,11,77.0,77.0,77.0,4,Developing,0.0,0.0
2026-10-03,05:55:00,4559,75.7,Y,2026-10-03T05:30:00+08:00,20.40484163589212,3,1.0,dow,11,75.6,74.8,76.15,4,Developing,0.1,0.1
2026-10-03,05:55:00,4562,77.1,Y,2026-10-03T05:30:00+08:00,20.40290599836578,3,1.0,dow,11,74.9,73.72,75.4,4,Developing,2.2,2.9
2026-10-03,05:55:00,4564,61.4,Y,2026-10-03T05:30:00+08:00,16.38973537864192,3,1.0000000000000004,dow,11,69.83,69.41,70.0,4,Developing,-8.43,-12.1
2026-10-03,05:55:00,4565,49.9,Y,2026-10-03T05:30:00+08:00,16.420433983604607,3,0.9999999999999999,dow,11,59.35,58.58,60.27,4,Developing,-9.45,-15.9
2026-10-03,05:55:00,4572,76.3,Y,2026-10-03T05:30:00+08:00,20.478294501652133,3,1.000000000000001,dow,11,77.0,75.95,77.0,4,Developing,-0.7,-0.9
2026-10-03,05:55:00,4573,77.0,Y,2026-10-03T05:30:00+08:00,20.476508018465857,3,0.9999999999999989,dow,11,77.0,77.0,77.0,4,Developing,0.0,0.0
2026-10-03,05:55:00,4574,77.0,Y,2026-10-03T05:30:00+08:00,20.47551036264512,3,1.0000000000000009,dow,11,77.0,77.0,77.0,4,Developing,0.0,0.0
2026-10-03,05:55:00,4575,77.0,Y,2026-10-03T05:30:00+08:00,20.31282749441858,3,1.0,dow,11,77.0,76.85,77.0,4,Developing,0.0,0.0
2026-10-03,05:55:00,4576,72.5,Y,2026-10-03T05:30:00+08:00,20.129027281961786,3,1.0,dow,11,72.58,72.26,72.72,4,Developing,-0.08,-0.1
2026-10-03,05:55:00,4577,67.2,Y,2026-10-03T05:30:00+08:00,20.12512361725832,3,1.0,dow,11,71.05,68.95,72.89,4,Developing,-3.85,-5.4
2026-10-03,05:55:00,4582,72.4,Y,2026-10-03T05:30:00+08:00,19.295418126722566,3,0.9999999999999991,dow,11,69.7,69.28,69.72,4,Developing,2.7,3.9
2026-10-03,05:55:00,4583,69.9,Y,2026-10-03T05:30:00+08:00,19.290676492077317,3,1.0,dow,11,69.0,68.68,69.24,4,Developing,0.9,1.3
2026-10-03,05:55:00,4602,70.3,Y,2026-10-03T05:30:00+08:00,19.329455319808364,3,1.0,dow,11,68.85,68.56,69.05,4,Developing,1.45,2.1
2026-10-03,05:55:00,4605,70.5,Y,2026-10-03T05:30:00+08:00,20.109304710983707,3,1.0,dow,11,70.82,70.31,71.45,4,Developing,-0.32,-0.5
2026-10-03,05:55:00,4621,76.5,Y,2026-10-03T05:30:00+08:00,20.41651359569495,3,1.0,dow,11,76.85,76.3,77.0,4,Developing,-0.35,-0.5
2026-10-03,05:55:00,4624,57.4,Y,2026-10-03T05:30:00+08:00,17.30913596218759,3,1.0,dow,11,68.3,67.6,68.98,4,Developing,-10.9,-16.0
2026-10-03,05:55:00,4629,77.0,Y,2026-10-03T05:30:00+08:00,20.26659005062516,3,1.0,dow,11,76.2,74.92,76.85,4,Developing,0.8,1.0
2026-10-03,05:55:00,4631,77.0,Y,2026-10-03T05:30:00+08:00,20.2761459371864,3,1.000000000000001,dow,11,77.0,77.0,77.0,4,Developing,0.0,0.0
2026-10-03,05:55:00,4632,75.0,Y,2026-10-03T05:30:00+08:00,22.179682351995183,3,1.0,dow,11,75.6,75.52,75.64,4,Developing,-0.6,-0.8
2026-10-03,05:55:00,4635,77.0,Y,2026-10-03T05:30:00+08:00,20.347062781470687,3,1.0,dow,11,77.0,76.72,77.0,4,Developing,0.0,0.0
2026-10-03,05:55:00,4638,61.0,Y,2026-10-03T05:30:00+08:00,16.83933775213902,3,1.0,dow,11,55.9,55.6,56.58,4,Developing,5.1,9.1
2026-10-03,05:55:00,4820,66.5,Y,2026-10-03T05:30:00+08:00,14.274355313915178,3,1.0,dow,11,74.47,73.61,75.4,4,Developing,-7.97,-10.7
2026-10-03,05:55:00,4859,62.7,Y,2026-10-03T05:30:00+08:00,16.846046769053295,3,1.0000000000000009,dow,11,63.67,62.5,64.44,4,Developing,-0.97,-1.5
2026-10-03,05:55:00,4907,55.0,Y,2026-10-03T05:30:00+08:00,14.350801727072652,3,1.0000000000000009,dow,11,56.98,55.73,58.52,4,Developing,-1.98,-3.5
2026-10-03,05:55:00,4949,75.5,Y,2026-10-03T05:30:00+08:00,20.746296412139042,3,1.0,dow,11,77.0,77.0,77.0,4,Developing,-1.5,-1.9
2026-10-03,05:55:00,4970,71.0,Y,2026-10-03T05:30:00+08:00,14.798920913378346,3,0.9999999999999991,dow,11,80.5,79.38,81.12,4,Developing,-9.5,-11.8
2026-10-03,05:55:00,4971,52.2,Y,2026-10-03T05:30:00+08:00,14.801176085001094,3,1.0,dow,11,55.6,55.15,56.4,4,Developing,-3.4,-6.1
2026-10-03,05:55:00,5016,82.0,Y,2026-10-03T05:30:00+08:00,22.283550989901464,3,1.0,dow,11,84.08,83.66,84.34,4,Developing,-2.08,-2.5
2026-10-03,05:55:00,5017,56.5,Y,2026-10-03T05:30:00+08:00,18.52189610295101,3,1.0000000000000009,dow,11,50.02,49.25,50.5,4,Developing,6.48,13.0
2026-10-03,05:55:00,5018,73.5,Y,2026-10-03T05:30:00+08:00,22.17641661492385,3,1.0000000000000009,dow,11,75.47,75.06,75.61,4,Developing,-1.97,-2.6
2026-10-03,05:55:00,5026,74.1,Y,2026-10-03T05:30:00+08:00,22.080294173202027,3,0.9999999999999989,dow,11,77.0,77.0,77.0,4,Developing,-2.9,-3.8
2026-10-03,05:55:00,5030,75.9,Y,2026-10-03T05:30:00+08:00,20.38487695321662,3,1.0,dow,11,74.35,73.95,74.83,4,Developing,1.55,2.1
2026-10-03,05:55:00,5032,62.0,Y,2026-10-03T05:30:00+08:00,16.570331483235634,3,1.0000000000000004,dow,11,67.65,67.12,67.8,4,Developing,-5.65,-8.4
2026-10-03,05:55:00,5035,76.4,Y,2026-10-03T05:30:00+08:00,20.618776588796973,3,1.0000000000000009,dow,11,68.3,68.1,68.84,4,Developing,8.1,11.9
2026-10-03,05:55:00,5041,44.4,Y,2026-10-03T05:30:00+08:00,16.308300556109323,3,1.0,dow,11,47.2,46.88,47.94,4,Developing,-2.8,-5.9
2026-10-03,05:55:00,5044,76.9,Y,2026-10-03T05:30:00+08:00,20.227805540634236,3,1.000000000000001,dow,11,77.0,76.5,77.0,4,Developing,-0.1,-0.1
2026-10-03,05:55:00,5072,66.7,Y,2026-10-03T05:30:00+08:00,19.473055633255484,3,0.999999999999999,dow,11,66.4,65.49,67.12,4,Developing,0.3,0.5
2026-10-03,05:55:00,5074,63.4,Y,2026-10-03T05:30:00+08:00,20.041563389675566,3,1.0,dow,11,63.78,63.51,64.5,4,Developing,-0.38,-0.6
2026-10-03,05:55:00,5077,73.7,Y,2026-10-03T05:30:00+08:00,22.070251047339596,3,1.0,dow,11,77.0,76.6,77.0,4,Developing,-3.3,-4.3
2026-10-03,05:55:00,5078,67.0,Y,2026-10-03T05:30:00+08:00,20.599913581882657,3,1.0,dow,11,72.22,70.51,76.58,4,Developing,-5.22,-7.2
2026-10-03,05:55:00,5095,59.7,Y,2026-10-03T05:30:00+08:00,17.37467688022374,3,0.9999999999999999,dow,11,69.7,69.25,70.17,4,Developing,-10.0,-14.3
2026-10-03,05:55:00,5132,71.0,Y,2026-10-03T05:30:00+08:00,14.775961440698778,3,1.0,dow,11,80.5,79.38,81.12,4,Developing,-9.5,-11.8
2026-10-03,05:55:00,5209,71.9,Y,2026-10-03T05:30:00+08:00,14.716578743240994,3,1.0,dow,11,71.92,70.39,72.88,4,Developing,-0.02,-0.0
2026-10-03,05:55:00,5230,70.6,Y,2026-10-03T05:30:00+08:00,14.52753995210968,3,0.999999999999999,dow,11,75.15,74.5,76.25,4,Developing,-4.55,-6.1
2026-10-03,05:55:00,5395,74.4,Y,2026-10-03T05:30:00+08:00,14.705275508242906,3,1.0,dow,11,79.2,78.69,80.08,4,Developing,-4.8,-6.1
2026-10-03,05:55:00,5409,64.6,Y,2026-10-03T05:30:00+08:00,16.422487570481305,3,0.9999999999999994,dow,11,64.08,63.51,64.64,4,Developing,0.52,0.8
2026-10-03,05:55:00,5410,52.0,Y,2026-10-03T05:30:00+08:00,16.4238530653987,3,1.0,dow,11,56.7,56.01,57.33,4,Developing,-4.7,-8.3
2026-10-03,05:55:00,5463,58.3,Y,2026-10-03T05:30:00+08:00,17.97849893919192,3,0.999999999999999,dow,11,65.55,64.71,65.81,4,Developing,-7.25,-11.1
2026-10-03,05:55:00,5481,72.4,Y,2026-10-03T05:30:00+08:00,19.428337029939016,3,1.0,dow,11,69.7,69.28,69.72,4,Developing,2.7,3.9
2026-10-03,05:55:00,5610,70.0,Y,2026-10-03T05:30:00+08:00,16.76389048577846,3,1.0,dow,11,70.0,70.0,70.0,4,Developing,0.0,0.0
2026-10-03,05:55:00,5741,64.3,Y,2026-10-03T05:30:00+08:00,13.997540735790968,3,1.0000000000000009,dow,11,67.28,66.7,68.49,4,Developing,-2.98,-4.4
2026-10-03,05:55:00,756,74.0,Y,2026-10-03T05:30:00+08:00,14.816679618988402,3,1.0,dow,11,78.62,78.25,79.5,4,Developing,-4.62,-5.9
2026-10-03,05:55:00,757,69.1,Y,2026-10-03T05:30:00+08:00,19.713015945304196,3,1.0,dow,11,65.28,64.88,65.47,4,Developing,3.82,5.9
2026-10-03,05:55:00,803,66.8,Y,2026-10-03T05:30:00+08:00,19.742609583027175,3,1.0,dow,11,66.47,65.74,67.11,4,Developing,0.33,0.5
2026-10-03,05:55:00,824,58.9,Y,2026-10-03T05:30:00+08:00,16.604072386567132,3,1.0,dow,11,64.82,64.53,65.32,4,Developing,-5.92,-9.1
2026-10-03,05:55:00,101809,60.1,Y,2026-10-03T05:30:00+08:00,22.0325641445426,3,1.0,dow,11,62.08,60.49,64.06,4,Developing,-1.98,-3.2
2026-10-03,05:55:00,101810,55.2,Y,2026-10-03T05:30:00+08:00,21.989248993870827,3,1.0,dow,11,65.38,64.88,66.5,4,Developing,-10.18,-15.6
2026-10-03,05:55:00,102520,78.0,Y,2026-10-03T05:30:00+08:00,20.285660072166355,3,1.0000000000000009,dow,11,79.5,79.0,80.5,4,Developing,-1.5,-1.9
2026-10-03,05:55:00,103159,35.0,Y,2026-10-03T05:30:00+08:00,19.859131688320428,3,1.0,dow,11,46.25,44.38,49.75,4,Developing,-11.25,-24.3
2026-10-03,05:55:00,103480,78.0,Y,2026-10-03T05:30:00+08:00,20.99641808657107,3,1.0,dow,11,79.5,79.0,80.5,4,Developing,-1.5,-1.9
2026-10-03,05:55:00,103481,74.0,Y,2026-10-03T05:30:00+08:00,20.991099190357158,3,1.0,dow,11,75.0,74.5,75.5,4,Developing,-1.0,-1.3
2026-10-03,05:55:00,103483,78.0,Y,2026-10-03T05:30:00+08:00,19.85262275576966,3,1.000000000000001,dow,11,79.0,78.5,79.88,4,Developing,-1.0,-1.3
2026-10-03,05:55:00,103549,77.0,Y,2026-10-03T05:30:00+08:00,20.3467776501807,3,1.0,dow,11,76.5,75.75,77.25,4,Developing,0.5,0.7
2026-10-03,05:55:00,103551,78.0,Y,2026-10-03T05:30:00+08:00,19.91096802049681,3,1.0,dow,11,79.0,78.5,79.88,4,Developing,-1.0,-1.3
2026-10-03,05:55:00,103648,77.0,Y,2026-10-03T05:30:00+08:00,19.893520369802243,3,1.0,dow,11,76.5,75.75,77.25,4,Developing,0.5,0.7
2026-10-03,05:55:00,103702,55.0,Y,2026-10-03T05:30:00+08:00,21.27409603150397,3,1.0,dow,11,62.25,61.0,63.25,4,Developing,-7.25,-11.6
2026-10-03,05:55:00,103704,52.4,Y,2026-10-03T05:30:00+08:00,21.65626235362035,3,0.999999999999999,dow,11,58.57,57.11,60.32,4,Developing,-6.17,-10.5
2026-10-03,05:55:00,103720,60.1,Y,2026-10-03T05:30:00+08:00,21.370823364890125,3,1.0,dow,11,66.53,64.45,68.08,4,Developing,-6.43,-9.7
2026-10-03,05:55:00,103721,57.8,Y,2026-10-03T05:30:00+08:00,21.37716760811926,3,1.0,dow,11,56.58,55.36,58.53,4,Developing,1.22,2.2
2026-10-03,05:55:00,103887,62.5,Y,2026-10-03T05:30:00+08:00,20.928231451508445,3,1.0,dow,11,59.55,59.29,59.8,4,Developing,2.95,5.0
2026-10-03,05:55:00,103890,41.3,Y,2026-10-03T05:30:00+08:00,20.607528909427547,3,1.0,dow,11,45.7,44.65,47.03,4,Developing,-4.4,-9.6
2026-10-03,05:55:00,103891,41.3,Y,2026-10-03T05:30:00+08:00,20.80301568627074,3,0.999999999999999,dow,11,45.7,44.65,47.03,4,Developing,-4.4,-9.6
2026-10-03,05:55:00,103892,39.8,Y,2026-10-03T05:30:00+08:00,20.943986622393357,3,1.0,dow,11,52.1,51.9,52.88,4,Developing,-12.3,-23.6
2026-10-03,05:55:00,103898,46.0,Y,2026-10-03T05:30:00+08:00,20.151228065774152,3,1.000000000000001,dow,11,46.75,45.06,48.31,4,Developing,-0.75,-1.6
2026-10-03,05:55:00,103906,54.5,Y,2026-10-03T05:30:00+08:00,20.63350544648015,3,1.0,dow,11,55.8,53.4,57.55,4,Developing,-1.3,-2.3
2026-10-03,05:55:00,103909,41.3,Y,2026-10-03T05:30:00+08:00,20.433001416849713,3,1.0,dow,11,45.7,44.65,47.03,4,Developing,-4.4,-9.6
2026-10-03,05:55:00,103976,38.0,Y,2026-10-03T05:30:00+08:00,19.986789637227844,3,1.0,dow,11,41.0,41.0,41.5,4,Developing,-3.0,-7.3
2026-10-03,05:55:00,103981,78.0,Y,2026-10-03T05:30:00+08:00,20.18372877800089,3,1.0000000000000009,dow,11,79.5,79.0,80.5,4,Developing,-1.5,-1.9
2026-10-03,05:55:00,104010,59.4,Y,2026-10-03T05:30:00+08:00,21.029189709251714,3,1.0,dow,11,54.35,53.85,55.15,4,Developing,5.05,9.3
2026-10-03,05:55:00,104011,51.0,Y,2026-10-03T05:30:00+08:00,21.127679043239233,3,1.0,dow,11,59.7,58.52,60.23,4,Developing,-8.7,-14.6
2026-10-03,05:55:00,104012,56.0,Y,2026-10-03T05:30:00+08:00,21.139292960724298,3,1.0,dow,11,58.1,56.12,60.76,4,Developing,-2.1,-3.6
2026-10-03,05:55:00,104060,77.0,Y,2026-10-03T05:30:00+08:00,19.871195132605116,3,1.0000000000000009,dow,11,76.5,75.75,77.25,4,Developing,0.5,0.7
2026-10-03,05:55:00,104347,58.0,Y,2026-10-03T05:30:00+08:00,21.68658213681097,3,1.0,dow,11,59.25,58.0,60.88,4,Developing,-1.25,-2.1
2026-10-03,05:55:00,104372,48.6,Y,2026-10-03T05:30:00+08:00,21.718941703656867,3,0.9999999999999999,dow,11,55.05,54.44,55.45,4,Developing,-6.45,-11.7
2026-10-03,05:55:00,104479,49.0,Y,2026-10-03T05:30:00+08:00,21.544942231959762,3,1.0,dow,11,46.5,43.75,47.5,4,Developing,2.5,5.4
2026-10-03,05:55:00,104597,45.5,Y,2026-10-03T05:30:00+08:00,21.590037982152968,3,1.0,dow,11,47.5,47.19,48.06,4,Developing,-2.0,-4.2
2026-10-03,05:55:00,104607,78.0,Y,2026-10-03T05:30:00+08:00,21.530009088681854,3,1.0000000000000009,dow,11,79.5,79.0,80.5,4,Developing,-1.5,-1.9
2026-10-03,05:55:00,104614,49.0,Y,2026-10-03T05:30:00+08:00,21.586319380722827,3,1.0,dow,11,46.5,43.75,47.5,4,Developing,2.5,5.4
2026-10-03,05:55:00,104615,58.0,Y,2026-10-03T05:30:00+08:00,21.71669611931707,3,1.0,dow,11,59.25,58.0,60.88,4,Developing,-1.25,-2.1
2026-10-03,05:55:00,104682,43.0,Y,2026-10-03T05:30:00+08:00,21.793470422507013,3,1.0000000000000002,dow,11,46.0,44.5,47.25,4,Developing,-3.0,-6.5
2026-10-03,05:55:00,104924,44.5,Y,2026-10-03T05:30:00+08:00,21.789867585335443,3,0.9999999999999991,dow,11,47.5,47.0,48.12,4,Developing,-3.0,-6.3
2026-10-03,05:55:00,104925,60.5,Y,2026-10-03T05:30:00+08:00,21.824591071468642,3,1.0000000000000002,dow,11,48.0,47.94,48.12,4,Developing,12.5,26.0
2026-10-03,05:55:00,104990,49.0,Y,2026-10-03T05:30:00+08:00,21.666223668206015,3,1.0,dow,11,46.5,43.75,47.5,4,Developing,2.5,5.4
2026-10-03,05:55:00,104994,48.6,Y,2026-10-03T05:30:00+08:00,21.72480327058588,3,1.000000000000001,dow,11,55.05,54.44,55.45,4,Developing,-6.45,-11.7
2026-10-03,05:55:00,104997,45.8,Y,2026-10-03T05:30:00+08:00,21.694754959300383,3,0.999999999999999,dow,11,50.27,42.2,57.14,4,Developing,-4.47,-8.9
2026-10-03,05:55:00,104998,39.5,Y,2026-10-03T05:30:00+08:00,21.68172688680894,3,1.0,dow,11,51.15,43.66,58.41,4,Developing,-11.65,-22.8
2026-10-03,05:55:00,105000,41.0,Y,2026-10-03T05:30:00+08:00,21.657018840194194,3,1.0,dow,11,48.33,47.94,48.58,4,Developing,-7.33,-15.2
2026-10-03,05:55:00,105001,43.0,Y,2026-10-03T05:30:00+08:00,21.62136177779299,3,1.0,dow,11,46.88,46.5,47.25,4,Developing,-3.88,-8.3
2026-10-03,05:55:00,105024,58.0,Y,2026-10-03T05:30:00+08:00,21.68977441125841,3,1.000000000000001,dow,11,59.25,58.0,60.88,4,Developing,-1.25,-2.1
2026-10-03,05:55:00,105099,47.6,Y,2026-10-03T05:30:00+08:00,22.718211293677143,3,1.0000000000000007,dow,11,45.12,45.1,45.15,4,Developing,2.48,5.5
2026-10-03,05:55:00,105100,52.5,Y,2026-10-03T05:30:00+08:00,22.191119014092212,3,0.9999999999999996,dow,11,43.45,43.06,43.88,4,Developing,9.05,20.8
2026-10-03,05:55:00,105177,48.8,Y,2026-10-03T05:30:00+08:00,21.71021541043412,3,1.0,dow,11,53.17,52.25,54.09,4,Developing,-4.37,-8.2
2026-10-03,05:55:00,105180,43.0,Y,2026-10-03T05:30:00+08:00,21.741403233281478,3,1.0,dow,11,46.0,44.5,47.25,4,Developing,-3.0,-6.5
2026-10-03,05:55:00,105206,54.3,Y,2026-10-03T05:30:00+08:00,21.71304754933437,3,1.000000000000001,dow,11,50.12,49.38,51.64,4,Developing,4.18,8.3
2026-10-03,05:55:00,105214,40.8,Y,2026-10-03T05:30:00+08:00,21.725246063863782,3,1.0,dow,11,48.5,48.14,48.67,4,Developing,-7.7,-15.9
2026-10-03,05:55:00,105215,58.0,Y,2026-10-03T05:30:00+08:00,21.527169759471462,3,1.0000000000000009,dow,11,59.25,58.0,60.88,4,Developing,-1.25,-2.1
2026-10-03,05:55:00,105218,56.5,Y,2026-10-03T05:30:00+08:00,21.712543904814538,3,0.9999999999999999,dow,11,58.48,57.42,59.99,4,Developing,-1.98,-3.4
2026-10-03,05:55:00,105230,77.0,Y,2026-10-03T05:30:00+08:00,21.460473943800135,3,1.0000000000000009,dow,11,80.0,79.75,80.88,4,Developing,-3.0,-3.8
2026-10-03,05:55:00,105231,74.0,Y,2026-10-03T05:30:00+08:00,21.45437312968508,3,1.0,dow,11,75.0,74.5,75.5,4,Developing,-1.0,-1.3
2026-10-03,05:55:00,105252,44.5,Y,2026-10-03T05:30:00+08:00,21.75056210413842,3,0.9999999999999999,dow,11,47.5,47.0,48.12,4,Developing,-3.0,-6.3
2026-10-03,05:55:00,105253,53.7,Y,2026-10-03T05:30:00+08:00,21.74746005733721,3,1.0000000000000002,dow,11,50.95,50.5,51.73,4,Developing,2.75,5.4
2026-10-03,05:55:00,106826,56.9,Y,2026-10-03T05:30:00+08:00,23.436967018088687,3,1.0000000000000004,dow,11,60.12,59.73,61.25,4,Developing,-3.22,-5.4
2026-10-03,05:55:00,106829,44.5,Y,2026-10-03T05:30:00+08:00,23.451216259265877,3,0.9999999999999994,dow,11,57.22,56.0,58.17,4,Developing,-12.72,-22.2
2026-10-03,05:55:00,106830,65.0,Y,2026-10-03T05:30:00+08:00,23.555291356311606,3,1.0,dow,11,68.65,67.49,69.42,4,Developing,-3.65,-5.3
2026-10-03,05:55:00,106831,56.6,Y,2026-10-03T05:30:00+08:00,23.72726957751146,3,1.0,dow,11,64.1,62.69,64.94,4,Developing,-7.5,-11.7
2026-10-03,05:55:00,106832,58.4,Y,2026-10-03T05:30:00+08:00,23.9963136235943,3,1.0,dow,11,64.57,64.0,65.21,4,Developing,-6.17,-9.6
2026-10-03,05:55:00,106833,62.9,Y,2026-10-03T05:30:00+08:00,20.409164188441963,3,1.0,dow,11,66.53,65.93,66.81,4,Developing,-3.63,-5.5
2026-10-03,05:55:00,106837,43.2,Y,2026-10-03T05:30:00+08:00,23.573759163453328,3,0.9999999999999999,dow,11,61.3,60.61,62.9,4,Developing,-18.1,-29.5
2026-10-03,05:55:00,106841,63.0,Y,2026-10-03T05:30:00+08:00,23.751731831608712,3,1.0,dow,11,62.72,61.66,64.15,4,Developing,0.28,0.4
2026-10-03,05:55:00,106969,58.6,Y,2026-10-03T05:30:00+08:00,23.67590699280081,3,0.9999999999999999,dow,11,65.35,64.66,66.19,4,Developing,-6.75,-10.3
2026-10-03,05:55:00,107066,63.1,Y,2026-10-03T05:30:00+08:00,23.602587993373863,3,1.0,dow,11,65.1,62.99,65.94,4,Developing,-2.0,-3.1
2026-10-03,05:55:00,107067,43.9,Y,2026-10-03T05:30:00+08:00,23.586913855068026,3,1.0,dow,11,63.98,62.99,64.83,4,Developing,-20.08,-31.4
2026-10-03,05:55:00,107092,64.3,Y,2026-10-03T05:30:00+08:00,23.627313583280795,3,1.0,dow,11,65.93,64.18,66.61,4,Developing,-1.63,-2.5
2026-10-03,05:55:00,107093,50.8,Y,2026-10-03T05:30:00+08:00,23.626053809612564,3,0.9999999999999991,dow,11,68.9,68.55,69.46,4,Developing,-18.1,-26.3
2026-10-03,05:55:00,107146,45.7,Y,2026-10-03T05:30:00+08:00,23.6018752656079,3,1.0,dow,11,67.05,65.12,68.75,4,Developing,-21.35,-31.8
2026-10-03,05:55:00,107157,68.3,Y,2026-10-03T05:30:00+08:00,23.597039529397982,3,1.0,dow,11,65.4,63.34,67.2,4,Developing,2.9,4.4
2026-10-03,05:55:00,108934,64.3,Y,2026-10-03T05:30:00+08:00,20.68326777199901,3,1.0,dow,11,68.97,68.74,69.15,4,Developing,-4.67,-6.8
2026-10-03,05:55:00,110067,52.5,Y,2026-10-03T05:30:00+08:00,23.532232773919816,3,0.999999999999999,dow,11,52.5,52.5,52.5,4,Developing,0.0,0.0
2026-10-03,05:55:00,110068,61.2,Y,2026-10-03T05:30:00+08:00,23.533469683963705,3,0.999999999999999,dow,11,63.8,61.14,64.86,4,Developing,-2.6,-4.1
2026-10-03,05:55:00,111895,69.2,Y,2026-10-03T05:30:00+08:00,21.461838086658407,3,1.0,dow,11,69.97,69.3,71.34,4,Developing,-0.77,-1.1
2026-10-03,05:55:00,111896,49.0,Y,2026-10-03T05:30:00+08:00,21.522533351032234,3,0.9999999999999991,dow,11,46.5,43.75,47.5,4,Developing,2.5,5.4
2026-10-03,05:55:00,111976,76.0,Y,2026-10-03T05:30:00+08:00,20.214283868489957,3,1.0,dow,11,77.25,77.0,78.38,4,Developing,-1.25,-1.6
2026-10-03,05:55:00,112143,77.0,Y,2026-10-03T05:30:00+08:00,20.047850249341067,3,1.0,dow,11,80.0,79.75,80.88,4,Developing,-3.0,-3.8
2026-10-03,05:55:00,112145,46.0,Y,2026-10-03T05:30:00+08:00,20.05093338033606,3,1.0,dow,11,42.75,34.88,46.5,4,Developing,3.25,7.6
2026-10-03,05:55:00,112149,78.0,Y,2026-10-03T05:30:00+08:00,21.22648941848536,3,1.000000000000001,dow,11,79.0,78.5,79.88,4,Developing,-1.0,-1.3
2026-10-03,05:55:00,112222,77.0,Y,2026-10-03T05:30:00+08:00,21.233334183514167,3,1.0,dow,11,80.0,79.75,80.88,4,Developing,-3.0,-3.8
2026-10-03,05:55:00,112223,46.0,Y,2026-10-03T05:30:00+08:00,19.847723378077866,3,1.0,dow,11,42.75,34.88,46.5,4,Developing,3.25,7.6
2026-10-03,05:55:00,112224,35.0,Y,2026-10-03T05:30:00+08:00,19.975620132275477,3,1.0,dow,11,46.25,44.38,49.75,4,Developing,-11.25,-24.3
2026-10-03,05:55:00,112225,35.0,Y,2026-10-03T05:30:00+08:00,19.922828963115172,3,0.9999999999999989,dow,11,46.25,44.38,49.75,4,Developing,-11.25,-24.3
2026-10-03,05:55:00,112226,77.0,Y,2026-10-03T05:30:00+08:00,19.86743249175235,3,1.0,dow,11,76.5,75.75,77.25,4,Developing,0.5,0.7
2026-10-03,05:55:00,112227,77.0,Y,2026-10-03T05:30:00+08:00,19.887405775858678,3,1.0000000000000009,dow,11,76.5,75.75,77.25,4,Developing,0.5,0.7
2026-10-03,05:55:00,112228,77.0,Y,2026-10-03T05:30:00+08:00,20.06054342030161,3,1.0,dow,11,76.5,75.75,77.25,4,Developing,0.5,0.7
2026-10-03,05:55:00,112229,77.0,Y,2026-10-03T05:30:00+08:00,20.081704541491845,3,1.000000000000001,dow,11,76.5,75.75,77.25,4,Developing,0.5,0.7
2026-10-03,05:55:00,112230,77.0,Y,2026-10-03T05:30:00+08:00,20.030368561904552,3,1.0,dow,11,76.5,75.75,77.25,4,Developing,0.5,0.7
2026-10-03,05:55:00,120570,48.0,Y,2026-10-03T05:30:00+08:00,21.637434951169368,3,0.999999999999999,dow,11,51.5,51.45,53.0,4,Developing,-3.5,-6.8
2026-10-03,05:55:00,163662,68.7,Y,2026-10-03T05:30:00+08:00,6.942237523623278,3,1.0,dow,11,76.8,74.44,77.0,4,Developing,-8.1,-10.5
2026-10-03,05:55:00,163665,68.1,Y,2026-10-03T05:30:00+08:00,7.250730548516893,3,1.0,dow,11,77.0,76.55,77.0,4,Developing,-8.9,-11.6
2026-10-03,05:55:00,163667,69.5,Y,2026-10-03T05:30:00+08:00,7.430787133962971,3,1.0,dow,11,77.0,77.0,77.0,4,Developing,-7.5,-9.7
2026-10-03,05:55:00,163668,72.1,Y,2026-10-03T05:30:00+08:00,7.113436976350663,3,0.999999999999999,dow,11,76.88,75.25,77.0,4,Developing,-4.78,-6.2
2026-10-03,05:55:00,163672,71.2,Y,2026-10-03T05:30:00+08:00,7.5057125912845715,3,1.0,dow,11,76.95,76.9,77.01,4,Developing,-5.75,-7.5
2026-10-03,05:55:00,163674,62.1,Y,2026-10-03T05:30:00+08:00,7.554250096080953,3,1.0,dow,11,64.5,63.79,65.11,4,Developing,-2.4,-3.7
2026-10-03,05:55:00,165095,42.7,Y,2026-10-03T05:30:00+08:00,21.024118533441737,3,1.000000000000001,dow,11,53.48,53.36,54.45,4,Developing,-10.78,-20.2
2026-10-03,05:55:00,260733,49.0,Y,2026-10-03T05:30:00+08:00,21.558710839382442,3,1.0,dow,11,46.5,43.75,47.5,4,Developing,2.5,5.4
2026-10-03,05:55:00,260734,58.0,Y,2026-10-03T05:30:00+08:00,21.659235016611877,3,1.0,dow,11,59.25,58.0,60.88,4,Developing,-1.25,-2.1
2026-10-03,05:55:00,277443,39.3,Y,2026-10-03T05:30:00+08:00,21.70584210022754,3,0.9999999999999991,dow,11,49.6,49.44,49.8,4,Developing,-10.3,-20.8
2026-10-03,05:55:00,279747,70.8,Y,2026-10-03T05:30:00+08:00,18.89576720148346,3,1.000000000000001,dow,11,68.25,67.67,70.65,4,Developing,2.55,3.7
2026-10-03,05:55:00,279748,70.0,Y,2026-10-03T05:30:00+08:00,19.020320923126263,3,1.0,dow,11,67.25,66.67,67.43,4,Developing,2.75,4.1
2026-10-03,05:55:00,279835,59.0,Y,2026-10-03T05:30:00+08:00,22.574504038524054,3,1.0000000000000002,dow,11,56.9,56.06,57.36,4,Developing,2.1,3.7
2026-10-03,05:55:00,279836,38.2,Y,2026-10-03T05:30:00+08:00,21.96639841144186,3,0.9999999999999994,dow,11,48.7,47.77,50.73,4,Developing,-10.5,-21.6
2026-10-03,05:55:00,281663,54.5,Y,2026-10-03T05:30:00+08:00,21.004550898658707,3,1.0000000000000009,dow,11,55.8,53.4,57.55,4,Developing,-1.3,-2.3
2026-10-03,05:55:00,281665,54.5,Y,2026-10-03T05:30:00+08:00,20.792898160970353,3,1.0000000000000009,dow,11,55.8,53.4,57.55,4,Developing,-1.3,-2.3
2026-10-03,05:55:00,57180,72.7,Y,2026-10-03T05:30:00+08:00,7.428106629589491,3,1.0,dow,11,74.28,72.59,74.81,4,Developing,-1.58,-2.1
2026-10-03,05:55:00,57187,60.8,Y,2026-10-03T05:30:00+08:00,7.693988553582723,3,1.0,dow,11,64.33,63.6,65.29,4,Developing,-3.53,-5.5
2026-10-03,05:55:00,57632,71.9,Y,2026-10-03T05:30:00+08:00,6.792583351076844,3,1.0,dow,11,74.5,72.91,75.28,4,Developing,-2.6,-3.5
2026-10-03,05:55:00,58278,71.0,Y,2026-10-03T05:30:00+08:00,7.0306390469538895,3,1.0,dow,11,72.43,70.96,73.29,4,Developing,-1.43,-2.0
2026-10-03,05:55:00,58279,69.9,Y,2026-10-03T05:30:00+08:00,7.330307360003296,3,1.0,dow,11,68.15,67.25,68.73,4,Developing,1.75,2.6
2026-10-03,05:55:00,58280,73.0,Y,2026-10-03T05:30:00+08:00,7.511091357885638,3,1.0,dow,11,69.4,68.34,70.12,4,Developing,3.6,5.2
2026-10-03,05:55:00,58736,72.4,Y,2026-10-03T05:30:00+08:00,7.309830483609461,3,0.9999999999999989,dow,11,75.08,73.3,75.56,4,Developing,-2.68,-3.6
2026-10-03,05:55:00,58737,65.6,Y,2026-10-03T05:30:00+08:00,7.603117419997958,3,1.0,dow,11,61.45,61.15,61.83,4,Developing,4.15,6.8
2026-10-03,05:55:00,59660,60.8,Y,2026-10-03T05:30:00+08:00,7.597312880781759,3,1.0,dow,11,64.62,64.5,64.69,4,Developing,-3.82,-5.9
2026-10-03,05:55:00,59904,68.3,Y,2026-10-03T05:30:00+08:00,7.6964403529693275,3,1.0,dow,11,65.55,65.28,65.83,4,Developing,2.75,4.2
2026-10-03,05:55:00,59906,72.9,Y,2026-10-03T05:30:00+08:00,7.436450434542208,3,0.9999999999999991,dow,11,69.32,68.27,70.0,4,Developing,3.58,5.2
2026-10-03,05:55:00,60111,69.3,Y,2026-10-03T05:30:00+08:00,7.4992579630078025,3,1.0,dow,11,74.38,72.17,75.34,4,Developing,-5.08,-6.8
2026-10-03,05:55:00,7379,54.3,Y,2026-10-03T05:30:00+08:00,15.097383856454064,3,1.0,dow,11,68.9,67.99,69.83,4,Developing,-14.6,-21.2
2026-10-03,05:55:00,7407,62.8,Y,2026-10-03T05:30:00+08:00,16.88151509730137,3,1.0,dow,11,59.08,59.05,59.25,4,Developing,3.72,6.3
2026-10-03,05:55:00,7409,62.3,Y,2026-10-03T05:30:00+08:00,16.86970436077153,3,1.0,dow,11,72.15,70.67,75.38,4,Developing,-9.85,-13.7
2026-10-03,05:55:00,7441,72.6,Y,2026-10-03T05:30:00+08:00,8.098301129305716,3,1.0,dow,11,77.0,77.0,77.0,4,Developing,-4.4,-5.7
2026-10-03,05:55:00,7463,62.3,Y,2026-10-03T05:30:00+08:00,8.255246175617334,3,1.0,dow,11,64.97,64.1,65.71,4,Developing,-2.67,-4.1
2026-10-03,05:55:00,7495,74.4,Y,2026-10-03T05:30:00+08:00,8.202903140647159,3,1.0,dow,11,77.0,77.0,77.0,4,Developing,-2.6,-3.4
2026-10-03,05:55:00,7710,75.5,Y,2026-10-03T05:30:00+08:00,9.830564380881755,3,0.9999999999999999,dow,11,77.0,76.97,77.0,4,Developing,-1.5,-1.9
2026-10-03,05:55:00,7721,55.8,Y,2026-10-03T05:30:00+08:00,14.467999126710117,3,1.0,dow,11,68.4,67.94,68.75,4,Developing,-12.6,-18.4
2026-10-03,05:55:00,7722,62.9,Y,2026-10-03T05:30:00+08:00,9.755259213196675,3,1.0000000000000002,dow,11,77.0,77.0,77.0,4,Developing,-14.1,-18.3
2026-10-03,05:55:00,7737,71.3,Y,2026-10-03T05:30:00+08:00,8.061364424760912,3,1.0,dow,11,74.75,74.54,75.0,4,Developing,-3.45,-4.6
2026-10-03,05:55:00,7767,69.9,Y,2026-10-03T05:30:00+08:00,8.20837093228841,3,1.0,dow,11,76.7,76.16,77.0,4,Developing,-6.8,-8.9
2026-10-03,05:55:00,7833,64.4,Y,2026-10-03T05:30:00+08:00,11.492278733837987,3,1.0,dow,11,70.85,70.15,70.9,4,Developing,-6.45,-9.1
2026-10-03,05:55:00,8011,53.7,Y,2026-10-03T05:30:00+08:00,15.551490089388812,3,1.0,dow,11,69.15,68.2,70.11,4,Developing,-15.45,-22.3
2026-10-03,05:55:00,8045,61.2,Y,2026-10-03T05:30:00+08:00,11.20005231941618,3,1.0,dow,11,68.5,67.94,68.8,4,Developing,-7.3,-10.7
2026-10-03,05:55:00,8149,74.2,Y,2026-10-03T05:30:00+08:00,10.192514617276203,3,1.0000000000000004,dow,11,77.0,77.0,77.0,4,Developing,-2.8,-3.6
2026-10-03,05:55:00,8320,58.3,Y,2026-10-03T05:30:00+08:00,14.624595563266178,3,1.0,dow,11,65.57,65.49,65.97,4,Developing,-7.27,-11.1
2026-10-03,05:55:00,8680,75.4,Y,2026-10-03T05:30:00+08:00,10.326057874674346,3,1.0000000000000002,dow,11,76.78,76.62,76.89,4,Developing,-1.38,-1.8
2026-10-03,05:55:00,8687,57.7,Y,2026-10-03T05:30:00+08:00,11.150071608066398,3,1.0,dow,11,67.67,67.11,68.2,4,Developing,-9.97,-14.7
2026-10-03,05:55:00,8731,61.4,Y,2026-10-03T05:30:00+08:00,7.881092201394528,3,1.0,dow,11,67.18,65.84,68.88,4,Developing,-5.78,-8.6
2026-10-03,05:55:00,8791,63.3,Y,2026-10-03T05:30:00+08:00,8.249091843068793,3,1.0,dow,11,70.43,69.51,70.96,4,Developing,-7.13,-10.1
2026-10-03,05:55:00,8807,73.8,Y,2026-10-03T05:30:00+08:00,11.248963339878973,3,1.0,dow,11,77.0,77.0,77.0,4,Developing,-3.2,-4.2
2026-10-03,05:55:00,9060,61.6,Y,2026-10-03T05:30:00+08:00,11.278178007992505,3,1.0,dow,11,64.35,63.85,64.95,4,Developing,-2.75,-4.3
2026-10-03,05:55:00,9319,56.4,Y,2026-10-03T05:30:00+08:00,11.838324909927925,3,1.0,dow,11,68.07,67.72,68.33,4,Developing,-11.67,-17.1
2026-10-03,05:55:00,93425,65.9,Y,2026-10-03T05:30:00+08:00,4.209272287498874,3,1.0,dow,11,73.33,73.08,73.89,4,Developing,-7.43,-10.1
2026-10-03,05:55:00,9350,54.6,Y,2026-10-03T05:30:00+08:00,14.871823820016047,3,1.0,dow,11,68.8,67.95,69.65,4,Developing,-14.2,-20.6
2026-10-03,05:55:00,9452,61.4,Y,2026-10-03T05:30:00+08:00,7.793997900066123,3,1.0,dow,11,67.12,65.84,68.8,4,Developing,-5.72,-8.5
2026-10-03,05:55:00,9464,75.9,Y,2026-10-03T05:30:00+08:00,11.117382264980883,3,1.0,dow,11,77.0,76.9,77.0,4,Developing,-1.1,-1.4
2026-10-03,05:55:00,9642,58.9,Y,2026-10-03T05:30:00+08:00,15.137916265910997,3,0.9999999999999999,dow,11,65.53,65.5,65.94,4,Developing,-6.63,-10.1
2026-10-03,05:55:00,96576,76.5,Y,2026-10-03T05:30:00+08:00,5.157250979336155,3,1.0,dow,11,77.0,76.99,77.0,4,Developing,-0.5,-0.6
2026-10-03,05:55:00,96577,66.8,Y,2026-10-03T05:30:00+08:00,5.1293093980812845,3,1.0,dow,11,76.75,75.29,76.83,4,Developing,-9.95,-13.0
2026-10-03,05:55:00,96580,64.5,Y,2026-10-03T05:30:00+08:00,4.303573682089414,3,0.999999999999999,dow,11,74.0,72.73,74.5,4,Developing,-9.5,-12.8
2026-10-03,05:55:00,96581,74.6,Y,2026-10-03T05:30:00+08:00,4.328936232959088,3,1.0,dow,11,77.0,76.3,77.0,4,Developing,-2.4,-3.1
2026-10-03,05:55:00,96587,76.0,Y,2026-10-03T05:30:00+08:00,6.049294287431833,3,0.999999999999999,dow,11,77.0,75.89,77.0,4,Developing,-1.0,-1.3
2026-10-03,05:55:00,96588,77.0,Y,2026-10-03T05:30:00+08:00,6.107218298282131,3,1.0,dow,11,77.0,76.25,77.0,4,Developing,0.0,0.0
2026-10-03,05:55:00,96596,75.2,Y,2026-10-03T05:30:00+08:00,6.637882481981398,3,1.0,dow,11,77.0,75.64,77.0,4,Developing,-1.8,-2.3
2026-10-03,05:55:00,96597,77.0,Y,2026-10-03T05:30:00+08:00,6.608124615801792,3,0.999999999999999,dow,11,77.0,75.97,77.0,4,Developing,0.0,0.0
2026-10-03,05:55:00,9662,64.4,Y,2026-10-03T05:30:00+08:00,15.516753760537174,3,1.000000000000001,dow,11,62.0,61.84,62.23,4,Developing,2.4,3.9
2026-10-03,05:55:00,9676,59.5,Y,2026-10-03T05:30:00+08:00,10.385312837077565,3,1.0000000000000002,dow,11,76.88,76.6,77.0,4,Developing,-17.38,-22.6
2026-10-03,05:55:00,96817,66.7,Y,2026-10-03T05:30:00+08:00,4.306383180150219,3,0.999999999999999,dow,11,70.03,69.21,71.6,4,Developing,-3.33,-4.8
2026-10-03,05:55:00,9683,59.6,Y,2026-10-03T05:30:00+08:00,11.789531634161591,3,1.0,dow,11,67.57,67.08,67.96,4,Developing,-7.97,-11.8
2026-10-03,05:55:00,9684,64.0,Y,2026-10-03T05:30:00+08:00,9.960680282414389,3,1.0,dow,11,77.0,77.0,77.0,4,Developing,-13.0,-16.9
2026-10-03,05:55:00,9693,69.6,Y,2026-10-03T05:30:00+08:00,7.928022037602281,3,1.0,dow,11,69.43,69.05,70.01,4,Developing,0.17,0.2
2026-10-03,05:55:00,9719,63.2,Y,2026-10-03T05:30:00+08:00,7.943235889700416,3,1.0,dow,11,70.0,69.19,70.99,4,Developing,-6.8,-9.7
2026-10-03,05:55:00,9746,66.2,Y,2026-10-03T05:30:00+08:00,7.801539155752605,3,1.0,dow,11,68.28,67.76,68.43,4,Developing,-2.08,-3.0
2026-10-03,05:55:00,276971,68.4,Y,2026-10-03T05:30:00+08:00,18.193722749293787,3,1.0,dow,11,52.62,51.94,58.25,4,Developing,15.78,30.0
2026-10-03,05:55:00,276982,80,N,2026-10-03T05:30:00+08:00,19.16648391584166,3,1.0,dow,11,27.0,25.75,38.75,4,Developing,,
2026-10-03,05:55:00,276991,70.9,Y,2026-10-03T05:30:00+08:00,19.172401309955518,3,1.0,dow,11,76.35,75.01,77.5,4,Developing,-5.45,-7.1
2026-10-03,05:55:00,277035,66.1,Y,2026-10-03T05:30:00+08:00,18.608993663984602,3,1.0,dow,11,67.35,65.17,69.85,4,Developing,-1.25,-1.9
2026-10-03,05:55:00,277045,60.0,Y,2026-10-03T05:30:00+08:00,20.841569457195778,3,1.0,dow,11,62.25,61.0,64.38,4,Developing,-2.25,-3.6
2026-10-03,05:55:00,277105,60.0,Y,2026-10-03T05:30:00+08:00,20.986734476039075,3,1.0,dow,11,62.25,61.0,64.38,4,Developing,-2.25,-3.6
2026-10-03,05:55:00,277106,60.0,Y,2026-10-03T05:30:00+08:00,20.919578061963797,3,1.0000000000000009,dow,11,62.25,61.0,64.38,4,Developing,-2.25,-3.6
2026-10-03,05:55:00,277112,60.0,Y,2026-10-03T05:30:00+08:00,20.874149798294937,3,1.0,dow,11,62.25,61.0,64.38,4,Developing,-2.25,-3.6
2026-10-03,05:55:00,100785,50,N,2026-10-03T05:30:00+08:00,22.857040673281457,3,1.0,day_type,11,44.25,44.0,44.62,4,Developing,,
2026-10-03,05:55:00,100786,50,N,2026-10-03T05:30:00+08:00,22.857831840926856,3,1.0,day_type,11,44.75,44.38,45.0,4,Developing,,
2026-10-03,05:55:00,101037,54.5,Y,2026-10-03T05:30:00+08:00,17.670710750630878,3,0.999999999999999,all,11,49.0,47.75,49.25,3,Provisional,5.5,11.2
2026-10-03,05:55:00,101179,50.8,Y,2026-10-03T05:30:00+08:00,22.879816208592384,3,1.0,dow,11,44.3,44.21,44.3,4,Developing,6.5,14.7
2026-10-03,05:55:00,101345,42.2,Y,2026-10-03T05:30:00+08:00,22.04890414331104,3,1.0,dow,11,42.2,42.0,42.42,4,Developing,0.0,0.0
2026-10-03,05:55:00,101361,56.8,Y,2026-10-03T05:30:00+08:00,21.13729063196961,3,0.9999999999999999,dow,11,62.22,61.67,62.69,4,Developing,-5.42,-8.7
2026-10-03,05:55:00,101365,65.8,Y,2026-10-03T05:30:00+08:00,21.630327936435545,3,1.0,dow,11,63.17,59.48,67.82,4,Developing,2.63,4.2
2026-10-03,05:55:00,101367,51.2,Y,2026-10-03T05:30:00+08:00,21.640031675501415,3,1.0000000000000009,dow,11,61.05,56.6,66.49,4,Developing,-9.85,-16.1
2026-10-03,05:55:00,101462,72.0,Y,2026-10-03T05:30:00+08:00,20.88214240615523,3,1.0,dow,11,55.75,53.75,56.88,4,Developing,16.25,29.1
2026-10-03,05:55:00,101463,66.0,Y,2026-10-03T05:30:00+08:00,21.734525925025842,3,0.9999999999999999,dow,11,62.65,58.52,67.56,4,Developing,3.35,5.3
2026-10-03,05:55:00,101464,62.9,Y,2026-10-03T05:30:00+08:00,21.346169171172587,3,1.0,dow,11,60.9,60.48,61.45,4,Developing,2.0,3.3
2026-10-03,05:55:00,101465,59.5,Y,2026-10-03T05:30:00+08:00,21.768898460454093,3,1.000000000000001,dow,11,58.9,58.41,59.44,4,Developing,0.6,1.0
2026-10-03,05:55:00,101473,41.4,Y,2026-10-03T05:30:00+08:00,22.109410837528532,3,1.0,dow,11,41.73,40.86,42.08,4,Developing,-0.33,-0.8
2026-10-03,05:55:00,101474,41.0,Y,2026-10-03T05:30:00+08:00,21.982427674549385,3,1.0,dow,11,41.2,40.0,42.03,4,Developing,-0.2,-0.5
2026-10-03,05:55:00,101512,54.5,Y,2026-10-03T05:30:00+08:00,17.600810762311973,3,1.0,all,11,49.0,47.75,49.25,3,Provisional,5.5,11.2
2026-10-03,05:55:00,101640,42.6,Y,2026-10-03T05:30:00+08:00,22.205623385706435,3,1.0,day_type,11,47.0,42.3,48.0,5,Developing,-4.4,-9.4
2026-10-03,05:55:00,101642,39.0,Y,2026-10-03T05:30:00+08:00,21.847188342920973,3,1.0,dow,11,42.0,39.75,44.75,4,Developing,-3.0,-7.1
2026-10-03,05:55:00,101646,39.0,Y,2026-10-03T05:30:00+08:00,21.87688902598141,3,1.0,dow,11,42.0,39.75,44.75,4,Developing,-3.0,-7.1
2026-10-03,05:55:00,101653,51.4,Y,2026-10-03T05:30:00+08:00,22.916898115088923,3,0.9999999999999996,dow,11,45.85,45.62,46.08,4,Developing,5.55,12.1
2026-10-03,05:55:00,101654,37.3,Y,2026-10-03T05:30:00+08:00,22.836611852145065,3,0.9999999999999998,day_type,11,43.7,42.6,44.8,5,Developing,-6.4,-14.6
2026-10-03,05:55:00,101655,33.9,Y,2026-10-03T05:30:00+08:00,22.85621143540578,3,1.0,dow,11,39.38,38.71,39.96,4,Developing,-5.48,-13.9
2026-10-03,05:55:00,101656,39.6,Y,2026-10-03T05:30:00+08:00,22.821998333988656,3,1.0,day_type,11,47.0,43.3,48.0,5,Developing,-7.4,-15.7
2026-10-03,05:55:00,101657,45.2,Y,2026-10-03T05:30:00+08:00,21.990122925515983,3,1.0,dow,11,60.0,58.96,60.35,4,Developing,-14.8,-24.7
2026-10-03,05:55:00,101658,45.0,Y,2026-10-03T05:30:00+08:00,21.86399691624886,3,1.0,dow,11,63.5,60.5,66.0,4,Developing,-18.5,-29.1
2026-10-03,05:55:00,101661,39.1,Y,2026-10-03T05:30:00+08:00,22.242741047422406,3,1.0,dow,11,42.0,40.9,42.8,4,Developing,-2.9,-6.9
2026-10-03,05:55:00,101748,41.1,Y,2026-10-03T05:30:00+08:00,22.070904410079585,3,1.0000000000000009,dow,11,52.15,50.94,53.72,4,Developing,-11.05,-21.2
2026-10-03,05:55:00,101754,40.4,Y,2026-10-03T05:30:00+08:00,22.49720090385461,3,1.0,dow,11,50.17,48.94,51.34,4,Developing,-9.77,-19.5
2026-10-03,05:55:00,101755,43.7,Y,2026-10-03T05:30:00+08:00,22.4817002165372,3,1.0,dow,11,50.28,48.9,51.44,4,Developing,-6.58,-13.1
2026-10-03,05:55:00,101756,71.8,Y,2026-10-03T05:30:00+08:00,17.56701662746524,3,1.0,dow,11,66.85,64.79,68.78,4,Developing,4.95,7.4
2026-10-03,05:55:00,101757,73.0,Y,2026-10-03T05:30:00+08:00,17.565712094621645,3,1.0,dow,11,67.57,66.9,68.06,4,Developing,5.43,8.0
2026-10-03,05:55:00,101762,47.8,Y,2026-10-03T05:30:00+08:00,16.753785285169933,3,0.9999999999999998,dow,11,64.0,63.75,64.54,4,Developing,-16.2,-25.3
2026-10-03,05:55:00,101763,60.2,Y,2026-10-03T05:30:00+08:00,17.148511547569104,3,1.0000000000000004,dow,11,73.03,71.97,73.86,4,Developing,-12.83,-17.6
2026-10-03,05:55:00,101764,73.6,Y,2026-10-03T05:30:00+08:00,17.168497357462304,3,1.0000000000000002,dow,11,76.7,76.31,77.0,4,Developing,-3.1,-4.0
2026-10-03,05:55:00,101774,55.1,Y,2026-10-03T05:30:00+08:00,18.28986181592808,3,1.0,dow,11,65.67,64.69,67.53,4,Developing,-10.57,-16.1
2026-10-03,05:55:00,101775,75.7,Y,2026-10-03T05:30:00+08:00,18.321991813867186,3,0.9999999999999991,dow,11,75.62,75.41,75.81,4,Developing,0.08,0.1
2026-10-03,05:55:00,101776,46.0,Y,2026-10-03T05:30:00+08:00,19.166861450707657,3,1.0,dow,11,61.25,60.12,64.75,4,Developing,-15.25,-24.9
2026-10-03,05:55:00,101777,75.0,Y,2026-10-03T05:30:00+08:00,19.229548809140432,3,1.0,dow,11,75.5,74.75,76.0,4,Developing,-0.5,-0.7
2026-10-03,05:55:00,101794,50.7,Y,2026-10-03T05:30:00+08:00,22.328251082382305,3,0.9999999999999989,dow,11,61.55,59.52,62.75,4,Developing,-10.85,-17.6
2026-10-03,05:55:00,101795,51.3,Y,2026-10-03T05:30:00+08:00,22.30381968655077,3,1.0,dow,11,56.15,55.8,57.45,4,Developing,-4.85,-8.6
2026-10-03,05:55:00,101796,45.7,Y,2026-10-03T05:30:00+08:00,22.55698616363349,3,1.0,day_type,11,47.0,45.4,48.0,5,Developing,-1.3,-2.8
2026-10-03,05:55:00,101797,36.1,Y,2026-10-03T05:30:00+08:00,22.567576792168392,3,1.0,dow,11,39.4,38.33,40.05,4,Developing,-3.3,-8.4
2026-10-03,05:55:00,101802,68.5,Y,2026-10-03T05:30:00+08:00,21.838198068650772,3,1.0,dow,11,69.78,66.08,73.81,4,Developing,-1.28,-1.8
2026-10-03,05:55:00,101814,59.8,Y,2026-10-03T05:30:00+08:00,21.847088618746543,3,1.0,dow,11,62.85,58.52,67.99,4,Developing,-3.05,-4.9
2026-10-03,05:55:00,101815,42.2,Y,2026-10-03T05:30:00+08:00,21.919815147230377,3,0.9999999999999989,dow,11,42.2,42.0,42.42,4,Developing,0.0,0.0
2026-10-03,05:55:00,101822,43.6,Y,2026-10-03T05:30:00+08:00,21.880814639931234,3,0.9999999999999999,dow,11,46.6,46.34,46.76,4,Developing,-3.0,-6.4
2026-10-03,05:55:00,101823,42.2,Y,2026-10-03T05:30:00+08:00,21.874917245276894,3,1.0,dow,11,42.2,42.0,42.42,4,Developing,0.0,0.0
2026-10-03,05:55:00,101829,41.9,Y,2026-10-03T05:30:00+08:00,21.91335789930678,3,1.0000000000000009,dow,11,44.0,43.2,44.6,4,Developing,-2.1,-4.8
2026-10-03,05:55:00,101873,49.6,Y,2026-10-03T05:30:00+08:00,17.481132849791756,3,1.0000000000000009,dow,11,48.85,48.8,48.98,4,Developing,0.75,1.5
2026-10-03,05:55:00,101877,73.0,Y,2026-10-03T05:30:00+08:00,17.476386274007872,3,1.0,all,11,76.0,74.5,77.0,3,Provisional,-3.0,-3.9
2026-10-03,05:55:00,101878,68.2,Y,2026-10-03T05:30:00+08:00,17.142571760456583,3,1.0,dow,11,73.25,72.89,73.38,4,Developing,-5.05,-6.9
2026-10-03,05:55:00,101879,73.0,Y,2026-10-03T05:30:00+08:00,17.342633289712865,3,1.0,dow,11,72.78,72.12,73.35,4,Developing,0.22,0.3
2026-10-03,05:55:00,101901,42.7,Y,2026-10-03T05:30:00+08:00,21.971117845562553,3,1.0,dow,11,40.0,39.88,41.33,4,Developing,2.7,6.8
2026-10-03,05:55:00,101902,42.5,Y,2026-10-03T05:30:00+08:00,21.89756504267882,3,1.0,dow,11,39.75,36.44,43.41,4,Developing,2.75,6.9
2026-10-03,05:55:00,101906,42.7,Y,2026-10-03T05:30:00+08:00,21.862479356583073,3,1.0,dow,11,40.0,39.88,41.33,4,Developing,2.7,6.8
2026-10-03,05:55:00,101920,42.2,Y,2026-10-03T05:30:00+08:00,21.996835429597038,3,0.9999999999999999,dow,11,42.2,42.0,42.42,4,Developing,0.0,0.0
2026-10-03,05:55:00,101923,71.4,Y,2026-10-03T05:30:00+08:00,21.77082928472651,3,1.0000000000000009,dow,11,63.33,63.11,63.96,4,Developing,8.07,12.7
2026-10-03,05:55:00,101924,58.6,Y,2026-10-03T05:30:00+08:00,21.79251705290744,3,1.0,dow,11,61.32,57.15,66.53,4,Developing,-2.72,-4.4
2026-10-03,05:55:00,101931,45.0,Y,2026-10-03T05:30:00+08:00,22.74992635066737,3,1.0,day_type,11,47.0,45.3,48.0,5,Developing,-2.0,-4.3
2026-10-03,05:55:00,101932,33.8,Y,2026-10-03T05:30:00+08:00,22.754144800996286,3,1.0,dow,11,38.6,37.79,39.05,4,Developing,-4.8,-12.4
2026-10-03,05:55:00,101933,46.4,Y,2026-10-03T05:30:00+08:00,22.34585406549723,3,1.0,day_type,11,47.0,45.6,48.0,5,Developing,-0.6,-1.3
2026-10-03,05:55:00,101934,50,N,2026-10-03T05:30:00+08:00,22.353317887375262,3,1.0,day_type,11,40.85,40.6,41.15,4,Developing,,
2026-10-03,05:55:00,101935,42.0,Y,2026-10-03T05:30:00+08:00,22.665058888697278,3,1.0,dow,11,50.25,49.41,51.06,4,Developing,-8.25,-16.4
2026-10-03,05:55:00,101936,43.4,Y,2026-10-03T05:30:00+08:00,22.64274768370592,3,1.0,dow,11,49.47,48.07,50.67,4,Developing,-6.07,-12.3
2026-10-03,05:55:00,101937,50.6,Y,2026-10-03T05:30:00+08:00,22.151830590831043,3,1.0,dow,11,60.35,58.41,61.58,4,Developing,-9.75,-16.2
2026-10-03,05:55:00,101938,51.7,Y,2026-10-03T05:30:00+08:00,22.128757987824613,3,1.0,dow,11,57.6,56.15,59.16,4,Developing,-5.9,-10.2
2026-10-03,05:55:00,101958,49.9,Y,2026-10-03T05:30:00+08:00,20.745567607221677,3,1.0000000000000009,dow,11,61.65,60.36,64.34,4,Developing,-11.75,-19.1
2026-10-03,05:55:00,101959,75.0,Y,2026-10-03T05:30:00+08:00,20.15594624029557,3,1.0000000000000009,dow,11,75.5,74.75,76.0,4,Developing,-0.5,-0.7
2026-10-03,05:55:00,101960,46.0,Y,2026-10-03T05:30:00+08:00,18.46269602184053,3,0.9999999999999989,dow,11,61.25,60.12,64.75,4,Developing,-15.25,-24.9
2026-10-03,05:55:00,101961,75.0,Y,2026-10-03T05:30:00+08:00,18.509995840299283,3,0.9999999999999989,dow,11,75.5,74.75,76.0,4,Developing,-0.5,-0.7
2026-10-03,05:55:00,101972,60.2,Y,2026-10-03T05:30:00+08:00,17.813476316369602,3,0.999999999999999,dow,11,73.03,71.97,73.86,4,Developing,-12.83,-17.6
2026-10-03,05:55:00,101973,75.3,Y,2026-10-03T05:30:00+08:00,17.831511459589347,3,1.0,dow,11,77.0,76.96,77.0,4,Developing,-1.7,-2.2
2026-10-03,05:55:00,101974,60.2,Y,2026-10-03T05:30:00+08:00,16.681712598105733,3,0.9999999999999996,dow,11,74.65,74.05,75.65,4,Developing,-14.45,-19.4
2026-10-03,05:55:00,101975,47.8,Y,2026-10-03T05:30:00+08:00,16.707020195486404,3,0.9999999999999997,dow,11,64.0,63.75,64.54,4,Developing,-16.2,-25.3
2026-10-03,05:55:00,101977,47.8,Y,2026-10-03T05:30:00+08:00,16.7880765086106,3,1.0,dow,11,64.0,63.75,64.54,4,Developing,-16.2,-25.3
2026-10-03,05:55:00,101983,72.9,Y,2026-10-03T05:30:00+08:00,17.462816860262684,3,1.0,dow,11,70.78,70.21,71.6,4,Developing,2.12,3.0
2026-10-03,05:55:00,101984,73.0,Y,2026-10-03T05:30:00+08:00,17.461379034379213,3,1.0,dow,11,75.62,74.7,76.26,4,Developing,-2.62,-3.5
2026-10-03,05:55:00,101985,71.8,Y,2026-10-03T05:30:00+08:00,17.650803830473926,3,1.0,dow,11,66.85,64.79,68.78,4,Developing,4.95,7.4
2026-10-03,05:55:00,101986,73.0,Y,2026-10-03T05:30:00+08:00,17.662327160440352,3,1.0,dow,11,61.0,60.66,61.06,4,Developing,12.0,19.7
2026-10-03,05:55:00,102155,60.4,Y,2026-10-03T05:30:00+08:00,21.740391179509373,3,1.0,dow,11,69.9,68.56,71.73,4,Developing,-9.5,-13.6
2026-10-03,05:55:00,102162,61.9,Y,2026-10-03T05:30:00+08:00,21.426576080327745,3,1.0000000000000009,dow,11,74.15,72.65,75.28,4,Developing,-12.25,-16.5
2026-10-03,05:55:00,102666,44.0,Y,2026-10-03T05:30:00+08:00,22.041225897088424,3,1.0,dow,11,61.2,60.31,62.38,4,Developing,-17.2,-28.1
2026-10-03,05:55:00,102675,44.5,Y,2026-10-03T05:30:00+08:00,21.719463003801255,3,1.0000000000000009,dow,11,61.35,60.6,62.47,4,Developing,-16.85,-27.5
2026-10-03,05:55:00,102876,60.3,Y,2026-10-03T05:30:00+08:00,21.057788207148164,3,1.0,dow,11,59.83,59.36,60.27,4,Developing,0.47,0.8
2026-10-03,05:55:00,102877,44.0,Y,2026-10-03T05:30:00+08:00,20.987427417172484,3,1.0,dow,11,54.35,52.88,56.47,4,Developing,-10.35,-19.0
2026-10-03,05:55:00,102889,68.7,Y,2026-10-03T05:30:00+08:00,21.004720645218256,3,1.0,dow,11,67.78,67.49,67.99,4,Developing,0.92,1.4
2026-10-03,05:55:00,102964,38.0,Y,2026-10-03T05:30:00+08:00,20.908587533838883,3,1.0,dow,11,50.23,49.02,50.66,4,Developing,-12.23,-24.3
2026-10-03,05:55:00,103008,55.0,Y,2026-10-03T05:30:00+08:00,20.303082474173312,3,1.0,dow,11,62.5,61.5,63.0,4,Developing,-7.5,-12.0
2026-10-03,05:55:00,103050,57.3,Y,2026-10-03T05:30:00+08:00,20.482256070738185,3,1.0,dow,11,66.62,65.89,67.81,4,Developing,-9.32,-14.0
2026-10-03,05:55:00,103249,60.8,Y,2026-10-03T05:30:00+08:00,21.001238230598727,3,1.0000000000000009,dow,11,72.42,70.0,72.83,4,Developing,-11.62,-16.0
2026-10-03,05:55:00,103251,64.8,Y,2026-10-03T05:30:00+08:00,20.81303506870908,3,1.0,dow,11,73.88,72.76,74.89,4,Developing,-9.08,-12.3
2026-10-03,05:55:00,103252,62.0,Y,2026-10-03T05:30:00+08:00,21.18469706986472,3,1.0,dow,11,74.78,73.17,75.91,4,Developing,-12.78,-17.1
2026-10-03,05:55:00,103429,37.1,Y,2026-10-03T05:30:00+08:00,21.136154563868445,3,0.999999999999999,dow,11,43.52,41.84,45.21,4,Developing,-6.42,-14.8
2026-10-03,05:55:00,103447,47.9,Y,2026-10-03T05:30:00+08:00,21.13558503205129,3,1.0,dow,11,46.17,44.64,48.0,4,Developing,1.73,3.7
2026-10-03,05:55:00,103537,71.5,Y,2026-10-03T05:30:00+08:00,20.89736335136953,3,1.0000000000000009,dow,11,77.0,75.94,77.0,4,Developing,-5.5,-7.1
2026-10-03,05:55:00,103673,39.7,Y,2026-10-03T05:30:00+08:00,20.03660965012604,3,1.0,dow,11,55.95,54.48,56.56,4,Developing,-16.25,-29.0
2026-10-03,05:55:00,103674,46.0,Y,2026-10-03T05:30:00+08:00,20.05751703355338,3,1.000000000000001,dow,11,57.85,57.29,59.8,4,Developing,-11.85,-20.5
2026-10-03,05:55:00,103696,52.7,Y,2026-10-03T05:30:00+08:00,19.89918307757905,3,1.0,dow,11,54.1,52.45,55.5,4,Developing,-1.4,-2.6
2026-10-03,05:55:00,103772,61.5,Y,2026-10-03T05:30:00+08:00,23.693162924005208,3,1.0,dow,11,64.52,64.0,65.2,4,Developing,-3.02,-4.7
2026-10-03,05:55:00,103793,64.5,Y,2026-10-03T05:30:00+08:00,22.884937858556437,3,0.9999999999999999,dow,11,65.83,64.88,66.8,4,Developing,-1.33,-2.0
2026-10-03,05:55:00,103806,42.7,Y,2026-10-03T05:30:00+08:00,23.33306505189262,3,1.0,dow,11,61.05,59.61,62.15,4,Developing,-18.35,-30.1
2026-10-03,05:55:00,103807,43.7,Y,2026-10-03T05:30:00+08:00,22.506029816170177,3,1.0000000000000009,dow,11,61.15,60.15,62.38,4,Developing,-17.45,-28.5
2026-10-03,05:55:00,103822,63.8,Y,2026-10-03T05:30:00+08:00,21.316724794767378,3,1.0,dow,11,65.5,65.0,65.97,4,Developing,-1.7,-2.6
2026-10-03,05:55:00,103841,42.5,Y,2026-10-03T05:30:00+08:00,20.845270198768386,3,1.0,dow,11,54.23,53.01,55.78,4,Developing,-11.73,-21.6
2026-10-03,05:55:00,103847,56.2,Y,2026-10-03T05:30:00+08:00,20.874180894400283,3,1.0,dow,11,52.97,52.16,53.1,4,Developing,3.23,6.1
2026-10-03,05:55:00,103858,53.4,Y,2026-10-03T05:30:00+08:00,21.00818385914211,3,1.0,dow,11,58.88,58.12,60.09,4,Developing,-5.48,-9.3
2026-10-03,05:55:00,103871,37.2,Y,2026-10-03T05:30:00+08:00,20.991806076724473,3,1.0,dow,11,48.2,46.94,49.03,4,Developing,-11.0,-22.8
2026-10-03,05:55:00,103880,50.0,Y,2026-10-03T05:30:00+08:00,20.29806342438954,3,1.0,dow,11,53.25,50.0,57.12,4,Developing,-3.25,-6.1
2026-10-03,05:55:00,103923,42.1,Y,2026-10-03T05:30:00+08:00,22.00443220548027,3,1.0,dow,11,52.58,50.92,54.58,4,Developing,-10.48,-19.9
2026-10-03,05:55:00,103925,52.3,Y,2026-10-03T05:30:00+08:00,21.999560617939103,3,0.999999999999999,dow,11,58.3,55.85,60.55,4,Developing,-6.0,-10.3
2026-10-03,05:55:00,103927,60.3,Y,2026-10-03T05:30:00+08:00,21.574417194818444,3,0.9999999999999999,dow,11,71.65,70.34,73.25,4,Developing,-11.35,-15.8
2026-10-03,05:55:00,103930,54.4,Y,2026-10-03T05:30:00+08:00,21.796874831842164,3,1.0,dow,11,65.05,63.02,66.8,4,Developing,-10.65,-16.4
2026-10-03,05:55:00,103931,55.7,Y,2026-10-03T05:30:00+08:00,21.932384401238785,3,1.0,dow,11,62.4,60.39,64.62,4,Developing,-6.7,-10.7
2026-10-03,05:55:00,103935,44.0,Y,2026-10-03T05:30:00+08:00,20.899793577434448,3,1.0,dow,11,70.03,67.51,71.35,4,Developing,-26.03,-37.2
2026-10-03,05:55:00,103936,51.7,Y,2026-10-03T05:30:00+08:00,21.244208737492002,3,1.0000000000000009,dow,11,67.28,64.25,68.95,4,Developing,-15.58,-23.2
2026-10-03,05:55:00,103945,46.0,Y,2026-10-03T05:30:00+08:00,21.264453147936614,3,0.9999999999999991,dow,11,57.57,57.2,58.77,4,Developing,-11.57,-20.1
2026-10-03,05:55:00,103946,61.7,Y,2026-10-03T05:30:00+08:00,21.18548456091291,3,1.0,dow,11,62.55,62.22,62.96,4,Developing,-0.85,-1.4
2026-10-03,05:55:00,103947,56.3,Y,2026-10-03T05:30:00+08:00,20.97983662252127,3,1.0,dow,11,57.38,56.86,58.91,4,Developing,-1.08,-1.9
2026-10-03,05:55:00,103948,51.8,Y,2026-10-03T05:30:00+08:00,20.956389695600336,3,1.0,dow,11,48.65,48.06,48.78,4,Developing,3.15,6.5
2026-10-03,05:55:00,103949,47.7,Y,2026-10-03T05:30:00+08:00,21.05707709270578,3,1.0000000000000009,dow,11,48.38,46.8,49.66,4,Developing,-0.68,-1.4
2026-10-03,05:55:00,103960,39.2,Y,2026-10-03T05:30:00+08:00,19.989312090133602,3,1.0,dow,11,47.3,45.31,49.95,4,Developing,-8.1,-17.1
2026-10-03,05:55:00,103968,44.3,Y,2026-10-03T05:30:00+08:00,20.494759956336747,3,1.0,dow,11,64.05,62.11,64.53,4,Developing,-19.75,-30.8
2026-10-03,05:55:00,103969,69.5,Y,2026-10-03T05:30:00+08:00,20.730723921001243,3,1.0,dow,11,75.68,74.0,76.36,4,Developing,-6.18,-8.2
2026-10-03,05:55:00,104005,45.9,Y,2026-10-03T05:30:00+08:00,21.14242269330188,3,1.0,dow,11,54.17,53.75,55.53,4,Developing,-8.27,-15.3
2026-10-03,05:55:00,104008,43.4,Y,2026-10-03T05:30:00+08:00,20.266023398882485,3,1.0,dow,11,63.05,61.05,63.95,4,Developing,-19.65,-31.2
2026-10-03,05:55:00,104009,53.1,Y,2026-10-03T05:30:00+08:00,20.38928017724234,3,1.000000000000001,dow,11,60.85,60.26,61.98,4,Developing,-7.75,-12.7
2026-10-03,05:55:00,104034,38.9,Y,2026-10-03T05:30:00+08:00,19.943403699381598,3,1.0000000000000009,dow,11,54.0,52.61,54.58,4,Developing,-15.1,-28.0
2026-10-03,05:55:00,104035,38.9,Y,2026-10-03T05:30:00+08:00,19.947439080448454,3,0.9999999999999989,dow,11,54.4,53.74,57.05,4,Developing,-15.5,-28.5
2026-10-03,05:55:00,106653,54.7,Y,2026-10-03T05:30:00+08:00,20.098041074190892,3,1.0,dow,11,62.2,61.11,63.11,4,Developing,-7.5,-12.1
2026-10-03,05:55:00,106670,64.1,Y,2026-10-03T05:30:00+08:00,19.87070168449768,3,1.0,dow,11,70.03,69.2,70.74,4,Developing,-5.93,-8.5
2026-10-03,05:55:00,106674,60.8,Y,2026-10-03T05:30:00+08:00,18.57701080453627,3,1.0,dow,11,67.85,67.3,68.28,4,Developing,-7.05,-10.4
2026-10-03,05:55:00,106856,62.9,Y,2026-10-03T05:30:00+08:00,21.188978415998353,3,1.0000000000000009,dow,11,65.97,65.69,66.24,4,Developing,-3.07,-4.7
2026-10-03,05:55:00,106857,61.6,Y,2026-10-03T05:30:00+08:00,21.191566858033944,3,1.0,dow,11,65.3,63.62,66.93,4,Developing,-3.7,-5.7
2026-10-03,05:55:00,106858,55.3,Y,2026-10-03T05:30:00+08:00,20.46923205849257,3,0.9999999999999991,dow,11,63.1,62.05,64.11,4,Developing,-7.8,-12.4
2026-10-03,05:55:00,106859,62.3,Y,2026-10-03T05:30:00+08:00,20.212153364966838,3,1.0,dow,11,68.67,66.85,70.45,4,Developing,-6.37,-9.3
2026-10-03,05:55:00,106860,69.8,Y,2026-10-03T05:30:00+08:00,17.53517693855477,3,0.9999999999999999,dow,11,74.95,74.68,75.25,4,Developing,-5.15,-6.9
2026-10-03,05:55:00,107128,63.1,Y,2026-10-03T05:30:00+08:00,19.111319033420816,3,1.0,dow,11,70.35,68.68,71.85,4,Developing,-7.25,-10.3
2026-10-03,05:55:00,107130,61.0,Y,2026-10-03T05:30:00+08:00,20.47766760154943,3,0.9999999999999999,dow,11,59.95,58.72,60.96,4,Developing,1.05,1.8
2026-10-03,05:55:00,107131,71.7,Y,2026-10-03T05:30:00+08:00,16.725986432849048,3,1.0000000000000009,dow,11,72.15,71.47,73.14,4,Developing,-0.45,-0.6
2026-10-03,05:55:00,107138,70.3,Y,2026-10-03T05:30:00+08:00,16.865841602326615,3,0.9999999999999989,dow,11,76.35,75.85,76.85,4,Developing,-6.05,-7.9
2026-10-03,05:55:00,107139,66.3,Y,2026-10-03T05:30:00+08:00,18.064481438291157,3,1.0000000000000009,dow,11,72.9,72.5,73.22,4,Developing,-6.6,-9.1
2026-10-03,05:55:00,107140,64.2,Y,2026-10-03T05:30:00+08:00,20.10459312024099,3,1.0,dow,11,69.77,68.9,70.4,4,Developing,-5.57,-8.0
2026-10-03,05:55:00,107141,56.3,Y,2026-10-03T05:30:00+08:00,19.517569140595214,3,0.9999999999999991,dow,11,63.15,62.79,63.48,4,Developing,-6.85,-10.8
2026-10-03,05:55:00,107142,59.1,Y,2026-10-03T05:30:00+08:00,20.983374713674596,3,1.0000000000000009,dow,11,65.72,65.45,65.86,4,Developing,-6.62,-10.1
2026-10-03,05:55:00,107143,63.3,Y,2026-10-03T05:30:00+08:00,19.98241815915421,3,0.9999999999999999,dow,11,66.9,66.4,67.68,4,Developing,-3.6,-5.4
2026-10-03,05:55:00,107144,63.1,Y,2026-10-03T05:30:00+08:00,21.406479313383073,3,1.0,dow,11,65.33,63.8,66.8,4,Developing,-2.23,-3.4
2026-10-03,05:55:00,107145,62.7,Y,2026-10-03T05:30:00+08:00,21.162761260845684,3,1.0,dow,11,65.92,65.74,66.15,4,Developing,-3.22,-4.9
2026-10-03,05:55:00,107147,61.6,Y,2026-10-03T05:30:00+08:00,20.677530152003893,3,0.999999999999999,dow,11,67.05,65.65,68.2,4,Developing,-5.45,-8.1
2026-10-03,05:55:00,107767,63.0,Y,2026-10-03T05:30:00+08:00,25.611567979604153,3,1.0000000000000002,dow,11,60.0,59.38,60.62,4,Developing,3.0,5.0
2026-10-03,05:55:00,107782,63.0,Y,2026-10-03T05:30:00+08:00,26.13137513257352,3,1.0000000000000002,dow,11,64.25,63.25,65.0,4,Developing,-1.25,-1.9
2026-10-03,05:55:00,107786,55.0,Y,2026-10-03T05:30:00+08:00,26.209438896558925,3,1.0000000000000002,dow,11,60.35,59.9,60.83,4,Developing,-5.35,-8.9
2026-10-03,05:55:00,107788,55.3,Y,2026-10-03T05:30:00+08:00,25.70579857357576,3,1.0000000000000007,dow,11,62.8,62.6,62.91,4,Developing,-7.5,-11.9
2026-10-03,05:55:00,107789,44.6,Y,2026-10-03T05:30:00+08:00,25.090283763598297,3,1.0,dow,11,63.05,61.43,63.8,4,Developing,-18.45,-29.3
2026-10-03,05:55:00,107790,44.2,Y,2026-10-03T05:30:00+08:00,25.793116408657248,3,0.9999999999999998,dow,11,61.28,60.14,62.49,4,Developing,-17.08,-27.9
2026-10-03,05:55:00,107792,52.8,Y,2026-10-03T05:30:00+08:00,25.918111571992718,3,0.9999999999999998,dow,11,56.85,56.55,57.29,4,Developing,-4.05,-7.1
2026-10-03,05:55:00,108009,51.9,Y,2026-10-03T05:30:00+08:00,25.413323398594915,3,1.0000000000000004,dow,11,61.2,60.92,61.4,4,Developing,-9.3,-15.2
2026-10-03,05:55:00,108010,43.9,Y,2026-10-03T05:30:00+08:00,24.46591093432162,3,0.9999999999999989,dow,11,62.28,60.79,62.96,4,Developing,-18.38,-29.5
2026-10-03,05:55:00,108012,54.8,Y,2026-10-03T05:30:00+08:00,24.658888722625804,3,1.0000000000000004,dow,11,62.2,61.7,62.5,4,Developing,-7.4,-11.9
2026-10-03,05:55:00,108013,44.1,Y,2026-10-03T05:30:00+08:00,25.62641023610665,3,1.0000000000000004,dow,11,60.98,60.16,61.66,4,Developing,-16.88,-27.7
2026-10-03,05:55:00,108073,66.3,Y,2026-10-03T05:30:00+08:00,24.91737653155389,3,1.0,dow,11,62.2,60.9,62.39,4,Developing,4.1,6.6
2026-10-03,05:55:00,108074,42.1,Y,2026-10-03T05:30:00+08:00,24.613224442284846,3,0.9999999999999989,dow,11,59.83,59.06,60.42,4,Developing,-17.73,-29.6
2026-10-03,05:55:00,108075,48.3,Y,2026-10-03T05:30:00+08:00,21.0828474364804,3,1.0,dow,11,61.78,61.59,62.36,4,Developing,-13.48,-21.8
2026-10-03,05:55:00,108948,71.6,Y,2026-10-03T05:30:00+08:00,17.058914620332214,3,1.000000000000001,dow,11,76.55,76.01,76.85,4,Developing,-4.95,-6.5
2026-10-03,05:55:00,109480,72.0,Y,2026-10-03T05:30:00+08:00,20.76089722719384,3,1.0,dow,11,55.75,53.75,56.88,4,Developing,16.25,29.1
2026-10-03,05:55:00,109481,61.8,Y,2026-10-03T05:30:00+08:00,20.867754954474645,3,1.0,dow,11,66.75,66.47,67.1,4,Developing,-4.95,-7.4
2026-10-03,05:55:00,109497,42.5,Y,2026-10-03T05:30:00+08:00,22.10103959818463,3,1.0,day_type,11,42.95,42.92,42.98,2,Provisional,-0.45,-1.0
2026-10-03,05:55:00,109500,44.3,Y,2026-10-03T05:30:00+08:00,21.897157116472787,3,1.0,dow,11,45.98,45.5,46.54,4,Developing,-1.68,-3.7
2026-10-03,05:55:00,109501,45.0,Y,2026-10-03T05:30:00+08:00,21.768769823480866,3,1.0,dow,11,63.5,60.5,66.0,4,Developing,-18.5,-29.1
2026-10-03,05:55:00,109830,55.8,Y,2026-10-03T05:30:00+08:00,19.617973350653642,3,1.0,dow,11,56.95,55.59,58.1,4,Developing,-1.15,-2.0
2026-10-03,05:55:00,109831,57.0,Y,2026-10-03T05:30:00+08:00,20.52580711029295,3,1.0,dow,11,61.52,59.95,62.59,4,Developing,-4.52,-7.3
2026-10-03,05:55:00,111675,56.3,Y,2026-10-03T05:30:00+08:00,21.409317536882046,3,1.0,dow,11,61.0,60.0,62.21,4,Developing,-4.7,-7.7
2026-10-03,05:55:00,111676,65.9,Y,2026-10-03T05:30:00+08:00,21.52400686764998,3,1.0,dow,11,62.58,58.62,67.34,4,Developing,3.32,5.3
2026-10-03,05:55:00,111953,45.3,Y,2026-10-03T05:30:00+08:00,17.05654850910702,3,1.0000000000000002,dow,11,63.28,57.59,63.8,4,Developing,-17.98,-28.4
2026-10-03,05:55:00,111954,72.3,Y,2026-10-03T05:30:00+08:00,16.70032917010164,3,0.9999999999999998,dow,11,77.0,76.97,77.0,4,Developing,-4.7,-6.1
2026-10-03,05:55:00,111955,72.7,Y,2026-10-03T05:30:00+08:00,16.695530338509823,3,1.0000000000000004,dow,11,77.0,76.97,77.0,4,Developing,-4.3,-5.6
2026-10-03,05:55:00,111956,72.7,Y,2026-10-03T05:30:00+08:00,16.736286246767722,3,1.0000000000000004,dow,11,77.0,76.97,77.0,4,Developing,-4.3,-5.6
2026-10-03,05:55:00,111957,73.9,Y,2026-10-03T05:30:00+08:00,16.780555537477685,3,1.0000000000000004,dow,11,77.0,76.92,77.0,4,Developing,-3.1,-4.0
2026-10-03,05:55:00,111961,72.2,Y,2026-10-03T05:30:00+08:00,16.933983191587718,3,1.0000000000000004,dow,11,74.4,74.35,74.45,4,Developing,-2.2,-3.0
2026-10-03,05:55:00,112025,52.0,Y,2026-10-03T05:30:00+08:00,10.906183358339982,3,1.0000000000000002,dow,11,76.75,76.12,77.59,4,Developing,-24.75,-32.2
2026-10-03,05:55:00,112028,70.1,Y,2026-10-03T05:30:00+08:00,11.155056039678932,3,1.0,dow,11,68.2,67.5,69.1,4,Developing,1.9,2.8
2026-10-03,05:55:00,112082,70.0,Y,2026-10-03T05:30:00+08:00,10.792461424258223,3,0.9999999999999998,dow,11,69.65,69.55,69.88,4,Developing,0.35,0.5
2026-10-03,05:55:00,112088,65.6,Y,,,,,dow,11,65.35,64.3,66.96,4,Developing,0.25,0.4
2026-10-03,05:55:00,112089,65.5,Y,2026-10-03T05:30:00+08:00,10.931011305522363,3,0.9999999999999999,dow,11,65.3,64.23,66.81,4,Developing,0.2,0.3
2026-10-03,05:55:00,112090,64.5,Y,2026-10-03T05:30:00+08:00,11.111667612380181,3,1.0,dow,11,64.85,64.05,65.61,4,Developing,-0.35,-0.5
2026-10-03,05:55:00,141354,29.7,Y,2026-10-03T05:30:00+08:00,20.5981931391162,3,0.9999999999999991,dow,11,64.83,64.41,65.0,4,Developing,-35.13,-54.2
2026-10-03,05:55:00,163751,38.1,Y,2026-10-03T05:30:00+08:00,22.836128994739028,3,1.0,dow,11,45.52,44.68,46.44,4,Developing,-7.42,-16.3
2026-10-03,05:55:00,163765,63.1,Y,2026-10-03T05:30:00+08:00,22.302436519791748,3,1.0,dow,11,43.25,40.56,46.4,4,Developing,19.85,45.9
2026-10-03,05:55:00,164018,45.0,Y,2026-10-03T05:30:00+08:00,21.85630118478188,3,1.0,dow,11,63.5,60.5,66.0,4,Developing,-18.5,-29.1
2026-10-03,05:55:00,164019,42.6,Y,2026-10-03T05:30:00+08:00,21.892988908888906,3,1.0000000000000009,dow,11,44.53,43.76,45.1,4,Developing,-1.93,-4.3
2026-10-03,05:55:00,164624,71.9,Y,2026-10-03T05:30:00+08:00,11.094439562918897,3,1.0,dow,11,58.92,58.81,59.45,4,Developing,12.98,22.0
2026-10-03,05:55:00,164625,68.8,Y,2026-10-03T05:30:00+08:00,11.079712581307522,3,1.0,dow,11,65.43,64.15,66.25,4,Developing,3.37,5.2
2026-10-03,05:55:00,164626,74.9,Y,2026-10-03T05:30:00+08:00,10.86691406345223,3,1.0000000000000002,dow,11,57.72,57.5,58.44,4,Developing,17.18,29.8
2026-10-03,05:55:00,164628,65.5,Y,2026-10-03T05:30:00+08:00,10.903897396168377,3,1.0000000000000002,dow,11,65.3,64.25,66.85,4,Developing,0.2,0.3
2026-10-03,05:55:00,164656,29.3,Y,2026-10-03T05:30:00+08:00,20.55815425521011,3,0.9999999999999999,dow,11,60.0,58.77,61.1,4,Developing,-30.7,-51.2
2026-10-03,05:55:00,164659,54.0,Y,2026-10-03T05:30:00+08:00,20.432285224280648,3,1.0,dow,11,60.12,58.44,61.0,4,Developing,-6.12,-10.2
2026-10-03,05:55:00,164660,54.8,Y,2026-10-03T05:30:00+08:00,20.715956986242567,3,1.0,dow,11,72.25,69.9,73.35,4,Developing,-17.45,-24.2
2026-10-03,05:55:00,164661,60.0,Y,2026-10-03T05:30:00+08:00,20.577995264107347,3,1.0,dow,11,65.0,65.0,65.38,4,Developing,-5.0,-7.7
2026-10-03,05:55:00,164662,50.0,Y,2026-10-03T05:30:00+08:00,20.139983392904156,3,1.0,dow,11,51.6,49.7,53.2,4,Developing,-1.6,-3.1
2026-10-03,05:55:00,165412,41.1,Y,2026-10-03T05:30:00+08:00,21.218649575735277,3,1.0,dow,11,45.48,43.97,46.6,4,Developing,-4.38,-9.6
2026-10-03,05:55:00,260171,52.5,Y,2026-10-03T05:30:00+08:00,20.44539469342013,3,1.0,dow,11,58.62,56.5,60.06,4,Developing,-6.12,-10.4
2026-10-03,05:55:00,260175,52.5,Y,2026-10-03T05:30:00+08:00,20.38131633499713,3,1.0,dow,11,58.62,56.5,60.06,4,Developing,-6.12,-10.4
2026-10-03,05:55:00,260699,65.5,Y,2026-10-03T05:30:00+08:00,11.42607341106071,3,1.0,dow,11,70.2,69.66,70.9,4,Developing,-4.7,-6.7
2026-10-03,05:55:00,260700,52.0,Y,2026-10-03T05:30:00+08:00,11.041197311425403,3,1.0,dow,11,76.75,76.12,77.59,4,Developing,-24.75,-32.2
2026-10-03,05:55:00,260835,55.5,Y,2026-10-03T05:30:00+08:00,24.280448968233756,3,1.0,dow,11,55.65,54.85,56.42,4,Developing,-0.15,-0.3
2026-10-03,05:55:00,260839,52.6,Y,2026-10-03T05:30:00+08:00,24.61755398936883,3,1.0,dow,11,56.05,55.62,56.1,4,Developing,-3.45,-6.2
2026-10-03,05:55:00,260859,66.0,Y,2026-10-03T05:30:00+08:00,24.837904990334344,3,1.0,dow,11,60.3,59.42,60.72,4,Developing,5.7,9.5
2026-10-03,05:55:00,260862,68.2,Y,2026-10-03T05:30:00+08:00,25.130920977421514,3,1.0,dow,11,68.1,66.17,68.19,4,Developing,0.1,0.1
2026-10-03,05:55:00,260863,66.8,Y,2026-10-03T05:30:00+08:00,24.971430341741602,3,1.0000000000000009,dow,11,65.9,63.95,66.08,4,Developing,0.9,1.4
2026-10-03,05:55:00,260864,50.5,Y,2026-10-03T05:30:00+08:00,24.982500955949952,3,1.0,dow,11,59.17,58.12,59.35,4,Developing,-8.67,-14.7
2026-10-03,05:55:00,260867,42.6,Y,2026-10-03T05:30:00+08:00,24.926090003718603,3,0.9999999999999999,dow,11,59.83,59.05,60.99,4,Developing,-17.23,-28.8
2026-10-03,05:55:00,274623,75.0,Y,2026-10-03T05:30:00+08:00,20.660414928028437,3,1.0,dow,11,75.5,74.75,76.0,4,Developing,-0.5,-0.7
2026-10-03,05:55:00,274624,75.0,Y,2026-10-03T05:30:00+08:00,20.426699338881072,3,1.0,dow,11,75.5,74.75,76.0,4,Developing,-0.5,-0.7
2026-10-03,05:55:00,274644,49.9,Y,2026-10-03T05:30:00+08:00,20.46432409787886,3,1.0,dow,11,61.65,60.36,64.34,4,Developing,-11.75,-19.1
2026-10-03,05:55:00,279703,63.1,Y,2026-10-03T05:30:00+08:00,18.067935285387453,3,1.0,dow,11,70.85,69.97,71.54,4,Developing,-7.75,-10.9
2026-10-03,05:55:00,279704,74.1,Y,2026-10-03T05:30:00+08:00,12.599437579257994,3,0.999999999999999,dow,11,71.7,71.1,72.8,4,Developing,2.4,3.3
2026-10-03,05:55:00,280343,41.3,Y,2026-10-03T05:30:00+08:00,21.183150145619845,3,0.9999999999999989,dow,11,45.5,44.05,46.38,4,Developing,-4.2,-9.2
2026-10-03,05:55:00,280344,44.2,Y,2026-10-03T05:30:00+08:00,21.18879227160544,3,0.9999999999999991,dow,11,52.15,51.15,54.32,4,Developing,-7.95,-15.2
2026-10-03,05:55:00,284612,45.5,Y,2026-10-03T05:30:00+08:00,20.035095371912636,3,1.0,dow,11,69.9,69.25,70.41,4,Developing,-24.4,-34.9
2026-10-03,05:55:00,284692,46.0,Y,2026-10-03T05:30:00+08:00,20.235403168472516,3,0.9999999999999999,dow,11,61.25,60.12,64.75,4,Developing,-15.25,-24.9
2026-10-03,05:55:00,7380,52.0,Y,2026-10-03T05:30:00+08:00,10.705058313152593,3,1.0000000000000004,dow,11,76.75,76.12,77.59,4,Developing,-24.75,-32.2
2026-10-03,05:55:00,7383,82.0,Y,2026-10-03T05:30:00+08:00,9.784091222423136,3,0.9999999999999999,dow,11,81.12,81.0,81.38,4,Developing,0.88,1.1
2026-10-03,05:55:00,7398,46.0,Y,2026-10-03T05:30:00+08:00,11.787047181728015,3,1.000000000000001,dow,11,55.25,51.62,58.62,4,Developing,-9.25,-16.7
2026-10-03,05:55:00,7406,82.0,Y,2026-10-03T05:30:00+08:00,10.249948059924066,3,1.0000000000000004,dow,11,81.12,81.0,81.38,4,Developing,0.88,1.1
2026-10-03,05:55:00,7410,63.7,Y,2026-10-03T05:30:00+08:00,11.091738685107575,3,1.0000000000000009,dow,11,74.2,74.02,74.35,4,Developing,-10.5,-14.2
2026-10-03,05:55:00,7507,68.3,Y,2026-10-03T05:30:00+08:00,10.466310188846494,3,1.0,dow,11,65.72,65.61,65.85,4,Developing,2.58,3.9
2026-10-03,05:55:00,7678,64.0,Y,2026-10-03T05:30:00+08:00,11.101198021279584,3,1.0,dow,11,70.72,70.01,71.14,4,Developing,-6.72,-9.5
2026-10-03,05:55:00,7708,62.6,Y,2026-10-03T05:30:00+08:00,12.024191658111238,3,1.0,dow,11,69.53,68.53,71.15,4,Developing,-6.93,-10.0
2026-10-03,05:55:00,7983,72.8,Y,2026-10-03T05:30:00+08:00,10.616016826565938,3,0.9999999999999999,dow,11,60.35,60.2,60.62,4,Developing,12.45,20.6
2026-10-03,05:55:00,8010,70.2,Y,2026-10-03T05:30:00+08:00,12.025915828016835,3,1.0,dow,11,68.32,67.7,69.89,4,Developing,1.88,2.8
2026-10-03,05:55:00,8020,64.5,Y,2026-10-03T05:30:00+08:00,11.784151651211277,3,0.999999999999999,dow,11,66.45,66.18,66.75,4,Developing,-1.95,-2.9
2026-10-03,05:55:00,8028,58.3,Y,2026-10-03T05:30:00+08:00,10.413588183523087,3,1.0,dow,11,65.47,64.75,65.96,4,Developing,-7.17,-11.0
2026-10-03,05:55:00,8335,69.7,Y,2026-10-03T05:30:00+08:00,16.6113040167144,3,1.0000000000000009,dow,11,76.33,75.89,76.78,4,Developing,-6.63,-8.7
2026-10-03,05:55:00,8468,64.0,Y,2026-10-03T05:30:00+08:00,11.259648349894263,3,1.0,dow,11,69.75,69.35,70.3,4,Developing,-5.75,-8.2
2026-10-03,05:55:00,8473,58.5,Y,2026-10-03T05:30:00+08:00,10.643846552746458,3,1.0000000000000004,dow,11,63.6,62.84,63.88,4,Developing,-5.1,-8.0
2026-10-03,05:55:00,8668,72.9,Y,2026-10-03T05:30:00+08:00,10.271902773845536,3,1.0,dow,11,73.2,73.2,73.38,4,Developing,-0.3,-0.4
2026-10-03,05:55:00,8678,62.9,Y,2026-10-03T05:30:00+08:00,11.587137528416175,3,1.0,dow,11,65.35,64.78,65.96,4,Developing,-2.45,-3.7
2026-10-03,05:55:00,9024,72.9,Y,2026-10-03T05:30:00+08:00,9.874717626081694,3,1.0000000000000002,dow,11,73.2,73.2,73.38,4,Developing,-0.3,-0.4
2026-10-03,05:55:00,9032,62.0,Y,2026-10-03T05:30:00+08:00,10.920536378462176,3,0.9999999999999994,dow,11,71.42,70.89,72.0,4,Developing,-9.42,-13.2
2026-10-03,05:55:00,9368,63.6,Y,2026-10-03T05:30:00+08:00,12.781288193771823,3,1.0,dow,11,72.33,71.38,73.76,4,Developing,-8.73,-12.1
2026-10-03,05:55:00,9643,66.0,Y,2026-10-03T05:30:00+08:00,11.133933792279292,3,1.0,dow,11,63.12,62.96,63.28,4,Developing,2.88,4.6
2026-10-03,05:55:00,9673,61.8,Y,2026-10-03T05:30:00+08:00,11.582411903493094,3,1.0,dow,11,63.58,63.11,64.1,4,Developing,-1.78,-2.8
2026-10-03,05:55:00,9790,57.7,Y,2026-10-03T05:30:00+08:00,10.21428506970266,3,0.9999999999999996,dow,11,63.33,62.34,63.62,4,Developing,-5.63,-8.9
2026-10-03,05:55:00,109143,85.0,Y,2026-10-03T05:30:00+08:00,6.944203148382763,3,1.000000000000001,dow,11,82.75,79.25,85.62,4,Developing,2.25,2.7
2026-10-03,05:55:00,112019,59.5,Y,2026-10-03T05:30:00+08:00,19.603568973681778,3,1.0,dow,11,55.57,55.49,56.05,4,Developing,3.93,7.1
2026-10-03,05:55:00,112020,45.5,Y,2026-10-03T05:30:00+08:00,18.367934272894658,3,1.000000000000001,dow,11,41.02,38.01,47.4,4,Developing,4.48,10.9
2026-10-03,05:55:00,112021,45.5,Y,2026-10-03T05:30:00+08:00,17.952407267778497,3,1.0,dow,11,41.02,38.01,47.4,4,Developing,4.48,10.9
2026-10-03,05:55:00,112022,77.6,Y,2026-10-03T05:30:00+08:00,18.03633651275852,3,1.0,dow,11,78.38,77.74,78.92,4,Developing,-0.78,-1.0
2026-10-03,05:55:00,112024,77.6,Y,2026-10-03T05:30:00+08:00,12.95976847914832,3,0.999999999999999,dow,11,78.38,77.74,78.92,4,Developing,-0.78,-1.0
2026-10-03,05:55:00,112026,45.5,Y,2026-10-03T05:30:00+08:00,13.01532528144648,3,1.0,dow,11,41.02,38.01,47.4,4,Developing,4.48,10.9
2026-10-03,05:55:00,112029,73.1,Y,2026-10-03T05:30:00+08:00,12.11602240002371,3,1.0,dow,11,76.2,76.05,76.35,4,Developing,-3.1,-4.1
2026-10-03,05:55:00,112030,91.2,Y,2026-10-03T05:30:00+08:00,12.308624102185265,3,1.0,dow,11,94.07,93.74,94.55,4,Developing,-2.87,-3.1
2026-10-03,05:55:00,112053,92.4,Y,2026-10-03T05:30:00+08:00,12.347900394771775,3,0.9999999999999999,dow,11,95.2,93.66,96.03,4,Developing,-2.8,-2.9
2026-10-03,05:55:00,112054,93.5,Y,2026-10-03T05:30:00+08:00,12.251944399708863,3,0.999999999999999,dow,11,94.75,94.0,96.0,4,Developing,-1.25,-1.3
2026-10-03,05:55:00,112055,99.5,Y,2026-10-03T05:30:00+08:00,11.935512120142334,3,1.0,dow,11,76.65,72.42,82.39,4,Developing,22.85,29.8
2026-10-03,05:55:00,112056,45.5,Y,2026-10-03T05:30:00+08:00,11.962852516506945,3,1.0,dow,11,41.02,38.01,47.4,4,Developing,4.48,10.9
2026-10-03,05:55:00,112057,68.2,Y,2026-10-03T05:30:00+08:00,14.109708197119376,3,1.000000000000001,dow,11,70.45,67.85,71.17,4,Developing,-2.25,-3.2
2026-10-03,05:55:00,112059,72.7,Y,2026-10-03T05:30:00+08:00,14.415114287404993,3,1.0,dow,11,72.38,72.2,72.56,4,Developing,0.32,0.4
2026-10-03,05:55:00,112061,77.6,Y,2026-10-03T05:30:00+08:00,19.70909844596219,3,1.0,dow,11,78.38,77.74,78.92,4,Developing,-0.78,-1.0
2026-10-03,05:55:00,112068,45.5,Y,2026-10-03T05:30:00+08:00,12.588245501814775,3,0.9999999999999991,dow,11,41.02,38.01,47.4,4,Developing,4.48,10.9
2026-10-03,05:55:00,112069,77.6,Y,2026-10-03T05:30:00+08:00,12.025062492763167,3,1.0000000000000009,dow,11,78.38,77.74,78.92,4,Developing,-0.78,-1.0
2026-10-03,05:55:00,112070,77.6,Y,2026-10-03T05:30:00+08:00,13.995516309128515,3,1.0000000000000009,dow,11,78.38,77.74,78.92,4,Developing,-0.78,-1.0
2026-10-03,05:55:00,112078,45.5,Y,2026-10-03T05:30:00+08:00,11.885615082738056,3,1.0,dow,11,41.02,38.01,47.4,4,Developing,4.48,10.9
2026-10-03,05:55:00,112080,67.8,Y,2026-10-03T05:30:00+08:00,12.467513384757549,3,1.0,dow,11,69.65,68.99,70.9,4,Developing,-1.85,-2.7
2026-10-03,05:55:00,112081,66.2,Y,2026-10-03T05:30:00+08:00,12.463460053858384,3,1.0,dow,11,68.7,68.33,69.39,4,Developing,-2.5,-3.6
2026-10-03,05:55:00,112105,71.9,Y,2026-10-03T05:30:00+08:00,11.536637799242035,3,1.000000000000001,dow,11,66.55,66.3,66.84,4,Developing,5.35,8.0
2026-10-03,05:55:00,112108,75.3,Y,2026-10-03T05:30:00+08:00,12.012758301125936,3,1.000000000000001,dow,11,74.4,73.81,74.83,4,Developing,0.9,1.2
2026-10-03,05:55:00,112109,70.9,Y,2026-10-03T05:30:00+08:00,12.401766391481853,3,0.9999999999999991,dow,11,72.45,71.42,73.96,4,Developing,-1.55,-2.1
2026-10-03,05:55:00,112110,67.9,Y,2026-10-03T05:30:00+08:00,12.056607135331218,3,0.9999999999999991,dow,11,71.68,71.59,71.83,4,Developing,-3.78,-5.3
2026-10-03,05:55:00,112112,85.7,Y,2026-10-03T05:30:00+08:00,11.4898359588824,3,0.9999999999999999,dow,11,68.15,68.05,68.4,4,Developing,17.55,25.8
2026-10-03,05:55:00,112207,68.4,Y,2026-10-03T05:30:00+08:00,17.917655169159993,3,1.0000000000000009,dow,11,64.25,64.17,64.7,4,Developing,4.15,6.5
2026-10-03,05:55:00,112210,77.6,Y,2026-10-03T05:30:00+08:00,18.37833842301727,3,1.0,dow,11,78.38,77.74,78.92,4,Developing,-0.78,-1.0
2026-10-03,05:55:00,112211,65.6,Y,2026-10-03T05:30:00+08:00,18.323289905782683,3,1.0,dow,11,63.28,63.0,63.52,4,Developing,2.32,3.7
2026-10-03,05:55:00,112212,77.6,Y,2026-10-03T05:30:00+08:00,18.6130224227666,3,1.0,dow,11,78.38,77.74,78.92,4,Developing,-0.78,-1.0
2026-10-03,05:55:00,112214,77.6,Y,2026-10-03T05:30:00+08:00,18.961668389102222,3,1.0,dow,11,78.38,77.74,78.92,4,Developing,-0.78,-1.0
2026-10-03,05:55:00,112216,45.5,Y,2026-10-03T05:30:00+08:00,19.652207590117403,3,1.0,dow,11,41.02,38.01,47.4,4,Developing,4.48,10.9
2026-10-03,05:55:00,112217,77.6,Y,2026-10-03T05:30:00+08:00,19.155338093695498,3,1.0,dow,11,78.38,77.74,78.92,4,Developing,-0.78,-1.0
2026-10-03,05:55:00,125034,45.5,Y,2026-10-03T05:30:00+08:00,19.227595918065795,3,0.9999999999999999,dow,11,41.02,38.01,47.4,4,Developing,4.48,10.9
2026-10-03,05:55:00,125038,77.6,Y,2026-10-03T05:30:00+08:00,19.276690735116848,3,0.9999999999999991,dow,11,78.38,77.74,78.92,4,Developing,-0.78,-1.0
2026-10-03,05:55:00,130478,45.5,Y,2026-10-03T05:30:00+08:00,18.85963065927967,3,0.999999999999999,dow,11,41.02,38.01,47.4,4,Developing,4.48,10.9
2026-10-03,05:55:00,139114,67.8,Y,2026-10-03T05:30:00+08:00,8.224858638233902,3,1.000000000000001,dow,11,71.7,71.3,72.16,4,Developing,-3.9,-5.4
2026-10-03,05:55:00,139115,67.5,Y,2026-10-03T05:30:00+08:00,8.22923029724265,3,1.0,dow,11,80.78,80.54,81.08,4,Developing,-13.28,-16.4
2026-10-03,05:55:00,139119,74.3,Y,2026-10-03T05:30:00+08:00,8.172859727106493,3,0.9999999999999989,dow,11,79.45,78.55,79.72,4,Developing,-5.15,-6.5
2026-10-03,05:55:00,140075,61.3,Y,2026-10-03T05:30:00+08:00,8.28618659010413,3,1.0,dow,11,65.05,64.8,65.32,4,Developing,-3.75,-5.8
2026-10-03,05:55:00,140080,72.7,Y,2026-10-03T05:30:00+08:00,8.29823320229455,3,0.999999999999999,dow,11,77.42,76.91,77.67,4,Developing,-4.72,-6.1
2026-10-03,05:55:00,140082,65.0,Y,2026-10-03T05:30:00+08:00,8.177528187868631,3,1.0000000000000009,dow,11,74.15,73.67,74.75,4,Developing,-9.15,-12.3
2026-10-03,05:55:00,140083,65.2,Y,2026-10-03T05:30:00+08:00,8.271896354324706,3,1.0,dow,11,69.12,66.92,70.49,4,Developing,-3.92,-5.7
2026-10-03,05:55:00,140714,82.3,Y,2026-10-03T05:30:00+08:00,8.25162371884654,3,0.9999999999999991,dow,11,76.3,74.8,78.9,4,Developing,6.0,7.9
2026-10-03,05:55:00,140715,67.5,Y,2026-10-03T05:30:00+08:00,8.223322137632206,3,1.0000000000000009,dow,11,70.88,68.65,72.24,4,Developing,-3.38,-4.8
2026-10-03,05:55:00,140716,73.9,Y,2026-10-03T05:30:00+08:00,8.206437804819236,3,1.0,dow,11,79.95,78.33,80.75,4,Developing,-6.05,-7.6
2026-10-03,05:55:00,140717,64.6,Y,2026-10-03T05:30:00+08:00,8.619628432416109,3,0.999999999999999,dow,11,67.8,64.9,69.88,4,Developing,-3.2,-4.7
2026-10-03,05:55:00,140718,77.2,Y,2026-10-03T05:30:00+08:00,8.6220342493539,3,1.0,dow,11,81.95,79.83,83.05,4,Developing,-4.75,-5.8
2026-10-03,05:55:00,143010,45.5,Y,2026-10-03T05:30:00+08:00,18.997442668528045,3,1.0000000000000009,dow,11,41.02,38.01,47.4,4,Developing,4.48,10.9
2026-10-03,05:55:00,145834,45.5,Y,2026-10-03T05:30:00+08:00,18.6199738014521,3,0.999999999999999,dow,11,41.02,38.01,47.4,4,Developing,4.48,10.9
2026-10-03,05:55:00,145835,45.5,Y,2026-10-03T05:30:00+08:00,18.47492471787444,3,1.0,dow,11,41.02,38.01,47.4,4,Developing,4.48,10.9
2026-10-03,05:55:00,145836,45.5,Y,2026-10-03T05:30:00+08:00,18.342823792102088,3,1.0,dow,11,41.02,38.01,47.4,4,Developing,4.48,10.9
2026-10-03,05:55:00,148410,80.0,Y,2026-10-03T05:30:00+08:00,8.286801790670722,3,1.000000000000001,dow,11,84.35,81.22,85.94,4,Developing,-4.35,-5.2
2026-10-03,05:55:00,148411,67.1,Y,2026-10-03T05:30:00+08:00,8.270890254450704,3,1.0,dow,11,69.95,69.11,70.72,4,Developing,-2.85,-4.1
2026-10-03,05:55:00,148412,63.2,Y,2026-10-03T05:30:00+08:00,8.291798222563116,3,1.000000000000001,dow,11,68.1,65.67,69.25,4,Developing,-4.9,-7.2
2026-10-03,05:55:00,148413,71.2,Y,2026-10-03T05:30:00+08:00,8.300913848857231,3,0.9999999999999999,dow,11,73.08,72.94,73.12,4,Developing,-1.88,-2.6
2026-10-03,05:55:00,148414,76.4,Y,2026-10-03T05:30:00+08:00,8.321307187243944,3,1.0000000000000009,dow,11,77.3,77.12,77.68,4,Developing,-0.9,-1.2
2026-10-03,05:55:00,148415,64.5,Y,2026-10-03T05:30:00+08:00,8.012274818170505,3,1.0,dow,11,69.25,68.22,69.94,4,Developing,-4.75,-6.9
2026-10-03,05:55:00,148416,62.5,Y,2026-10-03T05:30:00+08:00,7.823017005972322,3,1.0,dow,11,65.45,64.78,65.73,4,Developing,-2.95,-4.5
2026-10-03,05:55:00,148417,64.0,Y,2026-10-03T05:30:00+08:00,7.969214339590374,3,0.9999999999999989,dow,11,68.1,67.12,68.9,4,Developing,-4.1,-6.0
2026-10-03,05:55:00,148418,67.0,Y,2026-10-03T05:30:00+08:00,7.970891150330077,3,0.999999999999999,dow,11,71.62,70.39,72.8,4,Developing,-4.62,-6.5
2026-10-03,05:55:00,148419,74.7,Y,2026-10-03T05:30:00+08:00,7.637236405580256,3,1.0000000000000009,dow,11,78.75,77.83,79.7,4,Developing,-4.05,-5.1
2026-10-03,05:55:00,148421,70.8,Y,2026-10-03T05:30:00+08:00,7.730894230055807,3,1.0,dow,11,72.65,67.38,73.35,4,Developing,-1.85,-2.5
2026-10-03,05:55:00,148422,76.0,Y,2026-10-03T05:30:00+08:00,8.045853023624362,3,1.0,dow,11,75.95,75.47,76.55,4,Developing,0.05,0.1
2026-10-03,05:55:00,148423,74.9,Y,2026-10-03T05:30:00+08:00,7.95512170253713,3,1.0000000000000009,dow,11,75.15,74.58,75.82,4,Developing,-0.25,-0.3
2026-10-03,05:55:00,148427,65.3,Y,2026-10-03T05:30:00+08:00,7.462448319050575,3,1.0,dow,11,69.3,62.9,70.23,4,Developing,-4.0,-5.8
2026-10-03,05:55:00,163979,58.6,Y,2026-10-03T05:30:00+08:00,8.250025698224361,3,1.0,dow,11,62.38,61.42,64.06,4,Developing,-3.78,-6.1
2026-10-03,05:55:00,163980,66.0,Y,2026-10-03T05:30:00+08:00,8.188328297681451,3,0.9999999999999999,dow,11,67.28,64.4,70.26,4,Developing,-1.28,-1.9
2026-10-03,05:55:00,163981,63.6,Y,2026-10-03T05:30:00+08:00,8.216332669389518,3,1.0,dow,11,64.1,63.1,64.4,4,Developing,-0.5,-0.8
2026-10-03,05:55:00,164139,45.5,Y,2026-10-03T05:30:00+08:00,19.148681107749287,3,0.999999999999999,dow,11,41.02,38.01,47.4,4,Developing,4.48,10.9
2026-10-03,05:55:00,164140,77.6,Y,2026-10-03T05:30:00+08:00,19.20380203762779,3,0.9999999999999999,dow,11,78.38,77.74,78.92,4,Developing,-0.78,-1.0
2026-10-03,05:55:00,164202,77.6,Y,2026-10-03T05:30:00+08:00,13.698307596249535,3,1.0,dow,11,78.38,77.74,78.92,4,Developing,-0.78,-1.0
2026-10-03,05:55:00,164203,45.5,Y,2026-10-03T05:30:00+08:00,13.364987947493214,3,1.0,dow,11,41.02,38.01,47.4,4,Developing,4.48,10.9
2026-10-03,05:55:00,164204,77.6,Y,2026-10-03T05:30:00+08:00,13.410953528559643,3,1.0,dow,11,78.38,77.74,78.92,4,Developing,-0.78,-1.0
2026-10-03,05:55:00,164205,45.5,Y,2026-10-03T05:30:00+08:00,13.652658030234344,3,1.0,dow,11,41.02,38.01,47.4,4,Developing,4.48,10.9
2026-10-03,05:55:00,164278,45.5,Y,2026-10-03T05:30:00+08:00,19.485881947723577,3,1.0,dow,11,41.02,38.01,47.4,4,Developing,4.48,10.9
2026-10-03,05:55:00,164279,77.6,Y,2026-10-03T05:30:00+08:00,19.525191426025287,3,1.0,dow,11,78.38,77.74,78.92,4,Developing,-0.78,-1.0
2026-10-03,05:55:00,164776,66.4,Y,2026-10-03T05:30:00+08:00,8.038992631292693,3,1.0,dow,11,71.15,69.8,72.35,4,Developing,-4.75,-6.7
2026-10-03,05:55:00,261289,89.0,Y,2026-10-03T05:30:00+08:00,3.8355730582884555,3,1.0000000000000009,dow,11,91.25,90.38,92.0,4,Developing,-2.25,-2.5
2026-10-03,05:55:00,261292,45.5,Y,2026-10-03T05:30:00+08:00,19.14863121912149,3,1.0000000000000009,dow,11,41.02,38.01,47.4,4,Developing,4.48,10.9
2026-10-03,05:55:00,261293,45.5,Y,2026-10-03T05:30:00+08:00,19.147533349726082,3,1.0,dow,11,41.02,38.01,47.4,4,Developing,4.48,10.9
2026-10-03,05:55:00,261295,77.6,Y,2026-10-03T05:30:00+08:00,19.216295215612572,3,1.0,dow,11,78.38,77.74,78.92,4,Developing,-0.78,-1.0
2026-10-03,05:55:00,261763,93.0,Y,2026-10-03T05:30:00+08:00,0.3701738833991114,3,0.999999999999999,dow,11,96.97,96.46,97.0,4,Developing,-3.97,-4.1
2026-10-03,05:55:00,261765,82.0,Y,2026-10-03T05:30:00+08:00,0.3653764027395964,3,0.9999999999999989,dow,11,89.85,89.2,90.65,4,Developing,-7.85,-8.7
2026-10-03,05:55:00,261773,97.1,Y,2026-10-03T05:30:00+08:00,2.264336439988108,3,1.0,dow,11,100.18,99.8,100.61,4,Developing,-3.08,-3.1
2026-10-03,05:55:00,261774,92.9,Y,2026-10-03T05:30:00+08:00,2.342474524830747,3,1.0,dow,11,94.2,91.69,96.78,4,Developing,-1.3,-1.4
2026-10-03,05:55:00,279763,97.5,Y,2026-10-03T05:30:00+08:00,2.418146100903949,3,1.0,dow,11,97.98,96.4,99.45,4,Developing,-0.48,-0.5
2026-10-03,05:55:00,279764,94.2,Y,2026-10-03T05:30:00+08:00,2.358853402118051,3,1.0,dow,11,99.17,98.85,100.03,4,Developing,-4.97,-5.0
2026-10-03,05:55:00,279765,100.1,Y,2026-10-03T05:30:00+08:00,2.278233491910346,3,1.0,dow,11,105.97,105.44,106.74,4,Developing,-5.87,-5.5
2026-10-03,05:55:00,279766,99.4,Y,2026-10-03T05:30:00+08:00,2.277193766986559,3,1.0,dow,11,104.47,104.12,104.73,4,Developing,-5.07,-4.9
2026-10-03,05:55:00,279767,97.6,Y,2026-10-03T05:30:00+08:00,2.2418479718665782,3,1.0000000000000009,dow,11,101.95,101.42,102.2,4,Developing,-4.35,-4.3
2026-10-03,05:55:00,279768,95.6,Y,2026-10-03T05:30:00+08:00,2.247846554596764,3,1.0,dow,11,94.75,93.38,95.96,4,Developing,0.85,0.9
2026-10-03,05:55:00,279769,96.0,Y,2026-10-03T05:30:00+08:00,2.274985365103555,3,1.0000000000000009,dow,11,93.95,91.58,95.92,4,Developing,2.05,2.2
2026-10-03,05:55:00,279770,102.4,Y,2026-10-03T05:30:00+08:00,2.274441124216781,3,1.0,dow,11,95.6,94.5,97.5,4,Developing,6.8,7.1
2026-10-03,05:55:00,279771,98.0,Y,2026-10-03T05:30:00+08:00,2.283391386861044,3,1.0,dow,11,96.03,95.35,97.25,4,Developing,1.97,2.1
2026-10-03,05:55:00,279772,83.9,Y,2026-10-03T05:30:00+08:00,0.38245198042045503,3,0.9999999999999999,dow,11,95.82,95.09,96.64,4,Developing,-11.92,-12.4
2026-10-03,05:55:00,279773,94.6,Y,2026-10-03T05:30:00+08:00,0.40463495112455367,3,1.0000000000000009,dow,11,103.65,102.97,103.95,4,Developing,-9.05,-8.7
2026-10-03,05:55:00,279774,99.4,Y,2026-10-03T05:30:00+08:00,0.420893494466234,3,1.0,dow,11,108.2,107.49,109.24,4,Developing,-8.8,-8.1
2026-10-03,05:55:00,279775,97.6,Y,2026-10-03T05:30:00+08:00,0.429599664266555,3,1.0,dow,11,109.07,107.61,110.49,4,Developing,-11.47,-10.5
2026-10-03,05:55:00,279776,91.3,Y,2026-10-03T05:30:00+08:00,0.4475757196601394,3,0.999999999999999,dow,11,102.1,100.53,103.55,4,Developing,-10.8,-10.6
2026-10-03,05:55:00,279777,92.0,Y,2026-10-03T05:30:00+08:00,0.4634599782381636,3,1.0000000000000009,dow,11,101.75,100.95,102.4,4,Developing,-9.75,-9.6
2026-10-03,05:55:00,279778,89.4,Y,2026-10-03T05:30:00+08:00,0.48345322069330104,3,0.9999999999999999,dow,11,97.77,97.5,98.24,4,Developing,-8.37,-8.6
2026-10-03,05:55:00,279779,84.9,Y,2026-10-03T05:30:00+08:00,2.926888077070434,3,1.0,dow,11,91.3,90.86,91.69,4,Developing,-6.4,-7.0
2026-10-03,05:55:00,279783,86.4,Y,2026-10-03T05:30:00+08:00,2.9763723535413917,3,1.0,dow,11,88.4,85.52,90.53,4,Developing,-2.0,-2.3
2026-10-03,05:55:00,279784,90.3,Y,2026-10-03T05:30:00+08:00,2.8953437753083664,3,1.0000000000000009,dow,11,87.0,86.76,87.96,4,Developing,3.3,3.8
2026-10-03,05:55:00,279785,95.5,Y,2026-10-03T05:30:00+08:00,2.843634435895543,3,1.0,dow,11,94.62,94.3,95.28,4,Developing,0.88,0.9
2026-10-03,05:55:00,279786,99.4,Y,2026-10-03T05:30:00+08:00,0.47191339533793353,3,1.000000000000001,dow,11,101.05,98.85,103.2,4,Developing,-1.65,-1.6
2026-10-03,05:55:00,279787,96.4,Y,2026-10-03T05:30:00+08:00,0.4263677886572615,3,0.9999999999999989,dow,11,99.47,97.12,101.79,4,Developing,-3.07,-3.1
2026-10-03,05:55:00,279788,96.0,Y,2026-10-03T05:30:00+08:00,0.42307020736097,3,1.0,dow,11,99.65,96.21,103.24,4,Developing,-3.65,-3.7
2026-10-03,05:55:00,279789,94.2,Y,2026-10-03T05:30:00+08:00,0.392631929192455,3,1.0,dow,11,97.3,96.0,98.6,4,Developing,-3.1,-3.2
2026-10-03,05:55:00,57387,76.6,Y,2026-10-03T05:30:00+08:00,18.074319995069544,3,1.0,dow,11,76.75,76.6,76.9,4,Developing,-0.15,-0.2
2026-10-03,05:55:00,7499,94.4,Y,2026-10-03T05:30:00+08:00,4.021701099323752,3,1.0,dow,11,94.8,93.03,96.84,4,Developing,-0.4,-0.4
2026-10-03,05:55:00,7513,85.0,Y,2026-10-03T05:30:00+08:00,4.3844784027431505,3,1.0,dow,11,82.75,79.25,85.62,4,Developing,2.25,2.7
2026-10-03,05:55:00,7797,71.3,Y,2026-10-03T05:30:00+08:00,7.130298476778288,3,1.0,dow,11,75.6,72.59,76.4,4,Developing,-4.3,-5.7
2026-10-03,05:55:00,7800,77.3,Y,2026-10-03T05:30:00+08:00,6.969187037290931,3,1.0,dow,11,82.47,81.95,83.55,4,Developing,-5.17,-6.3
2026-10-03,05:55:00,7905,100.0,Y,2026-10-03T05:30:00+08:00,3.6909313520364373,3,1.0,dow,11,103.5,102.5,104.25,4,Developing,-3.5,-3.4
2026-10-03,05:55:00,7927,73.1,Y,2026-10-03T05:30:00+08:00,2.000061208866231,3,1.0,dow,11,74.78,73.11,76.75,4,Developing,-1.68,-2.2
2026-10-03,05:55:00,7934,93.1,Y,2026-10-03T05:30:00+08:00,2.371700063845827,3,1.0,dow,11,90.95,88.51,93.2,4,Developing,2.15,2.4
2026-10-03,05:55:00,7938,90.9,Y,2026-10-03T05:30:00+08:00,2.2691887092196867,3,0.9999999999999989,dow,11,90.52,87.61,92.7,4,Developing,0.38,0.4
2026-10-03,05:55:00,7944,90.7,Y,2026-10-03T05:30:00+08:00,2.204338140405426,3,1.0,dow,11,94.5,93.6,95.24,4,Developing,-3.8,-4.0
2026-10-03,05:55:00,8111,79.9,Y,2026-10-03T05:30:00+08:00,7.098377955748526,3,1.0,dow,11,80.28,78.92,81.88,4,Developing,-0.38,-0.5
2026-10-03,05:55:00,8141,77.3,Y,2026-10-03T05:30:00+08:00,4.114453546238419,3,1.0,dow,11,82.47,81.95,83.55,4,Developing,-5.17,-6.3
2026-10-03,05:55:00,8174,89.0,Y,2026-10-03T05:30:00+08:00,3.7514325561302146,3,1.0000000000000009,dow,11,91.25,90.38,92.0,4,Developing,-2.25,-2.5
2026-10-03,05:55:00,8237,96.4,Y,2026-10-03T05:30:00+08:00,2.382761109805631,3,1.0,dow,11,96.92,95.58,98.17,4,Developing,-0.52,-0.5
2026-10-03,05:55:00,8240,100.0,Y,2026-10-03T05:30:00+08:00,3.269135293173246,3,1.0,dow,11,103.5,102.5,104.25,4,Developing,-3.5,-3.4
2026-10-03,05:55:00,8313,53.8,Y,2026-10-03T05:30:00+08:00,13.886449591612838,3,1.0,dow,11,52.42,46.85,53.96,4,Developing,1.38,2.6
2026-10-03,05:55:00,8341,71.7,Y,2026-10-03T05:30:00+08:00,11.560253732669539,3,1.0000000000000009,dow,11,68.08,66.66,69.7,4,Developing,3.62,5.3
2026-10-03,05:55:00,8466,77.3,Y,2026-10-03T05:30:00+08:00,6.8609106430740345,3,1.0,dow,11,82.47,81.95,83.55,4,Developing,-5.17,-6.3
2026-10-03,05:55:00,8475,77.3,Y,2026-10-03T05:30:00+08:00,4.380853321591102,3,1.0,dow,11,82.47,81.95,83.55,4,Developing,-5.17,-6.3
2026-10-03,05:55:00,8537,89.0,Y,2026-10-03T05:30:00+08:00,3.710616204915964,3,1.0,dow,11,91.25,90.38,92.0,4,Developing,-2.25,-2.5
2026-10-03,05:55:00,8594,89.1,Y,2026-10-03T05:30:00+08:00,2.0040613444607493,3,1.0,dow,11,89.95,89.41,90.33,4,Developing,-0.85,-0.9
2026-10-03,05:55:00,8635,77.5,Y,2026-10-03T05:30:00+08:00,12.023263293276683,3,1.0,dow,11,74.5,73.38,75.62,4,Developing,3.0,4.0
2026-10-03,05:55:00,8770,77.3,Y,2026-10-03T05:30:00+08:00,6.966420171876348,3,1.0,dow,11,82.47,81.95,83.55,4,Developing,-5.17,-6.3
2026-10-03,05:55:00,8775,79.9,Y,2026-10-03T05:30:00+08:00,6.970352910376783,3,1.000000000000001,dow,11,80.28,78.92,81.88,4,Developing,-0.38,-0.5
2026-10-03,05:55:00,8797,100.0,Y,,,,,dow,11,103.5,102.5,104.25,4,Developing,-3.5,-3.4
2026-10-03,05:55:00,8798,85.0,Y,2026-10-03T05:30:00+08:00,4.11874755330097,3,1.0,dow,11,82.75,79.25,85.62,4,Developing,2.25,2.7
2026-10-03,05:55:00,8903,88.4,Y,2026-10-03T05:30:00+08:00,2.313092644377994,3,1.0,dow,11,89.72,89.56,90.05,4,Developing,-1.32,-1.5
2026-10-03,05:55:00,8945,96.6,Y,2026-10-03T05:30:00+08:00,2.29087818496748,3,1.0,dow,11,102.03,100.65,103.61,4,Developing,-5.43,-5.3
2026-10-03,05:55:00,9053,79.9,Y,2026-10-03T05:30:00+08:00,7.277008608737089,3,1.0,dow,11,80.28,78.92,81.88,4,Developing,-0.38,-0.5
2026-10-03,05:55:00,9117,71.3,Y,2026-10-03T05:30:00+08:00,6.970374603120285,3,0.9999999999999989,dow,11,75.6,72.59,76.4,4,Developing,-4.3,-5.7
2026-10-03,05:55:00,9143,85.2,Y,2026-10-03T05:30:00+08:00,4.011504211473958,3,1.0,dow,11,88.62,87.92,89.2,4,Developing,-3.42,-3.9
2026-10-03,05:55:00,9149,79.9,Y,2026-10-03T05:30:00+08:00,6.998621714048456,3,1.0,dow,11,80.28,78.92,81.88,4,Developing,-0.38,-0.5
2026-10-03,05:55:00,9183,100.0,Y,2026-10-03T05:30:00+08:00,3.8303894024384855,3,1.0,dow,11,103.5,102.5,104.25,4,Developing,-3.5,-3.4
2026-10-03,05:55:00,9194,89.0,Y,2026-10-03T05:30:00+08:00,3.6755801160115062,3,1.0,dow,11,91.25,90.38,92.0,4,Developing,-2.25,-2.5
2026-10-03,05:55:00,9223,89.0,Y,2026-10-03T05:30:00+08:00,3.269050245429804,3,1.0,dow,11,91.25,90.38,92.0,4,Developing,-2.25,-2.5
2026-10-03,05:55:00,9251,97.7,Y,2026-10-03T05:30:00+08:00,0.440871742131268,3,1.0,dow,11,98.97,96.09,101.83,4,Developing,-1.27,-1.3
2026-10-03,05:55:00,9255,93.3,Y,2026-10-03T05:30:00+08:00,2.453938767140295,3,1.0,dow,11,93.17,91.75,95.08,4,Developing,0.13,0.1
2026-10-03,05:55:00,9258,89.0,Y,2026-10-03T05:30:00+08:00,3.105949085044378,3,1.0,dow,11,91.25,90.38,92.0,4,Developing,-2.25,-2.5
2026-10-03,05:55:00,9259,94.9,Y,2026-10-03T05:30:00+08:00,3.070085205341319,3,1.0,dow,11,98.45,97.88,98.74,4,Developing,-3.55,-3.6
2026-10-03,05:55:00,9274,98.9,Y,2026-10-03T05:30:00+08:00,0.42506468201165,3,1.0,dow,11,110.08,108.71,111.75,4,Developing,-11.18,-10.2
2026-10-03,05:55:00,9289,88.0,Y,2026-10-03T05:30:00+08:00,2.86197774402798,3,1.0,dow,11,96.75,96.62,96.94,4,Developing,-8.75,-9.0
2026-10-03,05:55:00,9292,100.0,Y,2026-10-03T05:30:00+08:00,3.3829684733381513,3,1.0,dow,11,103.5,102.5,104.25,4,Developing,-3.5,-3.4
2026-10-03,05:55:00,92944,85.0,Y,2026-10-03T05:30:00+08:00,6.864896040698785,3,1.0000000000000009,dow,11,82.75,79.25,85.62,4,Developing,2.25,2.7
2026-10-03,05:55:00,93471,77.3,Y,2026-10-03T05:30:00+08:00,6.824022735217537,3,1.0,dow,11,82.47,81.95,83.55,4,Developing,-5.17,-6.3
2026-10-03,05:55:00,9475,85.0,Y,2026-10-03T05:30:00+08:00,6.862608287854706,3,1.000000000000001,dow,11,82.75,79.25,85.62,4,Developing,2.25,2.7
2026-10-03,05:55:00,9496,100.0,Y,2026-10-03T05:30:00+08:00,3.746619940370095,3,1.0,dow,11,103.5,102.5,104.25,4,Developing,-3.5,-3.4
2026-10-03,05:55:00,9567,94.7,Y,2026-10-03T05:30:00+08:00,2.208128709739232,3,1.0000000000000009,dow,11,93.8,93.42,94.73,4,Developing,0.9,1.0
2026-10-03,05:55:00,97212,77.3,Y,2026-10-03T05:30:00+08:00,6.938378490247165,3,1.0,dow,11,82.47,81.95,83.55,4,Developing,-5.17,-6.3
2026-10-03,05:55:00,97214,85.0,Y,2026-10-03T05:30:00+08:00,7.015789486465199,3,1.0,dow,11,82.75,79.25,85.62,4,Developing,2.25,2.7
2026-10-03,05:55:00,9738,63.5,Y,2026-10-03T05:30:00+08:00,7.298965478882218,3,1.0,dow,11,67.5,66.25,68.07,4,Developing,-4.0,-5.9
2026-10-03,05:55:00,9800,89.0,Y,2026-10-03T05:30:00+08:00,3.374484900064358,3,0.9999999999999999,dow,11,91.25,90.38,92.0,4,Developing,-2.25,-2.5
2026-10-03,05:55:00,9805,96.1,Y,2026-10-03T05:30:00+08:00,2.4431542013146443,3,1.0,dow,11,93.0,91.35,94.56,4,Developing,3.1,3.3
2026-10-03,05:55:00,9882,96.9,Y,2026-10-03T05:30:00+08:00,0.411751318795712,3,1.0,dow,11,99.0,96.58,102.19,4,Developing,-2.1,-2.1
2026-10-03,05:55:00,9903,99.7,Y,2026-10-03T05:30:00+08:00,0.455536771896141,3,1.0,dow,11,99.75,97.35,101.8,4,Developing,-0.05,-0.1
2026-10-03,05:55:00,9908,97.2,Y,2026-10-03T05:30:00+08:00,0.437047538430164,3,1.0,dow,11,106.28,105.04,107.97,4,Developing,-9.08,-8.5
2026-10-03,05:55:00,9933,71.3,Y,2026-10-03T05:30:00+08:00,7.0040452961914825,3,1.0,dow,11,75.6,72.59,76.4,4,Developing,-4.3,-5.7
2026-10-03,05:55:00,109125,67.8,Y,2026-10-03T05:30:00+08:00,4.7946835190974015,3,1.0,dow,11,76.67,76.34,76.85,4,Developing,-8.87,-11.6
2026-10-03,05:55:00,109126,75.2,Y,2026-10-03T05:30:00+08:00,5.315302002372089,3,0.999999999999999,dow,11,77.0,77.0,77.0,4,Developing,-1.8,-2.3
2026-10-03,05:55:00,109127,68.2,Y,2026-10-03T05:30:00+08:00,4.864264476203495,3,1.0,dow,11,72.55,72.09,73.38,4,Developing,-4.35,-6.0
2026-10-03,05:55:00,109128,73.9,Y,2026-10-03T05:30:00+08:00,5.333690148912439,3,1.0000000000000009,dow,11,77.0,77.0,77.0,4,Developing,-3.1,-4.0
2026-10-03,05:55:00,110531,76.9,Y,2026-10-03T05:30:00+08:00,0.0,3,1.0000000000000009,dow,11,75.07,74.31,76.4,4,Developing,1.83,2.4
2026-10-03,05:55:00,110551,73.6,Y,2026-10-03T05:30:00+08:00,0.0,3,1.0,dow,11,73.55,72.51,74.44,4,Developing,0.05,0.1
2026-10-03,05:55:00,110851,74.1,Y,2026-10-03T05:30:00+08:00,0.0,3,1.0,dow,11,77.1,75.58,78.41,4,Developing,-3.0,-3.9
2026-10-03,05:55:00,111732,59.9,Y,2026-10-03T05:30:00+08:00,3.842178573821789,3,1.0,dow,11,85.12,82.45,86.38,4,Developing,-25.22,-29.6
2026-10-03,05:55:00,111733,62.6,Y,2026-10-03T05:30:00+08:00,3.8288922639326053,3,1.0,dow,11,73.88,72.96,74.82,4,Developing,-11.28,-15.3
2026-10-03,05:55:00,111746,56.0,Y,2026-10-03T05:30:00+08:00,4.561014049882271,3,1.0,dow,11,88.0,88.0,88.0,4,Developing,-32.0,-36.4
2026-10-03,05:55:00,111748,69.9,Y,2026-10-03T05:30:00+08:00,4.821148358003629,3,1.0,dow,11,74.57,73.94,75.6,4,Developing,-4.67,-6.3
2026-10-03,05:55:00,111862,67.5,Y,2026-10-03T05:30:00+08:00,0.0,3,1.000000000000001,dow,11,75.1,74.36,75.89,4,Developing,-7.6,-10.1
2026-10-03,05:55:00,111863,60.4,Y,2026-10-03T05:30:00+08:00,0.0,3,1.0,dow,11,63.58,63.06,64.12,4,Developing,-3.18,-5.0
2026-10-03,05:55:00,111898,60.9,Y,2026-10-03T05:30:00+08:00,0.0,3,1.0,dow,11,63.35,63.08,63.79,4,Developing,-2.45,-3.9
2026-10-03,05:55:00,111900,73.5,Y,2026-10-03T05:30:00+08:00,0.0,3,0.9999999999999991,dow,11,65.17,63.88,66.91,4,Developing,8.33,12.8
2026-10-03,05:55:00,111902,77.0,Y,2026-10-03T05:30:00+08:00,3.759026133083176,3,1.0,dow,11,80.5,79.12,81.88,4,Developing,-3.5,-4.3
2026-10-03,05:55:00,111904,77.0,Y,2026-10-03T05:30:00+08:00,3.6844066787720493,3,1.0,dow,11,80.5,79.12,81.88,4,Developing,-3.5,-4.3
2026-10-03,05:55:00,111905,77.0,Y,2026-10-03T05:30:00+08:00,3.70742763282209,3,1.0,dow,11,80.5,79.12,81.88,4,Developing,-3.5,-4.3
2026-10-03,05:55:00,112122,87.8,Y,2026-10-03T05:30:00+08:00,0.0,3,1.0,dow,11,82.4,82.03,82.9,4,Developing,5.4,6.6
2026-10-03,05:55:00,112209,65.5,Y,2026-10-03T05:30:00+08:00,17.472690759070616,3,1.0,dow,11,69.95,69.69,70.3,4,Developing,-4.45,-6.4
2026-10-03,05:55:00,120282,89.0,Y,2026-10-03T05:30:00+08:00,0.0,3,1.0,dow,11,84.97,84.56,85.21,4,Developing,4.03,4.7
2026-10-03,05:55:00,121514,66.1,Y,2026-10-03T05:30:00+08:00,0.0,3,1.0,dow,11,69.15,68.62,69.76,4,Developing,-3.05,-4.4
2026-10-03,05:55:00,121515,68.8,Y,2026-10-03T05:30:00+08:00,0.0,3,1.0,dow,11,65.8,65.67,66.03,4,Developing,3.0,4.6
2026-10-03,05:55:00,121516,62.8,Y,2026-10-03T05:30:00+08:00,0.0,3,1.0,dow,11,61.25,60.06,62.43,4,Developing,1.55,2.5
2026-10-03,05:55:00,145854,71.4,Y,2026-10-03T05:30:00+08:00,17.582648310813976,3,1.0,dow,11,74.25,74.1,74.8,4,Developing,-2.85,-3.8
2026-10-03,05:55:00,163838,80.0,Y,2026-10-03T05:30:00+08:00,0.0,3,1.0,dow,11,55.75,51.25,58.62,4,Developing,24.25,43.5
2026-10-03,05:55:00,165371,77.3,Y,2026-10-03T05:30:00+08:00,4.142492659862803,3,1.0,dow,11,77.58,76.03,78.94,4,Developing,-0.28,-0.4
2026-10-03,05:55:00,165372,77.6,Y,2026-10-03T05:30:00+08:00,3.0231856313127574,3,1.0,dow,11,73.7,73.21,75.94,4,Developing,3.9,5.3
2026-10-03,05:55:00,260220,71.3,Y,2026-10-03T05:30:00+08:00,0.0,3,1.0,dow,11,73.32,72.55,74.11,4,Developing,-2.02,-2.8
2026-10-03,05:55:00,260221,71.2,Y,2026-10-03T05:30:00+08:00,0.0,3,1.0,dow,11,73.55,73.06,74.17,4,Developing,-2.35,-3.2
2026-10-03,05:55:00,260731,80.4,Y,2026-10-03T05:30:00+08:00,0.0,3,1.0,dow,11,76.72,75.4,77.34,4,Developing,3.68,4.8
2026-10-03,05:55:00,260732,83.0,Y,2026-10-03T05:30:00+08:00,0.0,3,0.9999999999999989,dow,11,91.0,90.7,91.67,4,Developing,-8.0,-8.8
2026-10-03,05:55:00,260852,87.7,Y,2026-10-03T05:30:00+08:00,0.0,3,0.999999999999999,dow,11,77.12,76.38,78.07,4,Developing,10.58,13.7
2026-10-03,05:55:00,261303,69.9,Y,2026-10-03T05:30:00+08:00,5.756137637816931,3,1.0,dow,11,79.12,77.88,80.16,4,Developing,-9.22,-11.7
2026-10-03,05:55:00,261306,67.6,Y,2026-10-03T05:30:00+08:00,5.772139289015271,3,1.0,dow,11,75.05,73.62,77.08,4,Developing,-7.45,-9.9
2026-10-03,05:55:00,263013,101.1,Y,2026-10-03T05:30:00+08:00,0.0,3,1.0,dow,11,92.72,90.17,93.24,4,Developing,8.38,9.0
2026-10-03,05:55:00,263014,101.1,Y,2026-10-03T05:30:00+08:00,0.0,3,1.000000000000001,dow,11,92.72,90.17,93.24,4,Developing,8.38,9.0
2026-10-03,05:55:00,263015,101.1,Y,2026-10-03T05:30:00+08:00,0.0,3,1.0,dow,11,92.72,90.17,93.24,4,Developing,8.38,9.0
2026-10-03,05:55:00,263016,92.9,Y,2026-10-03T05:30:00+08:00,0.0,3,1.0,dow,11,93.03,91.29,94.75,4,Developing,-0.13,-0.1
2026-10-03,05:55:00,263017,92.9,Y,2026-10-03T05:30:00+08:00,0.0,3,1.0,dow,11,93.03,91.29,94.75,4,Developing,-0.13,-0.1
2026-10-03,05:55:00,263122,79.0,Y,,,,,dow,11,79.62,79.5,80.1,4,Developing,-0.62,-0.8
2026-10-03,05:55:00,263124,92.9,Y,2026-10-03T05:30:00+08:00,0.0,3,1.0,dow,11,93.03,91.29,94.75,4,Developing,-0.13,-0.1
2026-10-03,05:55:00,263212,79.0,Y,,,,,dow,11,79.62,79.5,80.06,4,Developing,-0.62,-0.8
2026-10-03,05:55:00,263262,82.9,Y,2026-10-03T05:30:00+08:00,0.0,3,1.0,dow,11,82.9,82.9,82.9,4,Developing,0.0,0.0
2026-10-03,05:55:00,263304,78.9,Y,,,,,dow,11,79.58,79.4,80.16,4,Developing,-0.68,-0.9
2026-10-03,05:55:00,263442,92.9,Y,2026-10-03T05:30:00+08:00,0.0,3,1.0,dow,11,93.03,91.29,94.75,4,Developing,-0.13,-0.1
2026-10-03,05:55:00,263443,78.8,Y,2026-10-03T05:30:00+08:00,0.0,3,1.0,dow,11,79.55,79.4,80.17,4,Developing,-0.75,-0.9
2026-10-03,05:55:00,263864,92.4,Y,2026-10-03T05:30:00+08:00,1.2816154883893698,3,1.0,dow,11,94.12,93.29,94.66,4,Developing,-1.72,-1.8
2026-10-03,05:55:00,263882,93.2,Y,2026-10-03T05:30:00+08:00,0.5618550223676559,3,1.0,dow,11,95.0,92.35,97.03,4,Developing,-1.8,-1.9
2026-10-03,05:55:00,263962,91.0,Y,2026-10-03T05:30:00+08:00,0.0,3,1.0,dow,11,87.72,85.64,89.46,4,Developing,3.28,3.7
2026-10-03,05:55:00,264002,93.2,Y,2026-10-03T05:30:00+08:00,0.370385078753493,3,0.9999999999999998,dow,11,95.0,92.35,97.03,4,Developing,-1.8,-1.9
2026-10-03,05:55:00,264005,93.2,Y,2026-10-03T05:30:00+08:00,0.9047593945092204,3,0.9999999999999997,dow,11,95.0,92.35,97.03,4,Developing,-1.8,-1.9
2026-10-03,05:55:00,264083,98.9,Y,2026-10-03T05:30:00+08:00,0.0,3,1.0,dow,11,95.5,94.71,96.41,4,Developing,3.4,3.6
2026-10-03,05:55:00,264122,93.2,Y,2026-10-03T05:30:00+08:00,0.8294731930736127,3,1.0000000000000004,dow,11,95.0,92.35,97.03,4,Developing,-1.8,-1.9
2026-10-03,05:55:00,264123,93.2,Y,2026-10-03T05:30:00+08:00,0.603908362199142,3,1.0,dow,11,95.0,92.35,97.03,4,Developing,-1.8,-1.9
2026-10-03,05:55:00,270743,92.8,Y,2026-10-03T05:30:00+08:00,0.0,3,1.0,dow,11,84.33,83.46,84.81,4,Developing,8.47,10.0
2026-10-03,05:55:00,270744,86.8,Y,2026-10-03T05:30:00+08:00,0.0,3,1.0000000000000009,dow,11,81.38,81.34,81.7,4,Developing,5.42,6.7
2026-10-03,05:55:00,270843,60.9,Y,2026-10-03T05:30:00+08:00,3.7519796714412808,3,1.0,dow,11,64.17,63.27,65.84,4,Developing,-3.27,-5.1
2026-10-03,05:55:00,270844,77.0,Y,2026-10-03T05:30:00+08:00,3.7105032148488615,3,1.0,dow,11,80.5,79.12,81.88,4,Developing,-3.5,-4.3
2026-10-03,05:55:00,279247,80,N,2026-10-03T05:30:00+08:00,0.0,3,1.000000000000001,,,,,,,,,
2026-10-03,05:55:00,279248,76.7,Y,2026-10-03T05:30:00+08:00,0.0,3,1.000000000000001,dow,11,77.97,77.31,78.55,4,Developing,-1.27,-1.6
2026-10-03,05:55:00,279249,72.3,Y,2026-10-03T05:30:00+08:00,0.0,3,1.0,dow,11,74.3,74.3,74.3,2,Provisional,-2.0,-2.7
2026-10-03,05:55:00,279250,71.8,Y,2026-10-03T05:30:00+08:00,0.0,3,1.0000000000000009,dow,11,72.0,71.25,72.75,2,Provisional,-0.2,-0.3
2026-10-03,05:55:00,279251,80,N,2026-10-03T05:30:00+08:00,0.24792440766808477,3,1.0000000000000009,,,,,,,,,
2026-10-03,05:55:00,279252,74.8,Y,2026-10-03T05:30:00+08:00,0.21240080487187402,3,0.9999999999999999,dow,11,74.45,74.06,74.8,4,Developing,0.35,0.5
2026-10-03,05:55:00,279253,79.6,Y,2026-10-03T05:30:00+08:00,0.250257473228352,3,1.0,dow,11,74.1,73.41,75.0,4,Developing,5.5,7.4
2026-10-03,05:55:00,279254,72.8,Y,2026-10-03T05:30:00+08:00,0.241229383002689,3,1.0,dow,11,72.12,71.38,73.35,4,Developing,0.68,0.9
2026-10-03,05:55:00,279255,67.5,Y,2026-10-03T05:30:00+08:00,4.152697500901555,3,1.0,dow,11,71.62,71.59,71.76,4,Developing,-4.12,-5.8
2026-10-03,05:55:00,279256,68.0,Y,2026-10-03T05:30:00+08:00,4.087953191163943,3,1.0,dow,11,70.9,70.67,71.15,4,Developing,-2.9,-4.1
2026-10-03,05:55:00,279257,67.2,Y,2026-10-03T05:30:00+08:00,3.655028341387743,3,1.000000000000001,dow,11,70.05,69.55,70.58,4,Developing,-2.85,-4.1
2026-10-03,05:55:00,279258,70.5,Y,2026-10-03T05:30:00+08:00,3.4786639388236833,3,1.0000000000000009,dow,11,70.12,69.9,70.49,4,Developing,0.38,0.5
2026-10-03,05:55:00,279259,72.7,Y,2026-10-03T05:30:00+08:00,3.1187807374654857,3,0.9999999999999999,dow,11,80.5,78.8,82.45,4,Developing,-7.8,-9.7
2026-10-03,05:55:00,279260,80,N,2026-10-03T05:30:00+08:00,3.2945007649501385,3,1.000000000000001,dow,11,75.5,74.78,75.75,3,Provisional,,
2026-10-03,05:55:00,279261,70.5,Y,2026-10-03T05:30:00+08:00,3.514079279991099,3,1.0,dow,11,75.55,74.7,76.43,4,Developing,-5.05,-6.7
2026-10-03,05:55:00,279262,81.9,Y,2026-10-03T05:30:00+08:00,3.6912460637801003,3,1.0,dow,11,85.18,84.62,86.14,4,Developing,-3.28,-3.9
2026-10-03,05:55:00,279263,86.4,Y,2026-10-03T05:30:00+08:00,4.081200673720816,3,1.0,dow,11,89.8,88.7,90.7,4,Developing,-3.4,-3.8
2026-10-03,05:55:00,279264,75.2,Y,2026-10-03T05:30:00+08:00,5.4854411980250575,3,1.000000000000001,dow,11,77.0,77.0,77.0,4,Developing,-1.8,-2.3
2026-10-03,05:55:00,279265,71.6,Y,2026-10-03T05:30:00+08:00,5.47755418498147,3,1.0,dow,11,77.0,77.0,77.0,4,Developing,-5.4,-7.0
2026-10-03,05:55:00,279266,66.7,Y,2026-10-03T05:30:00+08:00,5.660347739738736,3,1.0,dow,11,69.12,68.34,69.7,4,Developing,-2.42,-3.5
2026-10-03,05:55:00,279267,77.0,Y,2026-10-03T05:30:00+08:00,5.47132855660244,3,1.0,dow,11,77.0,77.0,77.0,4,Developing,0.0,0.0
2026-10-03,05:55:00,279665,66.9,Y,2026-10-03T05:30:00+08:00,4.075762150035882,3,1.0,dow,11,74.72,74.16,75.0,4,Developing,-7.82,-10.5
2026-10-03,05:55:00,279666,61.9,Y,2026-10-03T05:30:00+08:00,5.5355710758484005,3,1.0,dow,11,65.88,65.81,66.49,4,Developing,-3.98,-6.0
2026-10-03,05:55:00,279667,66.5,Y,2026-10-03T05:30:00+08:00,5.39200885970701,3,1.0,dow,11,65.9,65.09,66.51,4,Developing,0.6,0.9
2026-10-03,05:55:00,279668,56.2,Y,2026-10-03T05:30:00+08:00,5.1874082804040835,3,1.0,dow,11,69.3,68.65,70.94,4,Developing,-13.1,-18.9
2026-10-03,05:55:00,279683,65.4,Y,2026-10-03T05:30:00+08:00,4.944877846801022,3,0.999999999999999,dow,11,85.65,85.47,85.94,4,Developing,-20.25,-23.6
2026-10-03,05:55:00,279708,70.4,Y,2026-10-03T05:30:00+08:00,18.17976733739676,3,0.9999999999999989,dow,11,82.67,80.92,84.56,4,Developing,-12.27,-14.8
2026-10-03,05:55:00,279709,76.1,Y,2026-10-03T05:30:00+08:00,17.88118561669331,3,1.000000000000001,dow,11,74.05,72.89,74.9,4,Developing,2.05,2.8
2026-10-03,05:55:00,279710,78.7,Y,2026-10-03T05:30:00+08:00,0.0,3,1.0000000000000009,dow,11,75.92,74.62,77.74,4,Developing,2.78,3.7
2026-10-03,05:55:00,279711,71.9,Y,2026-10-03T05:30:00+08:00,0.0,3,1.0000000000000009,dow,11,72.75,71.99,73.31,4,Developing,-0.85,-1.2
2026-10-03,05:55:00,279712,88.0,Y,2026-10-03T05:30:00+08:00,0.0,3,1.0,dow,11,74.1,73.74,74.61,4,Developing,13.9,18.8
2026-10-03,05:55:00,279723,85.1,Y,2026-10-03T05:30:00+08:00,0.0,3,1.0000000000000009,dow,11,75.08,74.85,75.7,4,Developing,10.02,13.3
2026-10-03,05:55:00,279724,84.3,Y,2026-10-03T05:30:00+08:00,0.0,3,1.0,dow,11,85.0,84.39,85.45,4,Developing,-0.7,-0.8
2026-10-03,05:55:00,279743,100,N,2026-10-03T05:30:00+08:00,0.0,3,1.0,,,,,,,,,
2026-10-03,05:55:00,279744,83.5,Y,2026-10-03T05:30:00+08:00,0.0,3,1.0,dow,11,76.7,76.0,78.47,3,Provisional,6.8,8.9
2026-10-03,05:55:00,279883,90.6,Y,2026-10-03T05:30:00+08:00,0.0,3,1.0000000000000009,dow,11,83.53,82.65,84.24,4,Developing,7.07,8.5
2026-10-03,05:55:00,279884,82.0,Y,2026-10-03T05:30:00+08:00,0.0,3,0.9999999999999989,dow,11,85.05,83.83,86.03,4,Developing,-3.05,-3.6
2026-10-03,05:55:00,279885,88.0,Y,2026-10-03T05:30:00+08:00,0.0,3,1.0,dow,11,88.0,87.88,88.5,4,Developing,0.0,0.0
2026-10-03,05:55:00,279886,85.6,Y,2026-10-03T05:30:00+08:00,0.0,3,0.999999999999999,dow,11,88.32,87.71,89.11,4,Developing,-2.72,-3.1
2026-10-03,05:55:00,279887,80.0,Y,2026-10-03T05:30:00+08:00,0.0,3,1.0,dow,11,86.65,85.98,88.32,4,Developing,-6.65,-7.7
2026-10-03,05:55:00,279888,85.6,Y,2026-10-03T05:30:00+08:00,0.0,3,1.0,dow,11,83.03,82.92,84.22,4,Developing,2.57,3.1
2026-10-03,05:55:00,279903,85.7,Y,2026-10-03T05:30:00+08:00,0.0,3,1.0000000000000009,dow,11,82.58,82.34,83.06,4,Developing,3.12,3.8
2026-10-03,05:55:00,279965,87.0,Y,2026-10-03T05:30:00+08:00,0.0,3,1.0000000000000009,dow,11,90.05,88.85,92.21,4,Developing,-3.05,-3.4
2026-10-03,05:55:00,285286,33.3,Y,2026-10-03T05:30:00+08:00,16.70330302019693,3,1.000000000000001,dow,11,37.9,37.21,39.36,4,Developing,-4.6,-12.1
2026-10-03,05:55:00,296037,80.0,Y,2026-10-03T05:30:00+08:00,0.0,3,1.0,dow,11,80.0,80.0,80.0,4,Developing,0.0,0.0
2026-10-03,05:55:00,296039,80.0,Y,2026-10-03T05:30:00+08:00,0.0,3,1.0,dow,11,80.0,80.0,80.0,4,Developing,0.0,0.0
2026-10-03,05:55:00,296040,110.3,Y,2026-10-03T05:30:00+08:00,0.0,3,1.0,dow,11,84.5,80.0,90.38,4,Developing,25.8,30.5
2026-10-03,05:55:00,296041,97.5,Y,2026-10-03T05:30:00+08:00,0.0,3,1.0,dow,11,97.5,97.5,97.5,4,Developing,0.0,0.0
2026-10-03,05:55:00,296053,100.0,Y,2026-10-03T05:30:00+08:00,0.0,3,1.0000000000000009,dow,11,100.0,100.0,100.0,4,Developing,0.0,0.0
2026-10-03,05:55:00,296054,97.5,Y,2026-10-03T05:30:00+08:00,0.0,3,1.0,dow,11,97.5,97.5,97.5,4,Developing,0.0,0.0
2026-10-03,05:55:00,296077,101.1,Y,2026-10-03T05:30:00+08:00,0.0,3,0.9999999999999991,dow,11,92.72,90.17,93.24,4,Developing,8.38,9.0
2026-10-03,05:55:00,296078,80.0,Y,2026-10-03T05:30:00+08:00,0.0,3,0.999999999999999,dow,11,82.22,81.24,82.97,4,Developing,-2.22,-2.7
2026-10-03,05:55:00,296141,80.0,Y,2026-10-03T05:30:00+08:00,0.0,3,1.0,dow,11,80.0,80.0,80.0,4,Developing,0.0,0.0
2026-10-03,05:55:00,296145,80.0,Y,2026-10-03T05:30:00+08:00,0.0,3,1.0,dow,11,80.0,80.0,80.0,4,Developing,0.0,0.0
2026-10-03,05:55:00,296149,80.0,Y,2026-10-03T05:30:00+08:00,0.0,3,1.0,dow,11,80.0,80.0,80.0,4,Developing,0.0,0.0
2026-10-03,05:55:00,296154,75.0,Y,2026-10-03T05:30:00+08:00,0.0,3,1.0,dow,11,80.0,79.12,80.0,4,Developing,-5.0,-6.2
2026-10-03,05:55:00,296164,70.0,Y,2026-10-03T05:30:00+08:00,0.0,3,1.0,dow,11,78.25,74.62,80.0,4,Developing,-8.25,-10.5
2026-10-03,05:55:00,296165,80.0,Y,2026-10-03T05:30:00+08:00,0.0,3,1.0,dow,11,80.0,80.0,80.0,4,Developing,0.0,0.0
2026-10-03,05:55:00,296176,92.0,Y,2026-10-03T05:30:00+08:00,0.0,3,0.9999999999999999,dow,11,86.75,80.5,92.12,4,Developing,5.25,6.1
2026-10-03,05:55:00,296177,45.3,Y,2026-10-03T05:30:00+08:00,0.0,3,1.0,dow,11,41.5,38.19,44.46,4,Developing,3.8,9.2
2026-10-03,05:55:00,296178,45.3,Y,2026-10-03T05:30:00+08:00,0.0,3,1.0,dow,11,41.5,38.19,44.46,4,Developing,3.8,9.2
2026-10-03,05:55:00,296231,80.0,Y,2026-10-03T05:30:00+08:00,0.0,3,1.0,dow,11,80.0,80.0,81.45,4,Developing,0.0,0.0
2026-10-03,05:55:00,296234,80.0,Y,2026-10-03T05:30:00+08:00,0.0,3,1.0,dow,11,81.0,80.0,83.12,4,Developing,-1.0,-1.2
2026-10-03,05:55:00,296235,80.0,Y,2026-10-03T05:30:00+08:00,0.0,3,1.0,dow,11,82.62,81.5,83.81,4,Developing,-2.62,-3.2
2026-10-03,05:55:00,296237,87.8,Y,2026-10-03T05:30:00+08:00,0.0,3,1.0,dow,11,81.4,80.97,81.51,4,Developing,6.4,7.9
2026-10-03,05:55:00,296238,87.8,Y,2026-10-03T05:30:00+08:00,0.0,3,1.0,dow,11,81.45,81.05,81.64,4,Developing,6.35,7.8
2026-10-03,05:55:00,296239,78.5,Y,2026-10-03T05:30:00+08:00,0.0,3,1.0,dow,11,80.0,80.0,80.69,4,Developing,-1.5,-1.9
2026-10-03,05:55:00,296240,93.7,Y,2026-10-03T05:30:00+08:00,0.0,3,1.0,dow,11,83.38,80.0,87.51,4,Developing,10.32,12.4
2026-10-03,05:55:00,296288,78.1,Y,2026-10-03T05:30:00+08:00,5.802595999838533,3,1.0,dow,11,83.67,83.0,85.22,4,Developing,-5.57,-6.7
2026-10-03,05:55:00,56775,68.3,Y,2026-10-03T05:30:00+08:00,5.713793580833078,3,0.9999999999999989,dow,11,77.65,76.34,78.84,4,Developing,-9.35,-12.0
2026-10-03,05:55:00,56779,71.1,Y,2026-10-03T05:30:00+08:00,18.15435026904523,3,1.0,dow,11,75.5,75.28,75.8,4,Developing,-4.4,-5.8
2026-10-03,05:55:00,56780,69.6,Y,2026-10-03T05:30:00+08:00,18.170301320438927,3,1.0,dow,11,74.35,74.1,75.0,4,Developing,-4.75,-6.4
2026-10-03,05:55:00,56782,75.4,Y,2026-10-03T05:30:00+08:00,12.528455520671383,3,1.0,dow,11,76.95,76.62,77.0,4,Developing,-1.55,-2.0
2026-10-03,05:55:00,56941,71.9,Y,2026-10-03T05:30:00+08:00,18.045177111268117,3,1.0,dow,11,73.45,72.83,73.98,4,Developing,-1.55,-2.1
2026-10-03,05:55:00,56944,69.1,Y,2026-10-03T05:30:00+08:00,5.862522211412868,3,0.9999999999999991,dow,11,76.02,74.85,77.45,4,Developing,-6.92,-9.1
2026-10-03,05:55:00,56980,91.0,Y,2026-10-03T05:30:00+08:00,0.9315881452075142,3,0.9999999999999999,dow,11,94.78,93.33,95.35,4,Developing,-3.78,-4.0
2026-10-03,05:55:00,57058,91.3,Y,2026-10-03T05:30:00+08:00,1.4399586579685184,3,1.000000000000001,dow,11,94.38,92.66,95.2,4,Developing,-3.08,-3.3
2026-10-03,05:55:00,57101,92.9,Y,2026-10-03T05:30:00+08:00,0.0,3,1.0,dow,11,93.03,91.29,94.75,4,Developing,-0.13,-0.1
2026-10-03,05:55:00,57104,89.6,Y,2026-10-03T05:30:00+08:00,0.0,3,1.0,dow,11,92.5,92.5,92.5,4,Developing,-2.9,-3.1
2026-10-03,05:55:00,57120,101.1,Y,2026-10-03T05:30:00+08:00,0.0,3,1.0000000000000009,dow,11,92.72,90.17,93.24,4,Developing,8.38,9.0
2026-10-03,05:55:00,57122,91.0,Y,2026-10-03T05:30:00+08:00,0.0,3,1.0,dow,11,87.72,85.64,89.46,4,Developing,3.28,3.7
2026-10-03,05:55:00,57147,92.9,Y,2026-10-03T05:30:00+08:00,0.0,3,1.0,dow,11,93.03,91.29,94.75,4,Developing,-0.13,-0.1
2026-10-03,05:55:00,57382,59.8,Y,2026-10-03T05:30:00+08:00,5.639971208371042,3,1.0,dow,11,68.25,66.98,68.75,4,Developing,-8.45,-12.4
2026-10-03,05:55:00,57411,91.3,Y,2026-10-03T05:30:00+08:00,0.7997186097821194,3,0.9999999999999996,dow,11,94.38,92.66,95.2,4,Developing,-3.08,-3.3
2026-10-03,05:55:00,57412,93.2,Y,2026-10-03T05:30:00+08:00,0.0,3,1.0,dow,11,95.0,92.35,97.03,4,Developing,-1.8,-1.9
2026-10-03,05:55:00,57440,93.2,Y,2026-10-03T05:30:00+08:00,0.5969313606560681,3,0.9999999999999998,dow,11,95.0,92.35,97.03,4,Developing,-1.8,-1.9
2026-10-03,05:55:00,57470,91.3,Y,2026-10-03T05:30:00+08:00,0.4016961635391751,3,0.9999999999999997,dow,11,94.38,92.66,95.2,4,Developing,-3.08,-3.3
2026-10-03,05:55:00,57471,90.0,Y,2026-10-03T05:30:00+08:00,2.39137402284343,3,1.0,dow,11,95.57,94.99,95.88,4,Developing,-5.57,-5.8
2026-10-03,05:55:00,57554,91.3,Y,2026-10-03T05:30:00+08:00,0.6188297720441083,3,0.9999999999999997,dow,11,94.38,92.66,95.2,4,Developing,-3.08,-3.3
2026-10-03,05:55:00,57636,66.3,Y,2026-10-03T05:30:00+08:00,5.68786414006539,3,1.0,dow,11,73.97,72.58,76.4,4,Developing,-7.67,-10.4
2026-10-03,05:55:00,57723,66.3,Y,2026-10-03T05:30:00+08:00,5.149220194483239,3,1.0,dow,11,66.88,65.66,67.85,4,Developing,-0.58,-0.9
2026-10-03,05:55:00,57724,58.5,Y,2026-10-03T05:30:00+08:00,5.469011633083059,3,1.000000000000001,dow,11,71.9,69.47,74.83,4,Developing,-13.4,-18.6
2026-10-03,05:55:00,58013,93.2,Y,2026-10-03T05:30:00+08:00,0.35375305116307304,3,0.9999999999999998,dow,11,95.0,92.35,97.03,4,Developing,-1.8,-1.9
2026-10-03,05:55:00,58039,86.8,Y,2026-10-03T05:30:00+08:00,0.0,3,1.0,dow,11,85.95,84.79,87.26,4,Developing,0.85,1.0
2026-10-03,05:55:00,58041,92.4,Y,2026-10-03T05:30:00+08:00,1.9113426680285102,3,1.0,dow,11,94.12,93.29,94.66,4,Developing,-1.72,-1.8
2026-10-03,05:55:00,58042,92.4,Y,2026-10-03T05:30:00+08:00,2.37940107444981,3,1.0,dow,11,94.12,93.29,94.66,4,Developing,-1.72,-1.8
2026-10-03,05:55:00,58117,65.5,Y,2026-10-03T05:30:00+08:00,17.156880532510435,3,1.0,dow,11,69.95,69.69,70.3,4,Developing,-4.45,-6.4
2026-10-03,05:55:00,58265,65.5,Y,2026-10-03T05:30:00+08:00,17.513009227992253,3,1.0,dow,11,69.95,69.69,70.3,4,Developing,-4.45,-6.4
2026-10-03,05:55:00,58271,62.9,Y,2026-10-03T05:30:00+08:00,5.607643085649853,3,1.0,dow,11,79.55,76.1,83.28,4,Developing,-16.65,-20.9
2026-10-03,05:55:00,58272,67.8,Y,2026-10-03T05:30:00+08:00,5.838507925722591,3,1.0000000000000009,dow,11,79.07,77.69,80.19,4,Developing,-11.27,-14.3
2026-10-03,05:55:00,58314,98.9,Y,2026-10-03T05:30:00+08:00,0.0,3,1.0,dow,11,95.5,94.71,96.41,4,Developing,3.4,3.6
2026-10-03,05:55:00,58347,98.9,Y,2026-10-03T05:30:00+08:00,0.0,3,1.0,dow,11,95.5,94.71,96.41,4,Developing,3.4,3.6
2026-10-03,05:55:00,58461,83.6,Y,2026-10-03T05:30:00+08:00,0.0,3,1.0,dow,11,87.83,86.99,89.74,4,Developing,-4.23,-4.8
2026-10-03,05:55:00,58490,93.2,Y,2026-10-03T05:30:00+08:00,1.4240199098009285,3,1.000000000000001,dow,11,95.0,92.35,97.03,4,Developing,-1.8,-1.9
2026-10-03,05:55:00,58541,80.6,Y,2026-10-03T05:30:00+08:00,18.160852761467225,3,1.0,dow,11,79.42,78.44,80.06,4,Developing,1.18,1.5
2026-10-03,05:55:00,58741,73.4,Y,2026-10-03T05:30:00+08:00,5.951237844246693,3,1.0,dow,11,77.0,77.0,77.0,4,Developing,-3.6,-4.7
2026-10-03,05:55:00,58776,99.1,Y,2026-10-03T05:30:00+08:00,0.0,3,1.0,dow,11,95.05,94.23,96.14,4,Developing,4.05,4.3
2026-10-03,05:55:00,58870,98.9,Y,2026-10-03T05:30:00+08:00,0.0,3,1.0,dow,11,95.5,94.71,96.41,4,Developing,3.4,3.6
2026-10-03,05:55:00,58894,95.3,Y,2026-10-03T05:30:00+08:00,0.0,3,1.0000000000000009,dow,11,93.62,93.16,94.26,4,Developing,1.68,1.8
2026-10-03,05:55:00,58895,98.9,Y,2026-10-03T05:30:00+08:00,0.0,3,0.9999999999999999,dow,11,95.5,94.71,96.41,4,Developing,3.4,3.6
2026-10-03,05:55:00,59017,74.7,Y,2026-10-03T05:30:00+08:00,18.066396894968282,3,1.0,dow,11,79.2,78.26,79.93,4,Developing,-4.5,-5.7
2026-10-03,05:55:00,59194,77.9,Y,2026-10-03T05:30:00+08:00,16.209026717683166,3,1.0,dow,11,79.67,79.19,79.99,4,Developing,-1.77,-2.2
2026-10-03,05:55:00,59240,93.2,Y,2026-10-03T05:30:00+08:00,0.7702647010260804,3,0.9999999999999996,dow,11,95.0,92.35,97.03,4,Developing,-1.8,-1.9
2026-10-03,05:55:00,59242,91.1,Y,2026-10-03T05:30:00+08:00,0.0,3,1.0,dow,11,88.15,86.22,89.56,4,Developing,2.95,3.3
2026-10-03,05:55:00,59268,93.2,Y,2026-10-03T05:30:00+08:00,1.23445483502982,3,1.0,dow,11,95.0,92.35,97.03,4,Developing,-1.8,-1.9
2026-10-03,05:55:00,59303,91.3,Y,2026-10-03T05:30:00+08:00,1.25321452880217,3,1.0,dow,11,94.38,92.66,95.2,4,Developing,-3.08,-3.3
2026-10-03,05:55:00,59333,88.9,Y,2026-10-03T05:30:00+08:00,0.0,3,1.0000000000000002,dow,11,85.88,84.61,87.14,4,Developing,3.02,3.5
2026-10-03,05:55:00,59408,91.0,Y,2026-10-03T05:30:00+08:00,0.0,3,1.0,dow,11,87.72,85.64,89.46,4,Developing,3.28,3.7
2026-10-03,05:55:00,59434,83.5,Y,2026-10-03T05:30:00+08:00,0.0,3,1.0,dow,11,84.42,84.19,85.14,4,Developing,-0.92,-1.1
2026-10-03,05:55:00,59435,91.0,Y,2026-10-03T05:30:00+08:00,0.0,3,0.9999999999999989,dow,11,87.72,85.64,89.46,4,Developing,3.28,3.7
2026-10-03,05:55:00,59479,55.5,Y,2026-10-03T05:30:00+08:00,18.17838848450553,3,0.999999999999999,dow,11,58.65,58.05,59.61,4,Developing,-3.15,-5.4
2026-10-03,05:55:00,59654,80.7,Y,2026-10-03T05:30:00+08:00,16.20059787203483,3,1.0,dow,11,81.97,81.04,82.79,4,Developing,-1.27,-1.5
2026-10-03,05:55:00,59659,69.9,Y,2026-10-03T05:30:00+08:00,5.9578933105882665,3,1.0,dow,11,77.0,76.28,77.0,4,Developing,-7.1,-9.2
2026-10-03,05:55:00,59714,101.1,Y,2026-10-03T05:30:00+08:00,0.0,3,1.0,dow,11,92.72,90.17,93.24,4,Developing,8.38,9.0
2026-10-03,05:55:00,59715,89.4,Y,2026-10-03T05:30:00+08:00,0.0,3,1.0,dow,11,93.07,91.9,93.56,4,Developing,-3.67,-3.9
2026-10-03,05:55:00,59848,92.9,Y,2026-10-03T05:30:00+08:00,0.0,3,1.0,dow,11,93.03,91.29,94.75,4,Developing,-0.13,-0.1
2026-10-03,05:55:00,59849,88.0,Y,2026-10-03T05:30:00+08:00,0.0,3,1.0,dow,11,88.0,87.88,88.5,4,Developing,0.0,0.0
2026-10-03,05:55:00,59850,101.1,Y,2026-10-03T05:30:00+08:00,0.0,3,1.0,dow,11,92.72,90.17,93.24,4,Developing,8.38,9.0
2026-10-03,05:55:00,59870,88.0,Y,2026-10-03T05:30:00+08:00,0.0,3,1.0000000000000009,dow,11,88.0,87.88,88.5,4,Developing,0.0,0.0
2026-10-03,05:55:00,59911,56.1,Y,2026-10-03T05:30:00+08:00,17.655495690313558,3,1.0,dow,11,56.1,55.54,56.62,4,Developing,0.0,0.0
2026-10-03,05:55:00,59916,77.0,Y,2026-10-03T05:30:00+08:00,12.512283796064631,3,1.0,dow,11,77.0,77.0,77.0,4,Developing,0.0,0.0
2026-10-03,05:55:00,60107,77.8,Y,2026-10-03T05:30:00+08:00,18.031435168101545,3,1.000000000000001,dow,11,78.7,78.22,79.11,4,Developing,-0.9,-1.1
2026-10-03,05:55:00,60108,81.1,Y,2026-10-03T05:30:00+08:00,17.206596788938505,3,1.0,dow,11,80.8,80.47,81.25,4,Developing,0.3,0.4
2026-10-03,05:55:00,60144,91.3,Y,2026-10-03T05:30:00+08:00,1.06356522631076,3,1.0,dow,11,94.38,92.66,95.2,4,Developing,-3.08,-3.3
2026-10-03,05:55:00,60240,91.3,Y,2026-10-03T05:30:00+08:00,0.0,3,1.0,dow,11,94.38,92.66,95.2,4,Developing,-3.08,-3.3
2026-10-03,05:55:00,60286,93.2,Y,2026-10-03T05:30:00+08:00,1.0806839974998899,3,1.0,dow,11,95.0,92.35,97.03,4,Developing,-1.8,-1.9
2026-10-03,05:55:00,60308,85.8,Y,2026-10-03T05:30:00+08:00,0.0,3,1.0,dow,11,92.05,91.89,92.21,4,Developing,-6.25,-6.8
2026-10-03,05:55:00,60309,98.9,Y,2026-10-03T05:30:00+08:00,0.0,3,1.0,dow,11,95.5,94.71,96.41,4,Developing,3.4,3.6
2026-10-03,05:55:00,60310,89.8,Y,2026-10-03T05:30:00+08:00,0.0,3,1.0,dow,11,90.12,88.17,92.29,4,Developing,-0.32,-0.4
2026-10-03,05:55:00,60340,88.9,Y,2026-10-03T05:30:00+08:00,0.0,3,1.0,dow,11,93.1,92.28,93.45,4,Developing,-4.2,-4.5
2026-10-03,05:55:00,60401,73.6,Y,2026-10-03T05:30:00+08:00,0.0,3,1.0,dow,11,77.5,76.66,78.3,4,Developing,-3.9,-5.0
2026-10-03,05:55:00,60432,80.7,Y,2026-10-03T05:30:00+08:00,10.63132019039556,3,1.0,dow,11,77.85,77.09,78.58,4,Developing,2.85,3.7
2026-10-03,05:55:00,60458,87.8,Y,2026-10-03T05:30:00+08:00,7.7856167014531215,3,1.0,dow,11,89.7,89.4,90.03,4,Developing,-1.9,-2.1
2026-10-03,05:55:00,60489,83.6,Y,2026-10-03T05:30:00+08:00,4.91922809111755,3,1.0,dow,11,93.28,91.96,94.3,4,Developing,-9.68,-10.4
2026-10-03,05:55:00,60639,81.1,Y,2026-10-03T05:30:00+08:00,16.560587794496804,3,1.0,dow,11,80.8,80.47,81.25,4,Developing,0.3,0.4
2026-10-03,05:55:00,60732,91.0,Y,2026-10-03T05:30:00+08:00,0.0,3,1.0,dow,11,87.72,85.64,89.46,4,Developing,3.28,3.7
2026-10-03,05:55:00,60783,77.0,Y,2026-10-03T05:30:00+08:00,10.942286450550295,3,1.0,dow,11,78.72,77.62,79.56,4,Developing,-1.72,-2.2
2026-10-03,05:55:00,60784,79.0,Y,2026-10-03T05:30:00+08:00,10.354863006351758,3,1.0,dow,11,77.1,73.66,78.83,4,Developing,1.9,2.5
2026-10-03,05:55:00,60791,82.3,Y,2026-10-03T05:30:00+08:00,8.973023740204882,3,1.0000000000000002,dow,11,85.2,84.46,85.89,4,Developing,-2.9,-3.4
2026-10-03,05:55:00,60884,88.0,Y,2026-10-03T05:30:00+08:00,10.8214486394313,3,1.0,dow,11,88.0,88.0,88.0,4,Developing,0.0,0.0
2026-10-03,05:55:00,60924,90.0,Y,2026-10-03T05:30:00+08:00,2.6721177606937,3,1.0,dow,11,95.57,94.99,95.88,4,Developing,-5.57,-5.8
2026-10-03,05:55:00,60930,83.6,Y,2026-10-03T05:30:00+08:00,3.4663869105531098,3,1.0,dow,11,93.28,91.96,94.3,4,Developing,-9.68,-10.4
2026-10-03,05:55:00,61107,73.5,Y,2026-10-03T05:30:00+08:00,10.963510223944903,3,0.9999999999999991,dow,11,79.9,79.2,80.46,4,Developing,-6.4,-8.0
2026-10-03,05:55:00,61108,85.4,Y,2026-10-03T05:30:00+08:00,8.715806944678663,3,0.9999999999999998,dow,11,84.7,84.24,86.74,4,Developing,0.7,0.8
2026-10-03,05:55:00,61109,72.5,Y,2026-10-03T05:30:00+08:00,15.703275028685129,3,1.0,dow,11,74.67,74.25,75.19,4,Developing,-2.17,-2.9
2026-10-03,05:55:00,61270,84.0,Y,2026-10-03T05:30:00+08:00,14.901800874244904,3,1.0,dow,11,86.5,86.0,87.0,4,Developing,-2.5,-2.9
2026-10-03,05:55:00,61351,65.5,Y,2026-10-03T05:30:00+08:00,16.5281949665937,3,1.0,dow,11,69.95,69.69,70.3,4,Developing,-4.45,-6.4
2026-10-03,05:55:00,61382,92.4,Y,2026-10-03T05:30:00+08:00,0.9800033453960295,3,1.0000000000000004,dow,11,94.12,93.29,94.66,4,Developing,-1.72,-1.8
2026-10-03,05:55:00,61462,88.0,Y,2026-10-03T05:30:00+08:00,7.016423895699346,3,0.9999999999999999,dow,11,91.85,91.8,91.9,4,Developing,-3.85,-4.2
2026-10-03,05:55:00,61565,82.7,Y,2026-10-03T05:30:00+08:00,10.559552414296128,3,1.0000000000000007,dow,11,78.88,78.49,79.39,4,Developing,3.82,4.8
2026-10-03,05:55:00,61734,92.4,Y,2026-10-03T05:30:00+08:00,2.74989707590065,3,1.0,dow,11,94.12,93.29,94.66,4,Developing,-1.72,-1.8
2026-10-03,05:55:00,61760,90.0,Y,2026-10-03T05:30:00+08:00,1.9645559064187,3,1.0,dow,11,95.57,94.99,95.88,4,Developing,-5.57,-5.8
2026-10-03,05:55:00,61826,74.9,Y,2026-10-03T05:30:00+08:00,6.463085020914523,3,1.000000000000001,dow,11,99.4,97.56,99.92,4,Developing,-24.5,-24.6
2026-10-03,05:55:00,61875,89.3,Y,2026-10-03T05:30:00+08:00,7.633393295949936,3,1.0,dow,11,88.5,88.17,88.88,4,Developing,0.8,0.9
2026-10-03,05:55:00,61997,84.0,Y,2026-10-03T05:30:00+08:00,14.640237905157774,3,1.0,dow,11,86.5,86.0,87.0,4,Developing,-2.5,-2.9
2026-10-03,05:55:00,62090,78.7,Y,2026-10-03T05:30:00+08:00,0.0,3,1.0,dow,11,74.5,73.79,75.56,4,Developing,4.2,5.6
2026-10-03,05:55:00,62229,86.3,Y,2026-10-03T05:30:00+08:00,8.8100254034863,3,1.0,dow,11,81.67,81.09,82.6,4,Developing,4.63,5.7
2026-10-03,05:55:00,62355,82.0,Y,2026-10-03T05:30:00+08:00,11.477718181448886,3,1.0,dow,11,81.75,80.75,82.75,4,Developing,0.25,0.3
2026-10-03,05:55:00,62404,64.4,Y,2026-10-03T05:30:00+08:00,18.306531103739648,3,1.0000000000000009,dow,11,75.2,74.67,75.69,4,Developing,-10.8,-14.4
2026-10-03,05:55:00,62420,79.1,Y,2026-10-03T05:30:00+08:00,0.0,3,1.000000000000001,dow,11,89.6,89.04,89.69,4,Developing,-10.5,-11.7
2026-10-03,05:55:00,62481,82.0,Y,2026-10-03T05:30:00+08:00,10.326593571186192,3,1.0000000000000002,dow,11,81.38,80.79,81.8,4,Developing,0.62,0.8
2026-10-03,05:55:00,62499,77.2,Y,2026-10-03T05:30:00+08:00,9.048099082312525,3,1.0000000000000002,dow,11,77.65,76.55,79.05,4,Developing,-0.45,-0.6
2026-10-03,05:55:00,62698,79.8,Y,2026-10-03T05:30:00+08:00,11.381816439720794,3,1.0,dow,11,83.48,83.25,83.81,4,Developing,-3.68,-4.4
2026-10-03,05:55:00,62765,75.7,Y,2026-10-03T05:30:00+08:00,1.2715385762627713,3,0.9999999999999989,dow,11,76.2,74.97,76.83,4,Developing,-0.5,-0.7
2026-10-03,05:55:00,62770,87.8,Y,2026-10-03T05:30:00+08:00,0.0,3,1.0,dow,11,90.5,89.15,91.74,4,Developing,-2.7,-3.0
2026-10-03,05:55:00,62779,85.5,Y,2026-10-03T05:30:00+08:00,0.0,3,0.999999999999999,dow,11,83.92,82.51,85.53,4,Developing,1.58,1.9
2026-10-03,05:55:00,62793,79.8,Y,2026-10-03T05:30:00+08:00,0.0,3,1.0000000000000002,dow,11,88.72,88.3,89.34,4,Developing,-8.92,-10.1
2026-10-03,05:55:00,62848,83.1,Y,2026-10-03T05:30:00+08:00,15.655164461672282,3,1.0,dow,11,84.58,84.38,84.8,4,Developing,-1.48,-1.7
2026-10-03,05:55:00,62993,74.9,Y,2026-10-03T05:30:00+08:00,4.52338382172621,3,1.0,dow,11,99.4,97.56,99.92,4,Developing,-24.5,-24.6
2026-10-03,05:55:00,63016,82.0,Y,2026-10-03T05:30:00+08:00,14.96677947065773,3,1.0,dow,11,81.75,80.75,82.75,4,Developing,0.25,0.3
2026-10-03,05:55:00,63017,82.0,Y,2026-10-03T05:30:00+08:00,14.65259661946594,3,1.0,dow,11,81.75,80.75,82.75,4,Developing,0.25,0.3
2026-10-03,05:55:00,93086,77.0,Y,2026-10-03T05:30:00+08:00,3.8428259377169858,3,1.0,dow,11,80.5,79.12,81.88,4,Developing,-3.5,-4.3
2026-10-03,05:55:00,93112,77.0,Y,2026-10-03T05:30:00+08:00,4.1374505749858,3,1.0,dow,11,80.5,79.12,81.88,4,Developing,-3.5,-4.3
2026-10-03,05:55:00,93426,59.2,Y,2026-10-03T05:30:00+08:00,4.351492642245541,3,0.999999999999999,dow,11,58.1,57.67,58.6,4,Developing,1.1,1.9
2026-10-03,05:55:00,93551,63.7,Y,2026-10-03T05:30:00+08:00,0.0,3,1.0,dow,11,78.1,76.93,79.2,4,Developing,-14.4,-18.4
2026-10-03,05:55:00,93561,83.0,Y,2026-10-03T05:30:00+08:00,0.0,3,0.999999999999999,dow,11,93.0,91.62,94.25,4,Developing,-10.0,-10.8
2026-10-03,05:55:00,93803,58.2,Y,2026-10-03T05:30:00+08:00,3.9924246941409756,3,1.0,dow,11,62.15,61.19,62.95,4,Developing,-3.95,-6.4
2026-10-03,05:55:00,93804,68.2,Y,2026-10-03T05:30:00+08:00,3.9915009365641314,3,1.000000000000001,dow,11,71.95,70.84,72.92,4,Developing,-3.75,-5.2
2026-10-03,05:55:00,93805,75.9,Y,2026-10-03T05:30:00+08:00,4.00416468217551,3,1.0,dow,11,71.65,68.56,75.28,4,Developing,4.25,5.9
2026-10-03,05:55:00,93848,80.2,Y,2026-10-03T05:30:00+08:00,0.0,3,1.0,dow,11,76.27,75.65,76.81,4,Developing,3.93,5.2
2026-10-03,05:55:00,93852,90.8,Y,2026-10-03T05:30:00+08:00,0.0,3,1.0,dow,11,87.68,85.12,89.11,4,Developing,3.12,3.6
2026-10-03,05:55:00,93853,72.6,Y,2026-10-03T05:30:00+08:00,0.0,3,1.0,dow,11,95.9,95.6,96.38,4,Developing,-23.3,-24.3
2026-10-03,05:55:00,93855,87.2,Y,2026-10-03T05:30:00+08:00,0.0,3,0.9999999999999991,dow,11,84.15,82.35,84.65,4,Developing,3.05,3.6
2026-10-03,05:55:00,93856,82.8,Y,2026-10-03T05:30:00+08:00,0.0,3,0.9999999999999989,dow,11,85.5,85.5,85.67,4,Developing,-2.7,-3.2
2026-10-03,05:55:00,93857,58.0,Y,2026-10-03T05:30:00+08:00,0.0,3,1.0,dow,11,75.47,74.38,76.47,4,Developing,-17.47,-23.1
2026-10-03,05:55:00,93863,70.8,Y,2026-10-03T05:30:00+08:00,3.977866499414037,3,1.0,dow,11,76.9,76.6,77.33,4,Developing,-6.1,-7.9
2026-10-03,05:55:00,93964,78.9,Y,2026-10-03T05:30:00+08:00,0.0,3,1.0,dow,11,77.1,76.24,78.0,4,Developing,1.8,2.3
2026-10-03,05:55:00,94129,98.2,Y,2026-10-03T05:30:00+08:00,0.0,3,1.0,dow,11,91.3,90.4,92.89,4,Developing,6.9,7.6
2026-10-03,05:55:00,94130,69.6,Y,2026-10-03T05:30:00+08:00,0.0,3,1.0,dow,11,91.15,84.76,92.88,4,Developing,-21.55,-23.6
2026-10-03,05:55:00,94180,60.4,Y,2026-10-03T05:30:00+08:00,0.0,3,1.0,dow,11,63.58,63.06,64.12,4,Developing,-3.18,-5.0
2026-10-03,05:55:00,94204,82.3,Y,2026-10-03T05:30:00+08:00,0.0,3,1.0,dow,11,77.17,76.51,77.64,4,Developing,5.13,6.6
2026-10-03,05:55:00,94636,63.0,Y,2026-10-03T05:30:00+08:00,0.0,3,0.9999999999999989,dow,11,59.0,57.0,60.38,4,Developing,4.0,6.8
2026-10-03,05:55:00,94706,70.9,Y,2026-10-03T05:30:00+08:00,0.299925449739674,3,1.0,dow,11,75.2,74.9,75.28,4,Developing,-4.3,-5.7
2026-10-03,05:55:00,95293,72.4,Y,2026-10-03T05:30:00+08:00,0.0,3,1.0,dow,11,73.3,73.17,75.2,4,Developing,-0.9,-1.2
2026-10-03,05:55:00,95299,76.1,Y,2026-10-03T05:30:00+08:00,0.303472091020663,3,1.0,dow,11,73.35,72.72,74.9,4,Developing,2.75,3.7
2026-10-03,05:55:00,95306,69.6,Y,2026-10-03T05:30:00+08:00,0.0,3,1.0,dow,11,66.03,65.9,67.76,4,Developing,3.57,5.4
2026-10-03,05:55:00,95307,67.5,Y,2026-10-03T05:30:00+08:00,0.0,3,1.0000000000000009,dow,11,66.47,65.25,68.69,4,Developing,1.03,1.5
2026-10-03,05:55:00,95308,75.9,Y,2026-10-03T05:30:00+08:00,0.0,3,1.0,dow,11,74.4,73.99,74.92,4,Developing,1.5,2.0
2026-10-03,05:55:00,95309,72.7,Y,2026-10-03T05:30:00+08:00,0.0,3,1.0,dow,11,72.55,72.05,74.58,4,Developing,0.15,0.2
2026-10-03,05:55:00,95310,65.1,Y,2026-10-03T05:30:00+08:00,0.0,3,1.0,dow,11,70.95,67.6,74.85,4,Developing,-5.85,-8.2
2026-10-03,05:55:00,95329,60.4,Y,2026-10-03T05:30:00+08:00,0.0,3,1.0,dow,11,63.58,63.06,64.12,4,Developing,-3.18,-5.0
2026-10-03,05:55:00,95333,82.3,Y,2026-10-03T05:30:00+08:00,0.0,3,0.9999999999999999,dow,11,77.17,76.51,77.64,4,Developing,5.13,6.6
2026-10-03,05:55:00,95349,75.6,Y,2026-10-03T05:30:00+08:00,0.0,3,0.9999999999999991,dow,11,75.97,75.61,76.38,4,Developing,-0.37,-0.5
2026-10-03,05:55:00,95350,72.5,Y,2026-10-03T05:30:00+08:00,0.0,3,1.0000000000000009,dow,11,78.72,72.64,84.91,4,Developing,-6.22,-7.9
2026-10-03,05:55:00,95356,72.7,Y,2026-10-03T05:30:00+08:00,3.0319951833811114,3,1.0,dow,11,79.3,77.9,81.05,4,Developing,-6.6,-8.3
2026-10-03,05:55:00,95972,68.5,Y,2026-10-03T05:30:00+08:00,0.0,3,0.999999999999999,dow,11,86.7,83.99,88.0,4,Developing,-18.2,-21.0
2026-10-03,05:55:00,95974,77.7,Y,2026-10-03T05:30:00+08:00,0.0,3,1.0,dow,11,76.33,75.0,78.19,4,Developing,1.37,1.8
2026-10-03,05:55:00,95976,86.9,Y,2026-10-03T05:30:00+08:00,0.0,3,0.999999999999999,dow,11,79.62,79.29,80.25,4,Developing,7.28,9.1
2026-10-03,05:55:00,95977,81.3,Y,2026-10-03T05:30:00+08:00,0.0,3,1.0,dow,11,71.35,71.02,71.53,4,Developing,9.95,13.9
2026-10-03,05:55:00,95980,73.5,Y,2026-10-03T05:30:00+08:00,0.0,3,0.9999999999999989,dow,11,77.72,77.17,78.19,4,Developing,-4.22,-5.4
2026-10-03,05:55:00,95981,78.6,Y,2026-10-03T05:30:00+08:00,0.0,3,0.999999999999999,dow,11,76.22,74.78,77.56,4,Developing,2.38,3.1
2026-10-03,05:55:00,95982,75.7,Y,2026-10-03T05:30:00+08:00,0.0,3,1.0,dow,11,75.75,74.79,76.62,4,Developing,-0.05,-0.1
2026-10-03,05:55:00,95983,77.6,Y,2026-10-03T05:30:00+08:00,0.0,3,1.0,dow,11,75.45,75.29,75.5,4,Developing,2.15,2.8
2026-10-03,05:55:00,95984,76.6,Y,2026-10-03T05:30:00+08:00,0.0,3,1.0000000000000009,dow,11,75.28,75.06,75.3,4,Developing,1.32,1.8
2026-10-03,05:55:00,95985,86.6,Y,2026-10-03T05:30:00+08:00,0.0,3,1.0,dow,11,71.55,71.45,71.78,4,Developing,15.05,21.0
2026-10-03,05:55:00,95986,74.9,Y,2026-10-03T05:30:00+08:00,0.0,3,1.0000000000000009,dow,11,78.6,78.22,79.1,4,Developing,-3.7,-4.7
2026-10-03,05:55:00,95987,74.4,Y,2026-10-03T05:30:00+08:00,0.0,3,1.0,dow,11,72.55,72.47,72.81,4,Developing,1.85,2.5
2026-10-03,05:55:00,95988,76.3,Y,2026-10-03T05:30:00+08:00,0.0,3,1.0,dow,11,79.15,78.47,79.38,4,Developing,-2.85,-3.6
2026-10-03,05:55:00,96003,77.0,Y,2026-10-03T05:30:00+08:00,0.0,3,1.0,dow,11,76.3,76.12,76.62,4,Developing,0.7,0.9
2026-10-03,05:55:00,96004,83.0,Y,2026-10-03T05:30:00+08:00,0.0,3,0.9999999999999989,dow,11,82.17,81.55,82.82,4,Developing,0.83,1.0
2026-10-03,05:55:00,96220,76.2,Y,2026-10-03T05:30:00+08:00,0.0,3,1.0,dow,11,71.3,70.64,72.0,4,Developing,4.9,6.9
2026-10-03,05:55:00,96260,77.2,Y,2026-10-03T05:30:00+08:00,0.0,3,0.999999999999999,dow,11,74.95,74.45,75.86,4,Developing,2.25,3.0
2026-10-03,05:55:00,96263,82.9,Y,2026-10-03T05:30:00+08:00,0.0,3,1.0,dow,11,81.92,81.56,82.03,4,Developing,0.98,1.2
2026-10-03,05:55:00,96445,66.4,Y,2026-10-03T05:30:00+08:00,0.0,3,1.0,dow,11,61.25,60.86,61.56,4,Developing,5.15,8.4
2026-10-03,05:55:00,96501,68.4,Y,2026-10-03T05:30:00+08:00,0.0,3,1.0,dow,11,65.5,65.39,65.72,4,Developing,2.9,4.4
2026-10-03,05:55:00,96555,80.2,Y,2026-10-03T05:30:00+08:00,0.25347429448588427,3,0.999999999999999,dow,11,75.47,74.02,76.86,4,Developing,4.73,6.3
2026-10-03,05:55:00,96557,78.1,Y,2026-10-03T05:30:00+08:00,0.0,3,1.0,dow,11,75.83,75.11,77.0,4,Developing,2.27,3.0
2026-10-03,05:55:00,96558,64.4,Y,2026-10-03T05:30:00+08:00,0.0,3,1.0000000000000009,dow,11,69.75,66.83,73.09,4,Developing,-5.35,-7.7
2026-10-03,05:55:00,96559,77.1,Y,2026-10-03T05:30:00+08:00,0.0,3,1.0,dow,11,75.2,74.46,76.48,4,Developing,1.9,2.5
2026-10-03,05:55:00,96560,65.1,Y,2026-10-03T05:30:00+08:00,0.0,3,1.0,dow,11,72.2,67.28,77.14,4,Developing,-7.1,-9.8
2026-10-03,05:55:00,96561,86.3,Y,2026-10-03T05:30:00+08:00,0.0,3,1.0,dow,11,80.62,80.16,81.15,4,Developing,5.68,7.0
2026-10-03,05:55:00,96562,72.9,Y,2026-10-03T05:30:00+08:00,0.0,3,1.0,dow,11,73.22,72.58,75.1,4,Developing,-0.32,-0.4
2026-10-03,05:55:00,96582,54.2,Y,2026-10-03T05:30:00+08:00,3.8122301823947167,3,1.0000000000000009,dow,11,56.4,55.66,57.31,4,Developing,-2.2,-3.9
2026-10-03,05:55:00,96583,51.8,Y,2026-10-03T05:30:00+08:00,4.1981590454232744,3,1.0,dow,11,52.72,52.64,53.4,4,Developing,-0.92,-1.7
2026-10-03,05:55:00,96584,54.1,Y,2026-10-03T05:30:00+08:00,4.232205538282294,3,1.0,dow,11,54.67,54.41,55.3,4,Developing,-0.57,-1.0
2026-10-03,05:55:00,96606,68.9,Y,2026-10-03T05:30:00+08:00,5.77212572543413,3,1.0,dow,11,74.6,74.34,75.0,4,Developing,-5.7,-7.6
2026-10-03,05:55:00,96611,77.0,Y,2026-10-03T05:30:00+08:00,4.0025568199220345,3,1.0000000000000009,dow,11,74.62,71.67,77.0,4,Developing,2.38,3.2
2026-10-03,05:55:00,96612,59.5,Y,2026-10-03T05:30:00+08:00,3.979952965719254,3,1.0,dow,11,62.7,61.57,63.25,4,Developing,-3.2,-5.1
2026-10-03,05:55:00,96613,73.1,Y,2026-10-03T05:30:00+08:00,3.987533368939084,3,1.0,dow,11,70.1,66.94,73.83,4,Developing,3.0,4.3
2026-10-03,05:55:00,96614,66.8,Y,2026-10-03T05:30:00+08:00,5.8152631464495075,3,1.0,dow,11,70.47,69.12,71.12,4,Developing,-3.67,-5.2
2026-10-03,05:55:00,96615,71.1,Y,2026-10-03T05:30:00+08:00,5.790868047115534,3,1.0,dow,11,74.6,72.82,75.8,4,Developing,-3.5,-4.7
2026-10-03,05:55:00,96618,63.7,Y,2026-10-03T05:30:00+08:00,4.005013310335222,3,1.0,dow,11,67.75,65.65,69.24,4,Developing,-4.05,-6.0
2026-10-03,05:55:00,96619,69.3,Y,2026-10-03T05:30:00+08:00,3.9968552732291878,3,0.9999999999999991,dow,11,76.15,75.85,76.2,4,Developing,-6.85,-9.0
2026-10-03,05:55:00,96622,74.0,Y,2026-10-03T05:30:00+08:00,4.189405866895549,3,1.0,dow,11,73.38,71.96,74.86,4,Developing,0.62,0.8
2026-10-03,05:55:00,96623,66.7,Y,2026-10-03T05:30:00+08:00,4.188855280775815,3,1.0,dow,11,71.45,71.15,71.71,4,Developing,-4.75,-6.6
2026-10-03,05:55:00,96624,77.6,Y,2026-10-03T05:30:00+08:00,0.311339522631362,3,1.0,dow,11,73.65,72.86,76.16,4,Developing,3.95,5.4
2026-10-03,05:55:00,96625,74.7,Y,2026-10-03T05:30:00+08:00,3.0697024461284537,3,0.9999999999999991,dow,11,81.38,79.33,83.98,4,Developing,-6.68,-8.2
2026-10-03,05:55:00,96626,71.7,Y,2026-10-03T05:30:00+08:00,0.3111952996061397,3,1.000000000000001,dow,11,76.92,76.22,77.45,4,Developing,-5.22,-6.8
2026-10-03,05:55:00,96627,77.6,Y,2026-10-03T05:30:00+08:00,3.069927786142031,3,1.0,dow,11,74.07,73.26,76.54,4,Developing,3.53,4.8
2026-10-03,05:55:00,96632,72.0,Y,2026-10-03T05:30:00+08:00,0.202407479724668,3,1.0,dow,11,74.22,73.66,74.38,4,Developing,-2.22,-3.0
2026-10-03,05:55:00,96633,70.6,Y,2026-10-03T05:30:00+08:00,0.20213328512147083,3,1.0000000000000009,dow,11,70.08,69.04,72.29,4,Developing,0.52,0.7
2026-10-03,05:55:00,96634,74.6,Y,2026-10-03T05:30:00+08:00,0.0,3,1.0,dow,11,78.25,77.96,78.85,4,Developing,-3.65,-4.7
2026-10-03,05:55:00,96635,71.6,Y,2026-10-03T05:30:00+08:00,0.0,3,1.0,dow,11,71.42,66.31,76.55,4,Developing,0.18,0.3
2026-10-03,05:55:00,96655,67.0,Y,2026-10-03T05:30:00+08:00,0.0,3,1.0,dow,11,65.67,64.76,66.8,4,Developing,1.33,2.0
2026-10-03,05:55:00,96656,60.4,Y,2026-10-03T05:30:00+08:00,0.0,3,1.0,dow,11,63.58,63.06,64.12,4,Developing,-3.18,-5.0
2026-10-03,05:55:00,96657,69.5,Y,2026-10-03T05:30:00+08:00,0.0,3,1.0,dow,11,70.7,70.16,71.3,4,Developing,-1.2,-1.7
2026-10-03,05:55:00,96658,81.6,Y,2026-10-03T05:30:00+08:00,0.0,3,1.0,dow,11,80.38,79.34,80.85,4,Developing,1.22,1.5
2026-10-03,05:55:00,96721,70.0,Y,2026-10-03T05:30:00+08:00,0.0,3,1.0,dow,11,70.0,70.0,72.47,4,Developing,0.0,0.0
2026-10-03,05:55:00,96722,76.6,Y,2026-10-03T05:30:00+08:00,0.0,3,1.0,dow,11,77.07,75.22,78.78,4,Developing,-0.47,-0.6
2026-10-03,05:55:00,96729,78.3,Y,2026-10-03T05:30:00+08:00,0.0,3,1.0000000000000009,dow,11,77.5,76.79,78.17,4,Developing,0.8,1.0
2026-10-03,05:55:00,96730,73.5,Y,2026-10-03T05:30:00+08:00,0.0,3,1.0,dow,11,73.55,72.5,74.44,4,Developing,-0.05,-0.1
2026-10-03,05:55:00,96745,69.6,Y,2026-10-03T05:30:00+08:00,0.0,3,1.0,dow,11,65.75,65.64,67.35,4,Developing,3.85,5.9
2026-10-03,05:55:00,96746,67.7,Y,2026-10-03T05:30:00+08:00,0.0,3,1.0,dow,11,66.58,65.36,68.84,4,Developing,1.12,1.7
2026-10-03,05:55:00,96747,76.8,Y,2026-10-03T05:30:00+08:00,0.0,3,1.0000000000000009,dow,11,76.85,76.71,77.04,4,Developing,-0.05,-0.1
2026-10-03,05:55:00,96748,83.2,Y,2026-10-03T05:30:00+08:00,0.0,3,1.000000000000001,dow,11,82.38,81.74,83.03,4,Developing,0.82,1.0
2026-10-03,05:55:00,96752,77.7,Y,2026-10-03T05:30:00+08:00,0.0,3,1.0,dow,11,76.3,74.95,78.12,4,Developing,1.4,1.8
2026-10-03,05:55:00,96753,78.0,Y,2026-10-03T05:30:00+08:00,0.0,3,1.0,dow,11,78.25,77.67,78.42,4,Developing,-0.25,-0.3
2026-10-03,05:55:00,96754,77.5,Y,2026-10-03T05:30:00+08:00,0.0,3,0.9999999999999991,dow,11,76.55,75.22,78.35,4,Developing,0.95,1.2
2026-10-03,05:55:00,96755,80.1,Y,2026-10-03T05:30:00+08:00,0.0,3,1.0,dow,11,79.82,79.31,79.86,4,Developing,0.28,0.4
2026-10-03,05:55:00,96756,78.9,Y,2026-10-03T05:30:00+08:00,0.0,3,1.0,dow,11,75.9,75.84,76.21,4,Developing,3.0,4.0
2026-10-03,05:55:00,96757,76.6,Y,2026-10-03T05:30:00+08:00,0.0,3,1.0,dow,11,74.5,74.38,74.8,4,Developing,2.1,2.8
2026-10-03,05:55:00,96763,80.4,Y,2026-10-03T05:30:00+08:00,0.0,3,1.0,dow,11,72.45,72.38,72.72,4,Developing,7.95,11.0
2026-10-03,05:55:00,96764,76.2,Y,2026-10-03T05:30:00+08:00,0.0,3,1.000000000000001,dow,11,80.67,79.86,80.91,4,Developing,-4.47,-5.5
2026-10-03,05:55:00,96765,75.4,Y,2026-10-03T05:30:00+08:00,0.0,3,1.0,dow,11,73.3,73.22,73.47,4,Developing,2.1,2.9
2026-10-03,05:55:00,96766,76.3,Y,2026-10-03T05:30:00+08:00,0.0,3,0.9999999999999999,dow,11,78.62,78.02,78.84,4,Developing,-2.32,-3.0
2026-10-03,05:55:00,96781,84.1,Y,2026-10-03T05:30:00+08:00,0.0,3,1.0,dow,11,78.7,77.85,79.47,4,Developing,5.4,6.9
2026-10-03,05:55:00,96782,69.0,Y,2026-10-03T05:30:00+08:00,0.0,3,0.9999999999999991,dow,11,66.2,66.17,66.45,4,Developing,2.8,4.2
2026-10-03,05:55:00,96784,79.7,Y,2026-10-03T05:30:00+08:00,0.0,3,1.0,dow,11,74.32,74.05,74.67,4,Developing,5.38,7.2
2026-10-03,05:55:00,96785,63.5,Y,2026-10-03T05:30:00+08:00,0.0,3,1.0,dow,11,77.4,76.9,78.05,4,Developing,-13.9,-18.0
2026-10-03,05:55:00,96791,97.4,Y,2026-10-03T05:30:00+08:00,0.0,3,1.0,dow,11,91.15,90.2,92.61,4,Developing,6.25,6.9
2026-10-03,05:55:00,96792,70.5,Y,2026-10-03T05:30:00+08:00,0.0,3,1.0,dow,11,92.1,85.35,93.95,4,Developing,-21.6,-23.5
2026-10-03,05:55:00,96793,99.8,Y,2026-10-03T05:30:00+08:00,0.0,3,1.000000000000001,dow,11,92.15,91.52,93.49,4,Developing,7.65,8.3
2026-10-03,05:55:00,96794,68.7,Y,2026-10-03T05:30:00+08:00,0.0,3,1.0000000000000009,dow,11,90.75,84.36,92.46,4,Developing,-22.05,-24.3
2026-10-03,05:55:00,96799,65.7,Y,2026-10-03T05:30:00+08:00,0.0,3,1.0,dow,11,68.43,68.35,68.46,4,Developing,-2.73,-4.0
2026-10-03,05:55:00,96800,86.0,Y,2026-10-03T05:30:00+08:00,0.0,3,1.0,dow,11,81.5,77.3,82.95,4,Developing,4.5,5.5
2026-10-03,05:55:00,96802,90.4,Y,2026-10-03T05:30:00+08:00,0.0,3,0.9999999999999991,dow,11,89.55,88.81,90.09,4,Developing,0.85,0.9
2026-10-03,05:55:00,96803,73.6,Y,2026-10-03T05:30:00+08:00,0.0,3,1.0,dow,11,87.95,87.0,88.96,4,Developing,-14.35,-16.3
2026-10-03,05:55:00,96808,91.3,Y,2026-10-03T05:30:00+08:00,0.0,3,1.0,dow,11,100.42,99.68,100.52,4,Developing,-9.12,-9.1
2026-10-03,05:55:00,96809,89.1,Y,2026-10-03T05:30:00+08:00,0.0,3,1.000000000000001,dow,11,85.88,81.78,86.0,4,Developing,3.22,3.7
2026-10-03,05:55:00,96811,82.5,Y,2026-10-03T05:30:00+08:00,0.0,3,0.9999999999999993,dow,11,82.3,81.27,83.16,4,Developing,0.2,0.2
2026-10-03,05:55:00,96812,80.5,Y,2026-10-03T05:30:00+08:00,0.0,3,1.0,dow,11,81.72,81.25,82.36,4,Developing,-1.22,-1.5
2026-10-03,05:55:00,96815,77.0,Y,2026-10-03T05:30:00+08:00,5.434572992463784,3,1.0,dow,11,77.0,77.0,77.0,4,Developing,0.0,0.0
2026-10-03,05:55:00,96816,67.9,Y,2026-10-03T05:30:00+08:00,5.797395723111564,3,0.9999999999999991,dow,11,76.72,76.41,76.85,4,Developing,-8.82,-11.5
2026-10-03,05:55:00,96834,85.0,Y,2026-10-03T05:30:00+08:00,0.0,3,1.0,dow,11,82.32,81.65,83.09,4,Developing,2.68,3.3
2026-10-03,05:55:00,96845,87.8,Y,2026-10-03T05:30:00+08:00,0.0,3,1.0,dow,11,84.2,83.62,84.85,4,Developing,3.6,4.3
2026-10-03,05:55:00,96861,94.5,Y,2026-10-03T05:30:00+08:00,0.0,3,1.0,dow,11,91.12,89.95,91.86,4,Developing,3.38,3.7
2026-10-03,05:55:00,96863,89.8,Y,2026-10-03T05:30:00+08:00,0.0,3,1.0,dow,11,84.28,84.11,84.72,4,Developing,5.52,6.5
2026-10-03,05:55:00,96873,85.3,Y,2026-10-03T05:30:00+08:00,0.0,3,1.0,dow,11,83.85,83.29,84.29,4,Developing,1.45,1.7
2026-10-03,05:55:00,96876,88.6,Y,2026-10-03T05:30:00+08:00,0.0,3,1.0,dow,11,84.55,84.45,84.74,4,Developing,4.05,4.8
2026-10-03,05:55:00,96877,82.7,Y,2026-10-03T05:30:00+08:00,0.0,3,1.0,dow,11,83.9,83.62,84.28,4,Developing,-1.2,-1.4
2026-10-03,05:55:00,96879,65.4,Y,2026-10-03T05:30:00+08:00,3.992513699825333,3,1.0,dow,11,72.0,71.8,72.39,4,Developing,-6.6,-9.2
2026-10-03,05:55:00,96880,69.0,Y,2026-10-03T05:30:00+08:00,6.139168411948638,3,1.0,dow,11,67.15,66.71,67.58,4,Developing,1.85,2.8
2026-10-03,05:55:00,96881,73.4,Y,2026-10-03T05:30:00+08:00,6.107543540925498,3,1.0,dow,11,71.8,69.9,73.62,4,Developing,1.6,2.2
2026-10-03,05:55:00,96883,80.7,Y,2026-10-03T05:30:00+08:00,0.0,3,1.0000000000000009,dow,11,78.97,77.71,79.51,4,Developing,1.73,2.2
2026-10-03,05:55:00,96885,87.9,Y,2026-10-03T05:30:00+08:00,0.0,3,1.0000000000000009,dow,11,87.15,86.08,87.41,4,Developing,0.75,0.9
2026-10-03,05:55:00,96886,72.4,Y,2026-10-03T05:30:00+08:00,0.0,3,1.0000000000000009,dow,11,95.05,87.74,96.4,4,Developing,-22.65,-23.8
2026-10-03,05:55:00,96888,71.4,Y,2026-10-03T05:30:00+08:00,4.261266137027575,3,1.0,dow,11,73.57,72.2,74.44,4,Developing,-2.17,-2.9
2026-10-03,05:55:00,96891,85.1,Y,2026-10-03T05:30:00+08:00,0.0,3,1.0,dow,11,91.28,90.94,91.51,4,Developing,-6.18,-6.8
2026-10-03,05:55:00,96893,72.1,Y,2026-10-03T05:30:00+08:00,4.142686182636019,3,1.000000000000001,dow,11,71.72,70.54,72.83,4,Developing,0.38,0.5
2026-10-03,05:55:00,96902,81.5,Y,2026-10-03T05:30:00+08:00,0.0,3,1.0000000000000009,dow,11,94.5,89.94,98.25,4,Developing,-13.0,-13.8
2026-10-03,05:55:00,96912,64.6,Y,2026-10-03T05:30:00+08:00,4.138317818890796,3,1.0,dow,11,72.8,72.78,72.88,4,Developing,-8.2,-11.3
2026-10-03,05:55:00,96913,80.0,Y,2026-10-03T05:30:00+08:00,0.0,3,1.000000000000001,dow,11,79.35,78.8,79.62,4,Developing,0.65,0.8
2026-10-03,05:55:00,96917,70.9,Y,2026-10-03T05:30:00+08:00,3.9992024863663866,3,1.0000000000000009,dow,11,77.95,77.76,78.15,4,Developing,-7.05,-9.0
2026-10-03,05:55:00,96919,86.5,Y,2026-10-03T05:30:00+08:00,0.0,3,1.0,dow,11,88.97,88.44,89.58,4,Developing,-2.47,-2.8
2026-10-03,05:55:00,96920,61.8,Y,2026-10-03T05:30:00+08:00,3.984825930030951,3,0.9999999999999999,dow,11,65.95,64.62,66.74,4,Developing,-4.15,-6.3
2026-10-03,05:55:00,96926,88.4,Y,2026-10-03T05:30:00+08:00,0.0,3,1.0,dow,11,100.35,100.25,100.71,4,Developing,-11.95,-11.9
2026-10-03,05:55:00,96927,95.5,Y,2026-10-03T05:30:00+08:00,0.0,3,1.0000000000000009,dow,11,97.97,95.9,98.79,4,Developing,-2.47,-2.5
2026-10-03,05:55:00,96928,91.3,Y,2026-10-03T05:30:00+08:00,0.0,3,0.999999999999999,dow,11,87.85,83.28,88.16,4,Developing,3.45,3.9
2026-10-03,05:55:00,96930,95.7,Y,2026-10-03T05:30:00+08:00,0.0,3,1.0,dow,11,89.32,88.21,90.51,4,Developing,6.38,7.1
2026-10-03,05:55:00,96931,68.2,Y,2026-10-03T05:30:00+08:00,0.0,3,1.0,dow,11,88.6,83.75,88.97,4,Developing,-20.4,-23.0
2026-10-03,05:55:00,96932,71.5,Y,2026-10-03T05:30:00+08:00,0.0,3,1.0,dow,11,82.38,81.89,83.15,4,Developing,-10.88,-13.2
2026-10-03,05:55:00,96936,72.1,Y,2026-10-03T05:30:00+08:00,3.275006524632742,3,1.0,dow,11,74.08,73.8,74.84,4,Developing,-1.98,-2.7
2026-10-03,05:55:00,96943,69.4,Y,2026-10-03T05:30:00+08:00,0.28807941822977,3,1.0,dow,11,73.25,73.11,73.36,4,Developing,-3.85,-5.3
2026-10-03,05:55:00,96948,70.0,Y,2026-10-03T05:30:00+08:00,0.0,3,1.0,dow,11,70.0,70.0,71.75,4,Developing,0.0,0.0
2026-10-03,05:55:00,96949,76.7,Y,2026-10-03T05:30:00+08:00,0.0,3,1.0,dow,11,77.18,75.31,79.0,4,Developing,-0.48,-0.6
2026-10-03,05:55:00,96950,76.5,Y,2026-10-03T05:30:00+08:00,0.0,3,1.0,dow,11,76.9,75.09,78.72,4,Developing,-0.4,-0.5
2026-10-03,05:55:00,96956,71.0,Y,2026-10-03T05:30:00+08:00,0.0,3,1.0,dow,11,64.75,64.09,65.31,4,Developing,6.25,9.7
2026-10-03,05:55:00,96957,80.0,Y,2026-10-03T05:30:00+08:00,0.25309040512394726,3,0.999999999999999,dow,11,79.65,79.25,79.97,4,Developing,0.35,0.4
2026-10-03,05:55:00,96965,64.0,Y,2026-10-03T05:30:00+08:00,0.0,3,0.9999999999999999,dow,11,69.0,68.38,69.47,4,Developing,-5.0,-7.2
2026-10-03,05:55:00,96967,74.3,Y,2026-10-03T05:30:00+08:00,0.0,3,1.0,dow,11,74.5,73.85,74.94,4,Developing,-0.2,-0.3
2026-10-03,05:55:00,96968,71.6,Y,2026-10-03T05:30:00+08:00,0.0,3,0.9999999999999999,dow,11,73.85,72.65,75.01,4,Developing,-2.25,-3.0
2026-10-03,05:55:00,96976,40.4,Y,2026-10-03T05:30:00+08:00,0.0,3,1.0,dow,11,42.05,41.31,43.68,4,Developing,-1.65,-3.9
2026-10-03,05:55:00,96978,83.5,Y,2026-10-03T05:30:00+08:00,0.0,3,1.0,dow,11,81.2,80.59,81.88,4,Developing,2.3,2.8
2026-10-03,05:55:00,96980,62.1,Y,2026-10-03T05:30:00+08:00,0.0,3,1.0,dow,11,63.1,62.35,64.45,4,Developing,-1.0,-1.6
2026-10-03,05:55:00,96982,82.3,Y,2026-10-03T05:30:00+08:00,0.0,3,1.0000000000000009,dow,11,77.17,76.51,77.64,4,Developing,5.13,6.6
2026-10-03,05:55:00,96994,82.3,Y,2026-10-03T05:30:00+08:00,0.0,3,1.0000000000000009,dow,11,77.17,76.51,77.64,4,Developing,5.13,6.6
2026-10-03,05:55:00,96995,67.5,Y,2026-10-03T05:30:00+08:00,0.0,3,1.0,dow,11,75.1,74.36,75.89,4,Developing,-7.6,-10.1
2026-10-03,05:55:00,97002,82.3,Y,2026-10-03T05:30:00+08:00,0.0,3,0.9999999999999999,dow,11,77.17,76.51,77.64,4,Developing,5.13,6.6
2026-10-03,05:55:00,97003,60.4,Y,2026-10-03T05:30:00+08:00,0.0,3,1.000000000000001,dow,11,63.58,63.06,64.12,4,Developing,-3.18,-5.0
2026-10-03,05:55:00,97026,74.8,Y,2026-10-03T05:30:00+08:00,0.0,3,1.0,dow,11,82.03,78.96,84.48,4,Developing,-7.23,-8.8
2026-10-03,05:55:00,97031,74.3,Y,2026-10-03T05:30:00+08:00,0.0,3,1.0,dow,11,74.5,73.85,74.94,4,Developing,-0.2,-0.3
2026-10-03,05:55:00,97032,62.7,Y,2026-10-03T05:30:00+08:00,0.0,3,1.0,dow,11,63.45,62.89,64.08,4,Developing,-0.75,-1.2
2026-10-03,05:55:00,97045,74.3,Y,2026-10-03T05:30:00+08:00,0.0,3,1.0,dow,11,74.5,73.85,74.94,4,Developing,-0.2,-0.3
2026-10-03,05:55:00,97088,76.6,Y,2026-10-03T05:30:00+08:00,0.0,3,0.9999999999999991,dow,11,72.45,71.95,72.95,4,Developing,4.15,5.7
2026-10-03,05:55:00,97089,59.6,Y,2026-10-03T05:30:00+08:00,0.0,3,0.9999999999999999,dow,11,59.27,58.7,60.14,4,Developing,0.33,0.6
2026-10-03,05:55:00,97095,69.8,Y,2026-10-03T05:30:00+08:00,0.0,3,0.9999999999999999,dow,11,64.9,64.45,66.8,4,Developing,4.9,7.6
2026-10-03,05:55:00,97096,78.3,Y,2026-10-03T05:30:00+08:00,0.0,3,1.0,dow,11,77.15,75.35,79.28,4,Developing,1.15,1.5
2026-10-03,05:55:00,97097,75.6,Y,2026-10-03T05:30:00+08:00,0.0,3,0.9999999999999991,dow,11,74.45,73.79,75.85,4,Developing,1.15,1.5
2026-10-03,05:55:00,97098,78.0,Y,2026-10-03T05:30:00+08:00,0.0,3,1.000000000000001,dow,11,75.73,75.03,76.93,4,Developing,2.27,3.0
2026-10-03,05:55:00,97116,74.0,Y,2026-10-03T05:30:00+08:00,0.0,3,0.999999999999999,dow,11,77.45,77.26,77.66,4,Developing,-3.45,-4.5
2026-10-03,05:55:00,97117,71.0,Y,2026-10-03T05:30:00+08:00,0.0,3,1.0,dow,11,71.75,71.6,72.62,4,Developing,-0.75,-1.0
2026-10-03,05:55:00,97118,79.3,Y,2026-10-03T05:30:00+08:00,0.232782655083005,3,1.0,dow,11,76.85,75.84,78.19,4,Developing,2.45,3.2
2026-10-03,05:55:00,97119,75.5,Y,2026-10-03T05:30:00+08:00,0.26946354085519275,3,1.0000000000000009,dow,11,77.12,76.86,77.33,4,Developing,-1.62,-2.1
2026-10-03,05:55:00,97120,77.6,Y,2026-10-03T05:30:00+08:00,0.265713987095067,3,1.0,dow,11,75.4,74.2,76.62,4,Developing,2.2,2.9
2026-10-03,05:55:00,97121,69.4,Y,2026-10-03T05:30:00+08:00,0.217355915565335,3,1.0,dow,11,71.28,70.21,72.84,4,Developing,-1.88,-2.6
2026-10-03,05:55:00,97132,79.0,Y,2026-10-03T05:30:00+08:00,0.0,3,1.0,dow,11,79.0,79.0,79.0,4,Developing,0.0,0.0
2026-10-03,05:55:00,97133,77.9,Y,2026-10-03T05:30:00+08:00,0.0,3,1.0,dow,11,76.2,74.8,77.95,4,Developing,1.7,2.2
2026-10-03,05:55:00,97134,77.0,Y,2026-10-03T05:30:00+08:00,0.0,3,1.0,dow,11,77.53,76.86,77.74,4,Developing,-0.53,-0.7
2026-10-03,05:55:00,97135,79.9,Y,2026-10-03T05:30:00+08:00,0.0,3,0.9999999999999999,dow,11,79.68,79.16,79.72,4,Developing,0.22,0.3
2026-10-03,05:55:00,97210,74.0,Y,2026-10-03T05:30:00+08:00,0.0,3,1.0,dow,11,74.45,74.28,74.65,4,Developing,-0.45,-0.6
2026-10-03,05:55:00,97211,90.7,Y,2026-10-03T05:30:00+08:00,0.0,3,0.999999999999999,dow,11,88.3,87.79,88.53,4,Developing,2.4,2.7
2026-10-03,05:55:00,97224,77.0,Y,2026-10-03T05:30:00+08:00,3.7044260032224785,3,0.9999999999999999,dow,11,80.5,79.12,81.88,4,Developing,-3.5,-4.3
2026-10-03,05:55:00,97252,74.8,Y,2026-10-03T05:30:00+08:00,0.0,3,1.0,dow,11,68.7,67.55,70.04,4,Developing,6.1,8.9
2026-10-03,05:55:00,97255,74.2,Y,2026-10-03T05:30:00+08:00,0.0,3,0.9999999999999999,dow,11,73.85,72.52,75.57,4,Developing,0.35,0.5
2026-10-03,05:55:00,97256,67.1,Y,2026-10-03T05:30:00+08:00,0.0,3,0.999999999999999,dow,11,66.15,65.19,67.35,4,Developing,0.95,1.4
2026-10-03,05:55:00,97260,76.7,Y,2026-10-03T05:30:00+08:00,0.0,3,1.0,dow,11,74.65,73.79,76.42,4,Developing,2.05,2.7
2026-10-03,05:55:00,97261,60.6,Y,2026-10-03T05:30:00+08:00,0.0,3,1.0,dow,11,67.92,63.27,73.04,4,Developing,-7.32,-10.8
2026-10-03,05:55:00,97262,75.5,Y,2026-10-03T05:30:00+08:00,0.0,3,1.0,dow,11,77.5,77.44,78.3,4,Developing,-2.0,-2.6
2026-10-03,05:55:00,97263,75.7,Y,2026-10-03T05:30:00+08:00,0.0,3,1.0,dow,11,75.08,74.36,75.94,4,Developing,0.62,0.8
2026-10-03,05:55:00,97271,95.2,Y,2026-10-03T05:30:00+08:00,0.0,3,1.0,dow,11,88.62,87.81,89.54,4,Developing,6.58,7.4
2026-10-03,05:55:00,97272,68.7,Y,2026-10-03T05:30:00+08:00,0.0,3,1.0000000000000009,dow,11,87.5,82.14,89.21,4,Developing,-18.8,-21.5
2026-10-03,05:55:00,97292,66.8,Y,2026-10-03T05:30:00+08:00,5.811224178327682,3,1.0,dow,11,70.78,69.36,71.43,4,Developing,-3.98,-5.6
2026-10-03,05:55:00,97304,65.7,Y,2026-10-03T05:30:00+08:00,0.0,3,0.9999999999999999,dow,11,68.9,68.79,69.17,4,Developing,-3.2,-4.6
2026-10-03,05:55:00,97308,82.7,Y,2026-10-03T05:30:00+08:00,0.0,3,0.9999999999999998,dow,11,85.42,84.49,85.78,4,Developing,-2.72,-3.2
2026-10-03,05:55:00,97309,75.1,Y,2026-10-03T05:30:00+08:00,0.0,3,0.9999999999999992,dow,11,77.78,77.35,78.29,4,Developing,-2.68,-3.4
2026-10-03,05:55:00,97332,77.6,Y,2026-10-03T05:30:00+08:00,3.127557093320392,3,1.0,dow,11,74.15,73.3,76.61,4,Developing,3.45,4.7
2026-10-03,05:55:00,97333,77.6,Y,2026-10-03T05:30:00+08:00,3.060609560253542,3,1.0,dow,11,73.85,73.2,76.31,4,Developing,3.75,5.1
2026-10-03,05:55:00,98048,66.7,Y,2026-10-03T05:30:00+08:00,0.0,3,1.0,dow,11,63.3,63.09,63.41,4,Developing,3.4,5.4
2026-10-03,05:55:00,98049,75.6,Y,2026-10-03T05:30:00+08:00,0.0,3,1.0,dow,11,70.07,69.1,71.36,4,Developing,5.53,7.9
2026-10-03,05:55:00,98052,76.1,Y,2026-10-03T05:30:00+08:00,0.0,3,1.0,dow,11,70.97,70.03,72.3,4,Developing,5.13,7.2
2026-10-03,05:55:00,1032,62.6,Y,2026-10-03T05:30:00+08:00,15.817270130093647,3,1.0,dow,11,62.05,59.74,64.75,4,Developing,0.55,0.9
2026-10-03,05:55:00,1944,54.0,Y,2026-10-03T05:30:00+08:00,15.864981595885974,3,1.0,dow,11,54.25,54.05,54.5,4,Developing,-0.25,-0.5
2026-10-03,05:55:00,2173,47.7,Y,2026-10-03T05:30:00+08:00,15.853734916966559,3,0.999999999999999,dow,11,52.92,52.6,53.46,4,Developing,-5.22,-9.9
2026-10-03,05:55:00,2184,52.3,Y,2026-10-03T05:30:00+08:00,15.828817239804437,3,1.0000000000000009,dow,11,51.88,51.19,52.79,4,Developing,0.42,0.8
2026-10-03,05:55:00,5547,60.8,Y,2026-10-03T05:30:00+08:00,15.841730318457936,3,1.0,dow,11,60.1,58.23,62.46,4,Developing,0.7,1.2
2026-10-03,05:55:00,1673,47.2,Y,2026-10-03T05:30:00+08:00,19.00913707697038,3,0.9999999999999999,day_type,11,56.85,55.62,58.07,2,Provisional,-9.65,-17.0
2026-10-03,05:55:00,4680,47.2,Y,2026-10-03T05:30:00+08:00,19.69083857787048,3,1.0,day_type,11,56.85,55.62,58.07,2,Provisional,-9.65,-17.0
2026-10-03,05:55:00,5300,56.0,Y,2026-10-03T05:30:00+08:00,19.179556140497432,3,1.0,day_type,11,58.05,57.23,58.88,2,Provisional,-2.05,-3.5
2026-10-03,05:55:00,261076,75.7,Y,2026-10-03T05:30:00+08:00,1.3236853804272979,3,1.0,dow,11,81.47,80.79,82.36,4,Developing,-5.77,-7.1
2026-10-03,05:55:00,261077,70.3,Y,2026-10-03T05:30:00+08:00,1.240126258550998,3,1.0,dow,11,77.4,76.8,78.47,4,Developing,-7.1,-9.2
2026-10-03,05:55:00,7563,96.9,Y,2026-10-03T05:30:00+08:00,1.608522589077082,3,1.0,dow,11,97.32,96.79,97.49,4,Developing,-0.42,-0.4
2026-10-03,05:55:00,7913,96.9,Y,2026-10-03T05:30:00+08:00,1.796231375121673,3,1.0,dow,11,97.32,96.79,97.49,4,Developing,-0.42,-0.4
2026-10-03,05:55:00,8562,47.2,Y,2026-10-03T05:30:00+08:00,1.7974513716428866,3,0.9999999999999991,dow,11,41.0,37.9,44.43,4,Developing,6.2,15.1
2026-10-03,05:55:00,8604,54.1,Y,2026-10-03T05:30:00+08:00,1.398871193080655,3,1.0,dow,11,46.08,43.85,48.16,4,Developing,8.02,17.4
2026-10-03,05:55:00,8918,96.9,Y,2026-10-03T05:30:00+08:00,1.4469951449171874,3,1.000000000000001,dow,11,97.32,96.79,97.49,4,Developing,-0.42,-0.4
2026-10-03,05:55:00,8927,47.2,Y,2026-10-03T05:30:00+08:00,1.614108898865281,3,1.0,dow,11,41.0,37.9,44.43,4,Developing,6.2,15.1
2026-10-03,05:55:00,9237,76.8,Y,2026-10-03T05:30:00+08:00,1.257710611612644,3,1.0,dow,11,67.7,66.54,67.7,4,Developing,9.1,13.4
2026-10-03,05:55:00,9248,76.8,Y,2026-10-03T05:30:00+08:00,1.280176432973172,3,1.0,dow,11,67.7,66.54,67.7,4,Developing,9.1,13.4
2026-10-03,05:55:00,9545,76.8,Y,2026-10-03T05:30:00+08:00,1.273785137715433,3,1.0,dow,11,67.7,66.54,67.7,4,Developing,9.1,13.4
2026-10-03,05:55:00,2836,39.4,Y,2026-10-03T05:30:00+08:00,15.66999701046192,3,1.0,dow,11,46.73,45.58,47.71,4,Developing,-7.33,-15.7
2026-10-03,05:55:00,2898,38.7,Y,2026-10-03T05:30:00+08:00,15.737197473592001,3,1.0,dow,11,45.02,44.3,46.14,4,Developing,-6.32,-14.0
2026-10-03,05:55:00,3024,39.4,Y,2026-10-03T05:30:00+08:00,15.79850473878391,3,0.999999999999999,dow,11,46.73,45.58,47.71,4,Developing,-7.33,-15.7
2026-10-03,05:55:00,5104,50.0,Y,2026-10-03T05:30:00+08:00,15.787820767852224,3,1.0,dow,11,43.0,40.65,45.56,4,Developing,7.0,16.3
2026-10-03,05:55:00,5106,38.7,Y,2026-10-03T05:30:00+08:00,15.805271342788034,3,0.9999999999999999,dow,11,45.02,44.3,46.14,4,Developing,-6.32,-14.0
2026-10-03,05:55:00,5107,39.4,Y,2026-10-03T05:30:00+08:00,15.798733809069164,3,0.9999999999999999,dow,11,46.73,45.58,47.71,4,Developing,-7.33,-15.7
2026-10-03,05:55:00,5108,41.1,Y,2026-10-03T05:30:00+08:00,15.794118148060374,3,1.0,dow,11,42.5,41.38,43.58,4,Developing,-1.4,-3.3
2026-10-03,05:55:00,5241,50.0,Y,2026-10-03T05:30:00+08:00,15.790725736739608,3,1.0,dow,11,43.0,40.65,45.56,4,Developing,7.0,16.3
2026-10-03,05:55:00,5247,41.1,Y,2026-10-03T05:30:00+08:00,15.802143789984264,3,1.0,dow,11,42.5,41.38,43.58,4,Developing,-1.4,-3.3
2026-10-03,05:55:00,5371,38.7,Y,2026-10-03T05:30:00+08:00,15.794764756302891,3,1.0000000000000009,dow,11,45.02,44.3,46.14,4,Developing,-6.32,-14.0
2026-10-03,05:55:00,5796,38.7,Y,2026-10-03T05:30:00+08:00,15.668420956390692,3,0.9999999999999999,dow,11,45.02,44.3,46.14,4,Developing,-6.32,-14.0
2026-10-03,05:55:00,826,39.4,Y,2026-10-03T05:30:00+08:00,15.734517860488241,3,1.0,dow,11,46.73,45.58,47.71,4,Developing,-7.33,-15.7
2026-10-03,05:55:00,102357,58.7,Y,2026-10-03T05:30:00+08:00,21.288929999320466,3,1.0,dow,11,63.7,61.35,65.3,4,Developing,-5.0,-7.8
2026-10-03,05:55:00,102359,33.5,Y,2026-10-03T05:30:00+08:00,21.429130533058142,3,1.0,dow,11,42.65,39.78,45.01,4,Developing,-9.15,-21.5
2026-10-03,05:55:00,102360,37.9,Y,2026-10-03T05:30:00+08:00,21.390327452082577,3,1.0,dow,11,43.73,40.65,45.3,4,Developing,-5.83,-13.3
2026-10-03,05:55:00,107326,30.4,Y,2026-10-03T05:30:00+08:00,22.621082154621934,3,1.0,dow,11,28.0,26.6,29.75,4,Developing,2.4,8.6
2026-10-03,05:55:00,107355,33.5,Y,2026-10-03T05:30:00+08:00,22.091499848853864,3,1.0,dow,11,42.65,39.78,45.01,4,Developing,-9.15,-21.5
2026-10-03,05:55:00,107356,32.4,Y,2026-10-03T05:30:00+08:00,21.657197447631567,3,1.0,dow,11,38.3,36.22,39.55,4,Developing,-5.9,-15.4
2026-10-03,05:55:00,107373,33.5,Y,2026-10-03T05:30:00+08:00,22.34099987735192,3,1.0,dow,11,42.65,39.78,45.01,4,Developing,-9.15,-21.5
2026-10-03,05:55:00,107417,33.5,Y,2026-10-03T05:30:00+08:00,22.152019055843333,3,1.0,dow,11,42.65,39.78,45.01,4,Developing,-9.15,-21.5
2026-10-03,05:55:00,107418,32.4,Y,2026-10-03T05:30:00+08:00,22.322486515628533,3,1.0,dow,11,38.3,36.22,39.55,4,Developing,-5.9,-15.4
2026-10-03,05:55:00,107419,32.4,Y,2026-10-03T05:30:00+08:00,21.976962091826785,3,1.0,dow,11,38.3,36.22,39.55,4,Developing,-5.9,-15.4
2026-10-03,05:55:00,107420,33.5,Y,2026-10-03T05:30:00+08:00,22.142227542728154,3,1.0,dow,11,42.65,39.78,45.01,4,Developing,-9.15,-21.5
2026-10-03,05:55:00,107421,33.5,Y,2026-10-03T05:30:00+08:00,21.786861615819408,3,1.0,dow,11,42.65,39.78,45.01,4,Developing,-9.15,-21.5
2026-10-03,05:55:00,107422,33.5,Y,2026-10-03T05:30:00+08:00,21.665165660585156,3,1.0,dow,11,42.65,39.78,45.01,4,Developing,-9.15,-21.5
2026-10-03,05:55:00,107423,33.5,Y,2026-10-03T05:30:00+08:00,21.923544780980116,3,1.0,dow,11,42.65,39.78,45.01,4,Developing,-9.15,-21.5
2026-10-03,05:55:00,107424,33.5,Y,2026-10-03T05:30:00+08:00,21.799523855128395,3,0.9999999999999989,dow,11,42.65,39.78,45.01,4,Developing,-9.15,-21.5
2026-10-03,05:55:00,107884,22.3,Y,2026-10-03T05:30:00+08:00,21.499078905591976,3,1.000000000000001,dow,11,26.05,25.27,30.32,4,Developing,-3.75,-14.4
2026-10-03,05:55:00,107946,9.4,Y,2026-10-03T05:30:00+08:00,22.704663844736654,3,1.0,dow,11,31.85,25.27,38.85,4,Developing,-22.45,-70.5
2026-10-03,05:55:00,107949,30.4,Y,2026-10-03T05:30:00+08:00,21.220910789210333,3,1.0,dow,11,28.0,26.6,29.75,4,Developing,2.4,8.6
2026-10-03,05:55:00,108086,30.4,Y,2026-10-03T05:30:00+08:00,21.44655297608432,3,1.0,dow,11,28.0,26.6,29.75,4,Developing,2.4,8.6
2026-10-03,05:55:00,108088,22.3,Y,2026-10-03T05:30:00+08:00,21.43612841244871,3,1.0000000000000009,dow,11,26.05,25.27,30.32,4,Developing,-3.75,-14.4
2026-10-03,05:55:00,108089,22.3,Y,2026-10-03T05:30:00+08:00,21.38355736620402,3,0.9999999999999991,dow,11,26.05,25.27,30.32,4,Developing,-3.75,-14.4
2026-10-03,05:55:00,108093,30.4,Y,2026-10-03T05:30:00+08:00,21.390023858320617,3,1.0000000000000009,dow,11,28.0,26.6,29.75,4,Developing,2.4,8.6
2026-10-03,05:55:00,108094,22.3,Y,2026-10-03T05:30:00+08:00,21.362278056006772,3,1.0,dow,11,26.05,25.27,30.32,4,Developing,-3.75,-14.4
2026-10-03,05:55:00,110411,33.5,Y,2026-10-03T05:30:00+08:00,22.17246400457417,3,1.0,dow,11,42.65,39.78,45.01,4,Developing,-9.15,-21.5
2026-10-03,05:55:00,271243,9.4,Y,2026-10-03T05:30:00+08:00,21.311379354923833,3,1.0,dow,11,31.85,25.27,38.85,4,Developing,-22.45,-70.5
2026-10-03,05:55:00,273283,9.4,Y,2026-10-03T05:30:00+08:00,22.548030848309224,3,1.0,dow,11,31.85,25.27,38.85,4,Developing,-22.45,-70.5
2026-10-03,05:55:00,273284,30.4,Y,2026-10-03T05:30:00+08:00,22.54246603160384,3,1.0,dow,11,28.0,26.6,29.75,4,Developing,2.4,8.6
2026-10-03,05:55:00,164077,27.7,Y,2026-10-03T05:30:00+08:00,19.721379211788953,3,1.0,dow,11,32.45,29.53,35.32,4,Developing,-4.75,-14.6
2026-10-03,05:55:00,260886,24.5,Y,2026-10-03T05:30:00+08:00,19.78480707297388,3,1.0,dow,11,25.8,24.23,26.56,4,Developing,-1.3,-5.0
2026-10-03,05:55:00,260887,24.5,Y,2026-10-03T05:30:00+08:00,19.697043041811305,3,0.999999999999999,dow,11,25.8,24.23,26.56,4,Developing,-1.3,-5.0
2026-10-03,05:55:00,260889,34.0,Y,2026-10-03T05:30:00+08:00,19.53555767377224,3,1.0,dow,11,37.65,35.77,39.56,4,Developing,-3.65,-9.7
2026-10-03,05:55:00,260891,24.5,Y,2026-10-03T05:30:00+08:00,19.58999783695171,3,1.0,dow,11,25.8,24.23,26.56,4,Developing,-1.3,-5.0
2026-10-03,05:55:00,260898,59.5,Y,2026-10-03T05:30:00+08:00,19.373374157735945,3,1.0,dow,11,60.8,58.85,61.46,4,Developing,-1.3,-2.1
2026-10-03,05:55:00,163853,35.7,Y,2026-10-03T05:30:00+08:00,18.19706724950979,3,1.0,dow,11,46.05,40.2,52.66,4,Developing,-10.35,-22.5
2026-10-03,05:55:00,4979,35.7,Y,2026-10-03T05:30:00+08:00,18.15394307890735,3,0.999999999999999,dow,11,46.05,40.2,52.66,4,Developing,-10.35,-22.5
2026-10-03,05:55:00,111647,63.9,Y,2026-10-03T05:30:00+08:00,17.08087521696906,3,1.0,dow,11,63.98,62.96,64.88,4,Developing,-0.08,-0.1
2026-10-03,05:55:00,2598,57.4,Y,2026-10-03T05:30:00+08:00,18.350226008446548,3,0.999999999999999,dow,11,60.92,59.91,63.15,4,Developing,-3.52,-5.8
2026-10-03,05:55:00,5127,43.4,Y,2026-10-03T05:30:00+08:00,17.909896367393184,3,0.9999999999999991,dow,11,38.35,34.82,41.65,4,Developing,5.05,13.2
2026-10-03,05:55:00,5318,35.7,Y,2026-10-03T05:30:00+08:00,18.19284802988934,3,1.0,dow,11,46.05,40.2,52.66,4,Developing,-10.35,-22.5
2026-10-03,05:55:00,1432,43.4,Y,2026-10-03T05:30:00+08:00,18.287185838616995,3,1.0,dow,11,38.35,34.82,41.65,4,Developing,5.05,13.2
2026-10-03,05:55:00,1707,43.4,Y,2026-10-03T05:30:00+08:00,17.945691208612054,3,1.0,dow,11,38.35,34.82,41.65,4,Developing,5.05,13.2
2026-10-03,05:55:00,5809,43.4,Y,2026-10-03T05:30:00+08:00,18.071015517100555,3,1.0,dow,11,38.35,34.82,41.65,4,Developing,5.05,13.2
2026-10-03,05:55:00,105290,27.7,Y,2026-10-03T05:30:00+08:00,19.50110495640748,3,1.0,dow,11,32.45,29.53,35.32,4,Developing,-4.75,-14.6
2026-10-03,05:55:00,105418,24.5,Y,2026-10-03T05:30:00+08:00,19.613194357106856,3,1.0,dow,11,25.8,24.23,26.56,4,Developing,-1.3,-5.0
2026-10-03,05:55:00,105419,24.5,Y,2026-10-03T05:30:00+08:00,19.797398509240384,3,1.0,dow,11,25.8,24.23,26.56,4,Developing,-1.3,-5.0
2026-10-03,05:55:00,105463,27.7,Y,2026-10-03T05:30:00+08:00,19.708495904978182,3,1.0,dow,11,32.45,29.53,35.32,4,Developing,-4.75,-14.6
2026-10-03,05:55:00,106174,27.7,Y,2026-10-03T05:30:00+08:00,19.380929983659165,3,1.0,dow,11,32.45,29.53,35.32,4,Developing,-4.75,-14.6
2026-10-03,05:55:00,164124,24.5,Y,2026-10-03T05:30:00+08:00,19.72619135301219,3,1.0,dow,11,25.8,24.23,26.56,4,Developing,-1.3,-5.0
2026-10-03,05:55:00,266603,24.5,Y,2026-10-03T05:30:00+08:00,19.54656122915691,3,1.0,dow,11,25.8,24.23,26.56,4,Developing,-1.3,-5.0
2026-10-03,05:55:00,163793,43.0,Y,2026-10-03T05:30:00+08:00,0.0,3,0.999999999999999,dow,11,46.75,45.0,48.9,4,Developing,-3.75,-8.0
2026-10-03,05:55:00,163794,43.0,Y,2026-10-03T05:30:00+08:00,0.0,3,0.999999999999999,dow,11,46.75,45.0,48.9,4,Developing,-3.75,-8.0
2026-10-03,05:55:00,164265,22.0,Y,2026-10-03T05:30:00+08:00,0.0,3,1.0,dow,11,21.65,20.25,22.75,4,Developing,0.35,1.6
2026-10-03,05:55:00,260060,43.0,Y,2026-10-03T05:30:00+08:00,0.0,3,1.0,dow,11,46.75,45.0,48.9,4,Developing,-3.75,-8.0
2026-10-03,05:55:00,260061,43.0,Y,2026-10-03T05:30:00+08:00,0.0,3,0.9999999999999999,dow,11,46.75,45.0,48.9,4,Developing,-3.75,-8.0
2026-10-03,05:55:00,260063,45.0,Y,2026-10-03T05:30:00+08:00,0.0,3,1.0,dow,11,36.45,35.96,38.48,4,Developing,8.55,23.5
2026-10-03,05:55:00,260068,45.0,Y,2026-10-03T05:30:00+08:00,0.0,3,1.0,dow,11,36.45,35.96,38.48,4,Developing,8.55,23.5
2026-10-03,05:55:00,260071,25.1,Y,2026-10-03T05:30:00+08:00,0.0,3,1.0,dow,11,28.35,27.1,29.8,4,Developing,-3.25,-11.5
2026-10-03,05:55:00,260073,43.0,Y,2026-10-03T05:30:00+08:00,0.0,3,1.0,dow,11,46.75,45.0,48.9,4,Developing,-3.75,-8.0
2026-10-03,05:55:00,267925,27.7,Y,2026-10-03T05:30:00+08:00,0.0,3,1.0,dow,11,39.75,38.23,43.25,4,Developing,-12.05,-30.3
2026-10-03,05:55:00,268003,35.9,Y,2026-10-03T05:30:00+08:00,0.0,3,1.0,dow,11,37.5,35.6,39.8,4,Developing,-1.6,-4.3
2026-10-03,05:55:00,271759,43.0,Y,2026-10-03T05:30:00+08:00,0.0,3,1.0000000000000009,dow,11,46.75,45.0,48.9,4,Developing,-3.75,-8.0
2026-10-03,05:55:00,271923,35.9,Y,2026-10-03T05:30:00+08:00,0.0,3,1.0,dow,11,37.5,35.6,39.8,4,Developing,-1.6,-4.3
2026-10-03,05:55:00,275523,27.7,Y,2026-10-03T05:30:00+08:00,0.0,3,1.0,dow,11,39.75,38.23,43.25,4,Developing,-12.05,-30.3
2026-10-03,05:55:00,275524,27.7,Y,2026-10-03T05:30:00+08:00,0.0,3,1.0,dow,11,39.75,38.23,43.25,4,Developing,-12.05,-30.3
2026-10-03,05:55:00,275525,27.7,Y,2026-10-03T05:30:00+08:00,0.0,3,1.0000000000000009,dow,11,39.75,38.23,43.25,4,Developing,-12.05,-30.3
2026-10-03,05:55:00,275526,45.0,Y,2026-10-03T05:30:00+08:00,0.0,3,1.0,dow,11,36.45,35.96,38.48,4,Developing,8.55,23.5
2026-10-03,05:55:00,275527,45.0,Y,2026-10-03T05:30:00+08:00,0.0,3,1.0,dow,11,36.45,35.96,38.48,4,Developing,8.55,23.5
2026-10-03,05:55:00,275528,45.0,Y,2026-10-03T05:30:00+08:00,0.0,3,1.0,dow,11,36.45,35.96,38.48,4,Developing,8.55,23.5
2026-10-03,05:55:00,275529,45.0,Y,2026-10-03T05:30:00+08:00,0.0,3,1.0,dow,11,36.45,35.96,38.48,4,Developing,8.55,23.5
2026-10-03,05:55:00,275530,45.0,Y,2026-10-03T05:30:00+08:00,0.0,3,1.0,dow,11,36.45,35.96,38.48,4,Developing,8.55,23.5
2026-10-03,05:55:00,275531,45.0,Y,2026-10-03T05:30:00+08:00,0.0,3,1.0,dow,11,36.45,35.96,38.48,4,Developing,8.55,23.5
2026-10-03,05:55:00,275532,45.0,Y,2026-10-03T05:30:00+08:00,0.0,3,0.9999999999999991,dow,11,36.45,35.96,38.48,4,Developing,8.55,23.5
2026-10-03,05:55:00,275533,45.0,Y,2026-10-03T05:30:00+08:00,0.0,3,0.9999999999999999,dow,11,36.45,35.96,38.48,4,Developing,8.55,23.5
2026-10-03,05:55:00,93901,45.0,Y,2026-10-03T05:30:00+08:00,0.0,3,1.0000000000000009,dow,11,36.45,35.96,38.48,4,Developing,8.55,23.5
2026-10-03,05:55:00,93913,33.2,Y,2026-10-03T05:30:00+08:00,0.0,3,1.0,dow,11,27.05,24.2,30.45,4,Developing,6.15,22.7
2026-10-03,05:55:00,93933,26.5,Y,2026-10-03T05:30:00+08:00,0.0,3,1.0000000000000009,dow,11,33.4,30.18,36.85,4,Developing,-6.9,-20.7
2026-10-03,05:55:00,94049,33.2,Y,2026-10-03T05:30:00+08:00,0.0,3,1.0,dow,11,27.05,24.2,30.45,4,Developing,6.15,22.7
2026-10-03,05:55:00,94179,25.1,Y,2026-10-03T05:30:00+08:00,0.0,3,1.0,dow,11,28.35,27.1,29.8,4,Developing,-3.25,-11.5
2026-10-03,05:55:00,94199,26.5,Y,2026-10-03T05:30:00+08:00,0.0,3,1.0,dow,11,33.4,30.18,36.85,4,Developing,-6.9,-20.7
2026-10-03,05:55:00,94606,22.0,Y,2026-10-03T05:30:00+08:00,0.0,3,0.9999999999999999,dow,11,21.65,20.25,22.75,4,Developing,0.35,1.6
2026-10-03,05:55:00,94643,33.2,Y,2026-10-03T05:30:00+08:00,0.0,3,1.0,dow,11,27.05,24.2,30.45,4,Developing,6.15,22.7
2026-10-03,05:55:00,94669,35.9,Y,2026-10-03T05:30:00+08:00,0.0,3,1.000000000000001,dow,11,37.5,35.6,39.8,4,Developing,-1.6,-4.3
2026-10-03,05:55:00,94670,35.9,Y,2026-10-03T05:30:00+08:00,0.0,3,1.0,dow,11,37.5,35.6,39.8,4,Developing,-1.6,-4.3
2026-10-03,05:55:00,94671,43.0,Y,2026-10-03T05:30:00+08:00,0.0,3,0.9999999999999999,dow,11,46.75,45.0,48.9,4,Developing,-3.75,-8.0
2026-10-03,05:55:00,94673,27.7,Y,2026-10-03T05:30:00+08:00,0.0,3,1.0,dow,11,39.75,38.23,43.25,4,Developing,-12.05,-30.3
2026-10-03,05:55:00,94676,35.9,Y,2026-10-03T05:30:00+08:00,0.0,3,1.0,dow,11,37.5,35.6,39.8,4,Developing,-1.6,-4.3
2026-10-03,05:55:00,94692,35.9,Y,2026-10-03T05:30:00+08:00,0.0,3,1.0,dow,11,37.5,35.6,39.8,4,Developing,-1.6,-4.3
2026-10-03,05:55:00,94831,25.1,Y,2026-10-03T05:30:00+08:00,0.0,3,1.0000000000000009,dow,11,28.35,27.1,29.8,4,Developing,-3.25,-11.5
2026-10-03,05:55:00,94832,33.2,Y,2026-10-03T05:30:00+08:00,0.0,3,1.0000000000000009,dow,11,27.05,24.2,30.45,4,Developing,6.15,22.7
2026-10-03,05:55:00,94833,25.1,Y,2026-10-03T05:30:00+08:00,0.0,3,1.0,dow,11,28.35,27.1,29.8,4,Developing,-3.25,-11.5
2026-10-03,05:55:00,94834,25.1,Y,2026-10-03T05:30:00+08:00,0.0,3,1.000000000000001,dow,11,28.35,27.1,29.8,4,Developing,-3.25,-11.5
2026-10-03,05:55:00,94835,33.2,Y,2026-10-03T05:30:00+08:00,0.0,3,0.9999999999999999,dow,11,27.05,24.2,30.45,4,Developing,6.15,22.7
2026-10-03,05:55:00,94836,25.1,Y,2026-10-03T05:30:00+08:00,0.0,3,1.0,dow,11,28.35,27.1,29.8,4,Developing,-3.25,-11.5
2026-10-03,05:55:00,94837,25.1,Y,2026-10-03T05:30:00+08:00,0.0,3,1.000000000000001,dow,11,28.35,27.1,29.8,4,Developing,-3.25,-11.5
2026-10-03,05:55:00,94838,30.8,Y,2026-10-03T05:30:00+08:00,0.0,3,1.0,dow,11,27.48,26.56,30.62,4,Developing,3.32,12.1
2026-10-03,05:55:00,94839,22.0,Y,2026-10-03T05:30:00+08:00,0.0,3,0.999999999999999,dow,11,21.65,20.25,22.75,4,Developing,0.35,1.6
2026-10-03,05:55:00,94840,23.8,Y,2026-10-03T05:30:00+08:00,0.0,3,0.9999999999999989,dow,11,25.0,23.98,26.75,4,Developing,-1.2,-4.8
2026-10-03,05:55:00,94841,25.1,Y,2026-10-03T05:30:00+08:00,0.0,3,1.0,dow,11,28.35,27.1,29.8,4,Developing,-3.25,-11.5
2026-10-03,05:55:00,94842,25.1,Y,2026-10-03T05:30:00+08:00,0.0,3,0.9999999999999991,dow,11,28.35,27.1,29.8,4,Developing,-3.25,-11.5
2026-10-03,05:55:00,94875,22.0,Y,2026-10-03T05:30:00+08:00,0.0,3,1.0,dow,11,21.65,20.25,22.75,4,Developing,0.35,1.6
2026-10-03,05:55:00,94876,22.0,Y,2026-10-03T05:30:00+08:00,0.0,3,1.0,dow,11,21.65,20.25,22.75,4,Developing,0.35,1.6
2026-10-03,05:55:00,94878,22.0,Y,2026-10-03T05:30:00+08:00,0.0,3,1.0,dow,11,21.65,20.25,22.75,4,Developing,0.35,1.6
2026-10-03,05:55:00,94879,26.5,Y,2026-10-03T05:30:00+08:00,0.0,3,0.999999999999999,dow,11,33.4,30.18,36.85,4,Developing,-6.9,-20.7
2026-10-03,05:55:00,94880,26.5,Y,2026-10-03T05:30:00+08:00,0.0,3,0.999999999999999,dow,11,33.4,30.18,36.85,4,Developing,-6.9,-20.7
2026-10-03,05:55:00,94881,22.0,Y,2026-10-03T05:30:00+08:00,0.0,3,1.0,dow,11,21.65,20.25,22.75,4,Developing,0.35,1.6
2026-10-03,05:55:00,94883,22.0,Y,2026-10-03T05:30:00+08:00,0.0,3,0.9999999999999999,dow,11,21.65,20.25,22.75,4,Developing,0.35,1.6
2026-10-03,05:55:00,95084,45.0,Y,2026-10-03T05:30:00+08:00,0.0,3,0.999999999999999,dow,11,36.45,35.96,38.48,4,Developing,8.55,23.5
2026-10-03,05:55:00,95144,25.1,Y,2026-10-03T05:30:00+08:00,0.0,3,1.0,dow,11,28.35,27.1,29.8,4,Developing,-3.25,-11.5
2026-10-03,05:55:00,95145,25.1,Y,2026-10-03T05:30:00+08:00,0.0,3,0.999999999999999,dow,11,28.35,27.1,29.8,4,Developing,-3.25,-11.5
2026-10-03,05:55:00,95146,25.1,Y,2026-10-03T05:30:00+08:00,0.0,3,1.0,dow,11,28.35,27.1,29.8,4,Developing,-3.25,-11.5
2026-10-03,05:55:00,96078,43.0,Y,2026-10-03T05:30:00+08:00,0.0,3,1.000000000000001,dow,11,46.75,45.0,48.9,4,Developing,-3.75,-8.0
2026-10-03,05:55:00,96079,43.0,Y,2026-10-03T05:30:00+08:00,0.0,3,1.0000000000000009,dow,11,46.75,45.0,48.9,4,Developing,-3.75,-8.0
2026-10-03,05:55:00,96962,43.0,Y,2026-10-03T05:30:00+08:00,0.0,3,1.0,dow,11,46.75,45.0,48.9,4,Developing,-3.75,-8.0
2026-10-03,05:55:00,97001,33.2,Y,2026-10-03T05:30:00+08:00,0.0,3,1.0,dow,11,27.05,24.2,30.45,4,Developing,6.15,22.7
2026-10-03,05:55:00,99636,35.9,Y,2026-10-03T05:30:00+08:00,0.0,3,1.0,dow,11,37.5,35.6,39.8,4,Developing,-1.6,-4.3
2026-10-03,05:55:00,110556,25.4,Y,2026-10-03T05:30:00+08:00,0.0,3,1.0,dow,11,23.15,22.84,23.65,4,Developing,2.25,9.7
2026-10-03,05:55:00,110557,34.4,Y,2026-10-03T05:30:00+08:00,0.0,3,1.0,dow,11,30.38,27.76,33.04,4,Developing,4.02,13.2
2026-10-03,05:55:00,110558,34.4,Y,2026-10-03T05:30:00+08:00,0.0,3,1.0,dow,11,30.38,27.76,33.04,4,Developing,4.02,13.2
2026-10-03,05:55:00,110559,25.4,Y,2026-10-03T05:30:00+08:00,0.0,3,1.0,dow,11,23.15,22.84,23.65,4,Developing,2.25,9.7
2026-10-03,05:55:00,110560,34.4,Y,2026-10-03T05:30:00+08:00,0.0,3,0.9999999999999999,dow,11,30.38,27.76,33.04,4,Developing,4.02,13.2
2026-10-03,05:55:00,110561,34.4,Y,2026-10-03T05:30:00+08:00,0.0,3,1.0,dow,11,30.38,27.76,33.04,4,Developing,4.02,13.2
2026-10-03,05:55:00,110562,34.4,Y,2026-10-03T05:30:00+08:00,0.0,3,1.0,dow,11,30.38,27.76,33.04,4,Developing,4.02,13.2
2026-10-03,05:55:00,110568,25.4,Y,2026-10-03T05:30:00+08:00,0.0,3,1.0,dow,11,23.15,22.84,23.65,4,Developing,2.25,9.7
2026-10-03,05:55:00,110651,24.3,Y,2026-10-03T05:30:00+08:00,0.0,3,1.0,dow,11,32.05,31.73,32.52,4,Developing,-7.75,-24.2
2026-10-03,05:55:00,110652,23.4,Y,2026-10-03T05:30:00+08:00,0.0,3,0.9999999999999999,dow,11,32.4,29.65,34.67,4,Developing,-9.0,-27.8
2026-10-03,05:55:00,110654,34.4,Y,2026-10-03T05:30:00+08:00,0.0,3,0.999999999999999,dow,11,30.38,27.76,33.04,4,Developing,4.02,13.2
2026-10-03,05:55:00,110655,24.6,Y,2026-10-03T05:30:00+08:00,0.0,3,1.0,dow,11,29.15,28.79,29.28,4,Developing,-4.55,-15.6
2026-10-03,05:55:00,110656,25.4,Y,2026-10-03T05:30:00+08:00,0.0,3,1.0,dow,11,23.15,22.84,23.65,4,Developing,2.25,9.7
2026-10-03,05:55:00,110657,23.4,Y,2026-10-03T05:30:00+08:00,0.0,3,1.0,dow,11,32.4,29.65,34.67,4,Developing,-9.0,-27.8
2026-10-03,05:55:00,143642,35.1,Y,2026-10-03T05:30:00+08:00,0.0,3,1.0,dow,11,32.7,32.34,33.51,4,Developing,2.4,7.3
2026-10-03,05:55:00,164732,25.4,Y,2026-10-03T05:30:00+08:00,0.0,3,1.0,dow,11,23.15,22.84,23.65,4,Developing,2.25,9.7
2026-10-03,05:55:00,164733,25.4,Y,2026-10-03T05:30:00+08:00,0.0,3,1.0,dow,11,23.15,22.84,23.65,4,Developing,2.25,9.7
2026-10-03,05:55:00,164915,25.4,Y,2026-10-03T05:30:00+08:00,0.0,3,1.0,dow,11,23.15,22.84,23.65,4,Developing,2.25,9.7
2026-10-03,05:55:00,164982,34.4,Y,2026-10-03T05:30:00+08:00,0.0,3,1.0,dow,11,30.38,27.76,33.04,4,Developing,4.02,13.2
2026-10-03,05:55:00,164984,25.4,Y,2026-10-03T05:30:00+08:00,0.0,3,1.0,dow,11,23.15,22.84,23.65,4,Developing,2.25,9.7
2026-10-03,05:55:00,260185,34.4,Y,2026-10-03T05:30:00+08:00,0.0,3,1.0,dow,11,30.38,27.76,33.04,4,Developing,4.02,13.2
2026-10-03,05:55:00,260226,35.1,Y,2026-10-03T05:30:00+08:00,0.0,3,1.0,dow,11,32.7,32.34,33.51,4,Developing,2.4,7.3
2026-10-03,05:55:00,272829,25.4,Y,2026-10-03T05:30:00+08:00,0.0,3,1.0,dow,11,23.15,22.84,23.65,4,Developing,2.25,9.7
2026-10-03,05:55:00,272830,34.4,Y,2026-10-03T05:30:00+08:00,0.0,3,1.0,dow,11,30.38,27.76,33.04,4,Developing,4.02,13.2
2026-10-03,05:55:00,276264,35.1,Y,2026-10-03T05:30:00+08:00,0.0,3,0.9999999999999989,dow,11,32.7,32.34,33.51,4,Developing,2.4,7.3
2026-10-03,05:55:00,276265,35.1,Y,2026-10-03T05:30:00+08:00,0.0,3,0.9999999999999989,dow,11,32.7,32.34,33.51,4,Developing,2.4,7.3
2026-10-03,05:55:00,276266,34.9,Y,2026-10-03T05:30:00+08:00,0.0,3,1.0,dow,11,37.02,36.09,38.05,4,Developing,-2.12,-5.7
2026-10-03,05:55:00,276270,34.9,Y,2026-10-03T05:30:00+08:00,0.0,3,1.0000000000000009,dow,11,37.02,36.09,38.05,4,Developing,-2.12,-5.7
2026-10-03,05:55:00,276271,34.9,Y,2026-10-03T05:30:00+08:00,0.0,3,0.9999999999999991,dow,11,37.02,36.09,38.05,4,Developing,-2.12,-5.7
2026-10-03,05:55:00,276274,34.9,Y,2026-10-03T05:30:00+08:00,0.0,3,1.0,dow,11,37.02,36.09,38.05,4,Developing,-2.12,-5.7
2026-10-03,05:55:00,276283,34.9,Y,2026-10-03T05:30:00+08:00,0.0,3,1.0000000000000009,dow,11,37.02,36.09,38.05,4,Developing,-2.12,-5.7
2026-10-03,05:55:00,276285,35.1,Y,2026-10-03T05:30:00+08:00,0.0,3,1.0,dow,11,32.7,32.34,33.51,4,Developing,2.4,7.3
2026-10-03,05:55:00,276286,34.9,Y,2026-10-03T05:30:00+08:00,0.0,3,1.0,dow,11,37.02,36.09,38.05,4,Developing,-2.12,-5.7
2026-10-03,05:55:00,276290,43.5,Y,2026-10-03T05:30:00+08:00,0.0,3,1.0,dow,11,43.23,42.15,44.9,4,Developing,0.27,0.6
2026-10-03,05:55:00,276292,34.3,Y,2026-10-03T05:30:00+08:00,0.0,3,1.0,dow,11,49.25,48.17,50.28,4,Developing,-14.95,-30.4
2026-10-03,05:55:00,276363,56.1,Y,2026-10-03T05:30:00+08:00,0.0,3,1.0000000000000009,dow,11,53.15,51.39,55.45,4,Developing,2.95,5.6
2026-10-03,05:55:00,276365,56.1,Y,2026-10-03T05:30:00+08:00,0.0,3,0.9999999999999999,dow,11,53.15,51.39,55.45,4,Developing,2.95,5.6
2026-10-03,05:55:00,279348,35.1,Y,,,,,dow,11,32.7,32.34,33.51,4,Developing,2.4,7.3
2026-10-03,05:55:00,279349,34.9,Y,,,,,dow,11,37.02,36.09,38.05,4,Developing,-2.12,-5.7
2026-10-03,05:55:00,93165,35.1,Y,2026-10-03T05:30:00+08:00,0.0,3,0.9999999999999991,dow,11,32.7,32.34,33.51,4,Developing,2.4,7.3
2026-10-03,05:55:00,93184,35.1,Y,2026-10-03T05:30:00+08:00,0.0,3,0.9999999999999991,dow,11,32.7,32.34,33.51,4,Developing,2.4,7.3
2026-10-03,05:55:00,93446,25.4,Y,2026-10-03T05:30:00+08:00,0.0,3,1.0000000000000009,dow,11,23.15,22.84,23.65,4,Developing,2.25,9.7
2026-10-03,05:55:00,96839,34.6,Y,2026-10-03T05:30:00+08:00,0.0,3,1.000000000000001,dow,11,42.8,41.85,43.42,4,Developing,-8.2,-19.2
2026-10-03,05:55:00,96841,34.3,Y,2026-10-03T05:30:00+08:00,0.0,3,1.0,dow,11,49.25,48.17,50.28,4,Developing,-14.95,-30.4
2026-10-03,05:55:00,143275,52.0,Y,2026-10-03T05:30:00+08:00,0.0,3,1.0,dow,11,48.88,48.29,50.44,4,Developing,3.12,6.4
2026-10-03,05:55:00,265983,45.1,Y,2026-10-03T05:30:00+08:00,0.0,3,1.000000000000001,dow,11,46.7,46.44,46.81,4,Developing,-1.6,-3.4
2026-10-03,05:55:00,265984,39.4,Y,2026-10-03T05:30:00+08:00,0.0,3,1.0,dow,11,38.08,37.88,39.29,4,Developing,1.32,3.5
2026-10-03,05:55:00,272603,50.1,Y,2026-10-03T05:30:00+08:00,0.0,3,1.000000000000001,dow,11,48.27,47.64,48.9,4,Developing,1.83,3.8
2026-10-03,05:55:00,94452,58.3,Y,2026-10-03T05:30:00+08:00,0.0,3,1.0000000000000009,dow,11,53.52,51.66,54.38,4,Developing,4.78,8.9
2026-10-03,05:55:00,94941,57.9,Y,2026-10-03T05:30:00+08:00,0.0,3,1.0,dow,11,53.23,52.56,53.81,4,Developing,4.67,8.8
2026-10-03,05:55:00,94942,57.9,Y,2026-10-03T05:30:00+08:00,0.0,3,1.0,dow,11,53.25,52.6,53.81,4,Developing,4.65,8.7
2026-10-03,05:55:00,94943,55.9,Y,2026-10-03T05:30:00+08:00,0.0,3,1.000000000000001,dow,11,53.3,52.17,54.34,4,Developing,2.6,4.9
2026-10-03,05:55:00,94944,55.9,Y,2026-10-03T05:30:00+08:00,0.0,3,1.0,dow,11,53.3,52.17,54.34,4,Developing,2.6,4.9
2026-10-03,05:55:00,94945,42.1,Y,2026-10-03T05:30:00+08:00,0.0,3,0.9999999999999989,dow,11,40.02,39.92,40.09,4,Developing,2.08,5.2
2026-10-03,05:55:00,94946,42.1,Y,2026-10-03T05:30:00+08:00,0.0,3,0.9999999999999999,dow,11,40.02,39.92,40.09,4,Developing,2.08,5.2
2026-10-03,05:55:00,94947,56.4,Y,2026-10-03T05:30:00+08:00,0.0,3,1.0,dow,11,53.02,52.27,53.16,4,Developing,3.38,6.4
2026-10-03,05:55:00,96295,39.2,Y,2026-10-03T05:30:00+08:00,0.0,3,1.0,dow,11,36.55,35.38,37.73,4,Developing,2.65,7.3
2026-10-03,05:55:00,96297,52.0,Y,2026-10-03T05:30:00+08:00,0.0,3,1.0,dow,11,55.2,54.91,55.2,4,Developing,-3.2,-5.8
2026-10-03,05:55:00,96303,43.4,Y,2026-10-03T05:30:00+08:00,0.0,3,1.0,dow,11,44.65,44.4,44.8,4,Developing,-1.25,-2.8
2026-10-03,05:55:00,96478,52.5,Y,2026-10-03T05:30:00+08:00,0.0,3,0.999999999999999,dow,11,49.38,48.74,51.09,4,Developing,3.12,6.3
2026-10-03,05:55:00,96479,41.9,Y,2026-10-03T05:30:00+08:00,0.0,3,0.9999999999999989,dow,11,39.38,38.2,40.36,4,Developing,2.52,6.4
2026-10-03,05:55:00,96480,57.1,Y,2026-10-03T05:30:00+08:00,0.0,3,1.0,dow,11,52.47,51.4,52.88,4,Developing,4.63,8.8
2026-10-03,05:55:00,96483,37.8,Y,2026-10-03T05:30:00+08:00,0.0,3,1.0,dow,11,35.9,35.4,37.15,4,Developing,1.9,5.3
2026-10-03,05:55:00,96484,48.2,Y,2026-10-03T05:30:00+08:00,0.0,3,1.0,dow,11,50.3,50.2,50.32,4,Developing,-2.1,-4.2
2026-10-03,05:55:00,96485,43.9,Y,2026-10-03T05:30:00+08:00,0.0,3,1.0,dow,11,40.55,40.54,40.56,4,Developing,3.35,8.3
2026-10-03,05:55:00,96487,50.1,Y,2026-10-03T05:30:00+08:00,0.0,3,1.0,dow,11,48.27,47.64,48.9,4,Developing,1.83,3.8
2026-10-03,05:55:00,96488,59.2,Y,2026-10-03T05:30:00+08:00,0.0,3,1.0,dow,11,55.85,55.08,56.25,4,Developing,3.35,6.0
2026-10-03,05:55:00,96517,34.8,Y,2026-10-03T05:30:00+08:00,0.0,3,1.0,dow,11,33.75,33.49,33.8,4,Developing,1.05,3.1
2026-10-03,05:55:00,96518,40.4,Y,2026-10-03T05:30:00+08:00,0.0,3,1.0,dow,11,40.35,40.27,40.4,4,Developing,0.05,0.1
2026-10-03,05:55:00,96520,36.8,Y,2026-10-03T05:30:00+08:00,0.0,3,0.9999999999999991,dow,11,35.95,35.89,36.09,4,Developing,0.85,2.4
2026-10-03,05:55:00,96522,61.1,Y,2026-10-03T05:30:00+08:00,0.0,3,1.000000000000001,dow,11,59.28,58.84,59.96,4,Developing,1.82,3.1
2026-10-03,05:55:00,96524,57.6,Y,2026-10-03T05:30:00+08:00,0.0,3,0.999999999999999,dow,11,52.52,51.04,53.17,4,Developing,5.08,9.7
2026-10-03,05:55:00,96525,57.7,Y,2026-10-03T05:30:00+08:00,0.0,3,1.0,dow,11,52.62,50.96,53.33,4,Developing,5.08,9.7
2026-10-03,05:55:00,97011,61.8,Y,2026-10-03T05:30:00+08:00,0.0,3,1.0,dow,11,61.8,61.5,62.74,4,Developing,0.0,0.0
2026-10-03,05:55:00,97070,54.7,Y,2026-10-03T05:30:00+08:00,0.0,3,1.0,dow,11,51.65,50.77,54.04,4,Developing,3.05,5.9
2026-10-03,05:55:00,97347,41.0,Y,2026-10-03T05:30:00+08:00,0.0,3,1.0,dow,11,37.8,37.46,38.09,4,Developing,3.2,8.5
2026-10-03,05:55:00,97354,57.0,Y,2026-10-03T05:30:00+08:00,0.0,3,1.0,dow,11,52.5,51.4,52.91,4,Developing,4.5,8.6
2026-10-03,05:55:00,97358,37.7,Y,2026-10-03T05:30:00+08:00,0.0,3,1.0,dow,11,35.3,35.0,35.45,4,Developing,2.4,6.8
2026-10-03,05:55:00,97407,63.8,Y,2026-10-03T05:30:00+08:00,0.0,3,1.0,dow,11,70.93,69.56,72.06,4,Developing,-7.13,-10.1
2026-10-03,05:55:00,97712,58.6,Y,2026-10-03T05:30:00+08:00,0.0,3,1.0,dow,11,56.5,55.54,58.65,4,Developing,2.1,3.7
2026-10-03,05:55:00,165218,64.9,Y,2026-10-03T05:30:00+08:00,7.0618798962910985,3,0.9999999999999999,dow,11,65.08,64.35,65.36,4,Developing,-0.18,-0.3
2026-10-03,05:55:00,165219,68.1,Y,2026-10-03T05:30:00+08:00,6.998234597249271,3,1.0,dow,11,62.35,61.39,63.02,4,Developing,5.75,9.2
2026-10-03,05:55:00,165222,64.7,Y,2026-10-03T05:30:00+08:00,7.014206509367079,3,1.0,dow,11,68.78,68.39,69.3,4,Developing,-4.08,-5.9
2026-10-03,05:55:00,165228,68.1,Y,2026-10-03T05:30:00+08:00,7.016572703156891,3,1.0000000000000009,dow,11,62.28,61.31,62.96,4,Developing,5.82,9.3
2026-10-03,05:55:00,165229,68.1,Y,2026-10-03T05:30:00+08:00,7.011947999132943,3,1.000000000000001,dow,11,62.3,61.31,63.02,4,Developing,5.8,9.3
2026-10-03,05:55:00,279663,64.7,Y,2026-10-03T05:30:00+08:00,7.1804274956721645,3,1.0,dow,11,65.67,64.88,66.03,4,Developing,-0.97,-1.5
2026-10-03,05:55:00,279664,46.0,Y,2026-10-03T05:30:00+08:00,7.6714743422420595,3,1.0,dow,11,48.12,45.88,50.19,4,Developing,-2.12,-4.4
2026-10-03,05:55:00,56773,68.8,Y,2026-10-03T05:30:00+08:00,6.434328350784289,3,1.0,dow,11,63.02,61.74,64.35,4,Developing,5.78,9.2
2026-10-03,05:55:00,56924,63.5,Y,2026-10-03T05:30:00+08:00,6.798311286076766,3,1.0,dow,11,59.25,57.83,60.45,4,Developing,4.25,7.2
2026-10-03,05:55:00,57179,74.6,Y,2026-10-03T05:30:00+08:00,6.6519117795187235,3,1.0,dow,11,64.7,64.28,65.97,4,Developing,9.9,15.3
2026-10-03,05:55:00,57263,60.3,Y,2026-10-03T05:30:00+08:00,6.038420529513706,3,1.0000000000000009,dow,11,59.05,57.8,60.31,4,Developing,1.25,2.1
2026-10-03,05:55:00,57305,60.2,Y,2026-10-03T05:30:00+08:00,6.13447210300956,3,1.0,dow,11,53.2,52.98,53.69,4,Developing,7.0,13.2
2026-10-03,05:55:00,57354,68.1,Y,2026-10-03T05:30:00+08:00,6.894069538571491,3,1.0,dow,11,62.47,61.47,63.19,4,Developing,5.63,9.0
2026-10-03,05:55:00,57631,75.5,Y,2026-10-03T05:30:00+08:00,6.2392435039052145,3,1.0,dow,11,68.1,66.59,69.43,4,Developing,7.4,10.9
2026-10-03,05:55:00,57736,65.4,Y,2026-10-03T05:30:00+08:00,6.746760042090002,3,0.999999999999999,dow,11,63.15,62.4,63.42,4,Developing,2.25,3.6
2026-10-03,05:55:00,57754,48.4,Y,2026-10-03T05:30:00+08:00,5.986390504875072,3,1.000000000000001,dow,11,47.47,47.09,47.8,4,Developing,0.93,2.0
2026-10-03,05:55:00,57778,54.9,Y,2026-10-03T05:30:00+08:00,5.911041489114382,3,0.9999999999999999,dow,11,57.9,56.31,59.08,4,Developing,-3.0,-5.2
2026-10-03,05:55:00,57791,64.8,Y,2026-10-03T05:30:00+08:00,7.093632756693705,3,1.0,dow,11,65.32,64.6,65.6,4,Developing,-0.52,-0.8
2026-10-03,05:55:00,57827,66.4,Y,2026-10-03T05:30:00+08:00,6.218917233641788,3,1.0,dow,11,61.95,61.26,62.66,4,Developing,4.45,7.2
2026-10-03,05:55:00,57828,74.6,Y,2026-10-03T05:30:00+08:00,6.677013781461395,3,1.0,dow,11,64.72,64.31,65.96,4,Developing,9.88,15.3
2026-10-03,05:55:00,58075,65.5,Y,2026-10-03T05:30:00+08:00,6.651421691698406,3,1.0,dow,11,66.25,65.77,66.55,4,Developing,-0.75,-1.1
2026-10-03,05:55:00,58192,57.0,Y,2026-10-03T05:30:00+08:00,6.0802403540901295,3,1.0,dow,11,50.15,49.89,50.54,4,Developing,6.85,13.7
2026-10-03,05:55:00,58213,65.3,Y,2026-10-03T05:30:00+08:00,6.89702422048831,3,0.9999999999999989,dow,11,63.67,62.9,64.01,4,Developing,1.63,2.6
2026-10-03,05:55:00,58738,65.4,Y,2026-10-03T05:30:00+08:00,6.677132629751741,3,1.0,dow,11,66.45,65.95,66.75,4,Developing,-1.05,-1.6
2026-10-03,05:55:00,59179,66.7,Y,2026-10-03T05:30:00+08:00,6.801574479300757,3,1.0,dow,11,61.98,61.14,62.78,4,Developing,4.72,7.6
2026-10-03,05:55:00,59201,75.5,Y,2026-10-03T05:30:00+08:00,6.212710774097169,3,1.0,dow,11,68.22,66.67,69.54,4,Developing,7.28,10.7
2026-10-03,05:55:00,59474,66.3,Y,2026-10-03T05:30:00+08:00,6.240303820428968,3,1.0,dow,11,62.15,61.48,62.85,4,Developing,4.15,6.7
2026-10-03,05:55:00,59579,68.2,Y,2026-10-03T05:30:00+08:00,7.041410709572556,3,1.0,dow,11,62.1,61.14,62.8,4,Developing,6.1,9.8
2026-10-03,05:55:00,60083,64.7,Y,2026-10-03T05:30:00+08:00,6.745256972695698,3,1.0,dow,11,59.3,57.8,60.86,4,Developing,5.4,9.1
2026-10-03,05:55:00,64827,68.2,Y,2026-10-03T05:30:00+08:00,7.081850735073468,3,1.0000000000000009,dow,11,61.95,61.06,62.61,4,Developing,6.25,10.1
2026-10-03,05:55:00,64828,68.2,Y,2026-10-03T05:30:00+08:00,7.109455995200435,3,0.999999999999999,dow,11,61.7,60.89,62.34,4,Developing,6.5,10.5
2026-10-03,05:55:00,64829,68.2,Y,2026-10-03T05:30:00+08:00,7.070777895825756,3,1.0,dow,11,62.05,61.12,62.7,4,Developing,6.15,9.9
2026-10-03,05:55:00,7746,63.9,Y,2026-10-03T05:30:00+08:00,7.412918597490895,3,1.0,dow,11,58.73,58.18,59.58,4,Developing,5.17,8.8
2026-10-03,05:55:00,8359,55.3,Y,2026-10-03T05:30:00+08:00,7.409396191823747,3,1.0,dow,11,58.67,57.54,58.89,4,Developing,-3.37,-5.7
2026-10-03,05:55:00,9096,58.0,Y,2026-10-03T05:30:00+08:00,7.782089869541552,3,1.0,dow,11,59.5,59.38,60.0,4,Developing,-1.5,-2.5
2026-10-03,05:55:00,266094,41.7,Y,2026-10-03T05:30:00+08:00,0.0,3,1.0000000000000009,dow,11,38.52,37.73,39.34,4,Developing,3.18,8.3
2026-10-03,05:55:00,266097,41.7,Y,2026-10-03T05:30:00+08:00,0.0,3,1.000000000000001,dow,11,38.52,37.73,39.34,4,Developing,3.18,8.3
2026-10-03,05:55:00,266100,52.4,Y,2026-10-03T05:30:00+08:00,0.0,3,0.9999999999999989,dow,11,51.4,50.9,52.04,4,Developing,1.0,1.9
2026-10-03,05:55:00,271739,34.3,Y,2026-10-03T05:30:00+08:00,0.0,3,1.0000000000000004,dow,11,49.25,48.17,50.28,4,Developing,-14.95,-30.4
2026-10-03,05:55:00,276367,34.3,Y,2026-10-03T05:30:00+08:00,0.0,3,1.0000000000000009,dow,11,49.25,48.17,50.28,4,Developing,-14.95,-30.4
2026-10-03,05:55:00,276368,34.3,Y,2026-10-03T05:30:00+08:00,0.0,3,1.0,dow,11,49.25,48.17,50.28,4,Developing,-14.95,-30.4
2026-10-03,05:55:00,276370,56.1,Y,2026-10-03T05:30:00+08:00,0.0,3,1.0,dow,11,53.15,51.39,55.45,4,Developing,2.95,5.6
2026-10-03,05:55:00,276372,56.1,Y,2026-10-03T05:30:00+08:00,0.0,3,1.0,dow,11,53.15,51.39,55.45,4,Developing,2.95,5.6
2026-10-03,05:55:00,276374,34.3,Y,2026-10-03T05:30:00+08:00,0.0,3,1.0,dow,11,49.25,48.17,50.28,4,Developing,-14.95,-30.4
2026-10-03,05:55:00,276376,56.1,Y,2026-10-03T05:30:00+08:00,0.0,3,1.0,dow,11,53.15,51.39,55.45,4,Developing,2.95,5.6
2026-10-03,05:55:00,276379,56.1,Y,2026-10-03T05:30:00+08:00,0.0,3,1.0000000000000007,dow,11,53.15,51.39,55.45,4,Developing,2.95,5.6
2026-10-03,05:55:00,276380,34.3,Y,2026-10-03T05:30:00+08:00,0.0,3,1.0000000000000002,dow,11,49.25,48.17,50.28,4,Developing,-14.95,-30.4
2026-10-03,05:55:00,276384,56.1,Y,2026-10-03T05:30:00+08:00,0.0,3,1.0,dow,11,53.15,51.39,55.45,4,Developing,2.95,5.6
2026-10-03,05:55:00,276387,56.1,Y,2026-10-03T05:30:00+08:00,0.0,3,0.9999999999999993,dow,11,53.15,51.39,55.45,4,Developing,2.95,5.6
2026-10-03,05:55:00,276389,34.3,Y,2026-10-03T05:30:00+08:00,0.0,3,1.0000000000000004,dow,11,49.25,48.17,50.28,4,Developing,-14.95,-30.4
2026-10-03,05:55:00,276392,56.1,Y,2026-10-03T05:30:00+08:00,0.0,3,1.0000000000000002,dow,11,53.15,51.39,55.45,4,Developing,2.95,5.6
2026-10-03,05:55:00,276394,56.1,Y,2026-10-03T05:30:00+08:00,0.0,3,1.0,dow,11,53.15,51.39,55.45,4,Developing,2.95,5.6
2026-10-03,05:55:00,276395,56.1,Y,2026-10-03T05:30:00+08:00,0.0,3,1.0000000000000002,dow,11,53.15,51.39,55.45,4,Developing,2.95,5.6
2026-10-03,05:55:00,276407,56.1,Y,2026-10-03T05:30:00+08:00,0.0,3,1.0000000000000004,dow,11,53.15,51.39,55.45,4,Developing,2.95,5.6
2026-10-03,05:55:00,276410,45.3,Y,2026-10-03T05:30:00+08:00,0.0,3,1.0,dow,11,41.5,38.19,44.46,4,Developing,3.8,9.2
2026-10-03,05:55:00,276412,45.3,Y,2026-10-03T05:30:00+08:00,0.0,3,1.0000000000000007,dow,11,41.5,38.19,44.46,4,Developing,3.8,9.2
2026-10-03,05:55:00,276414,45.3,Y,2026-10-03T05:30:00+08:00,0.0,3,1.0,dow,11,41.5,38.19,44.46,4,Developing,3.8,9.2
2026-10-03,05:55:00,276415,45.3,Y,2026-10-03T05:30:00+08:00,0.0,3,1.0,dow,11,41.5,38.19,44.46,4,Developing,3.8,9.2
2026-10-03,05:55:00,276416,45.3,Y,2026-10-03T05:30:00+08:00,0.0,3,1.0,dow,11,41.5,38.19,44.46,4,Developing,3.8,9.2
2026-10-03,05:55:00,276418,41.7,Y,2026-10-03T05:30:00+08:00,0.0,3,1.0,dow,11,38.52,37.73,39.34,4,Developing,3.18,8.3
2026-10-03,05:55:00,280523,41.7,Y,2026-10-03T05:30:00+08:00,0.0,3,1.000000000000001,dow,11,38.52,37.73,39.34,4,Developing,3.18,8.3
2026-10-03,05:55:00,280524,45.3,Y,2026-10-03T05:30:00+08:00,0.0,3,0.999999999999999,dow,11,41.5,38.19,44.46,4,Developing,3.8,9.2
2026-10-03,05:55:00,57129,41.7,Y,2026-10-03T05:30:00+08:00,0.0,3,0.9999999999999998,dow,11,38.52,37.73,39.34,4,Developing,3.18,8.3
2026-10-03,05:55:00,59400,41.7,Y,2026-10-03T05:30:00+08:00,0.0,3,1.0,dow,11,38.52,37.73,39.34,4,Developing,3.18,8.3
2026-10-03,05:55:00,59425,41.7,Y,2026-10-03T05:30:00+08:00,0.0,3,0.9999999999999993,dow,11,38.52,37.73,39.34,4,Developing,3.18,8.3
2026-10-03,05:55:00,62434,34.3,Y,2026-10-03T05:30:00+08:00,0.0,3,1.0000000000000007,dow,11,49.25,48.17,50.28,4,Developing,-14.95,-30.4
2026-10-03,05:55:00,93145,34.3,Y,2026-10-03T05:30:00+08:00,0.0,3,0.9999999999999992,dow,11,49.25,48.17,50.28,4,Developing,-14.95,-30.4
2026-10-03,05:55:00,96810,34.3,Y,2026-10-03T05:30:00+08:00,0.0,3,1.0000000000000004,dow,11,49.25,48.17,50.28,4,Developing,-14.95,-30.4
2026-10-03,05:55:00,96838,34.3,Y,2026-10-03T05:30:00+08:00,0.0,3,1.0000000000000002,dow,11,49.25,48.17,50.28,4,Developing,-14.95,-30.4
2026-10-03,05:55:00,96874,56.1,Y,2026-10-03T05:30:00+08:00,0.0,3,0.9999999999999992,dow,11,53.15,51.39,55.45,4,Developing,2.95,5.6
2026-10-03,05:55:00,96875,34.3,Y,2026-10-03T05:30:00+08:00,0.0,3,0.9999999999999996,dow,11,49.25,48.17,50.28,4,Developing,-14.95,-30.4
2026-10-03,05:55:00,118030,70.2,Y,2026-10-03T05:30:00+08:00,0.0,3,1.0,dow,11,67.05,65.47,68.56,4,Developing,3.15,4.7
2026-10-03,05:55:00,163943,55.5,Y,2026-10-03T05:30:00+08:00,0.0,3,1.000000000000001,dow,11,56.25,55.76,57.3,4,Developing,-0.75,-1.3
2026-10-03,05:55:00,265986,45.7,Y,2026-10-03T05:30:00+08:00,0.0,3,1.0,dow,11,41.25,41.0,41.4,4,Developing,4.45,10.8
2026-10-03,05:55:00,265987,70.8,Y,2026-10-03T05:30:00+08:00,0.0,3,1.000000000000001,dow,11,63.25,62.8,64.7,4,Developing,7.55,11.9
2026-10-03,05:55:00,272377,52.6,Y,2026-10-03T05:30:00+08:00,0.0,3,0.999999999999999,dow,11,52.9,52.62,53.45,4,Developing,-0.3,-0.6
2026-10-03,05:55:00,272383,68.2,Y,2026-10-03T05:30:00+08:00,0.0,3,0.9999999999999991,dow,11,66.47,65.12,68.14,4,Developing,1.73,2.6
2026-10-03,05:55:00,94336,63.8,Y,2026-10-03T05:30:00+08:00,0.0,3,1.0,dow,11,62.4,61.95,62.8,4,Developing,1.4,2.2
2026-10-03,05:55:00,94948,68.2,Y,2026-10-03T05:30:00+08:00,0.0,3,1.0,dow,11,66.47,65.12,68.14,4,Developing,1.73,2.6
2026-10-03,05:55:00,95284,70.4,Y,2026-10-03T05:30:00+08:00,0.0,3,1.0,dow,11,66.58,66.05,66.99,4,Developing,3.82,5.7
2026-10-03,05:55:00,96310,53.6,Y,2026-10-03T05:30:00+08:00,0.0,3,1.0,dow,11,48.7,48.42,48.85,4,Developing,4.9,10.1
2026-10-03,05:55:00,96311,47.6,Y,2026-10-03T05:30:00+08:00,0.0,3,1.0,dow,11,43.25,42.85,43.5,4,Developing,4.35,10.1
2026-10-03,05:55:00,96312,44.9,Y,2026-10-03T05:30:00+08:00,0.0,3,1.0,dow,11,41.3,40.99,41.5,4,Developing,3.6,8.7
2026-10-03,05:55:00,96318,55.8,Y,2026-10-03T05:30:00+08:00,0.0,3,1.0,dow,11,56.6,56.4,57.5,4,Developing,-0.8,-1.4
2026-10-03,05:55:00,96319,56.1,Y,2026-10-03T05:30:00+08:00,0.0,3,1.000000000000001,dow,11,57.25,57.16,57.96,4,Developing,-1.15,-2.0
2026-10-03,05:55:00,96324,52.6,Y,2026-10-03T05:30:00+08:00,0.0,3,1.0,dow,11,52.9,52.62,53.45,4,Developing,-0.3,-0.6
2026-10-03,05:55:00,96498,55.2,Y,2026-10-03T05:30:00+08:00,0.0,3,1.0,dow,11,56.03,55.23,57.28,4,Developing,-0.83,-1.5
2026-10-03,05:55:00,96499,55.4,Y,2026-10-03T05:30:00+08:00,0.0,3,0.9999999999999991,dow,11,56.18,55.6,57.28,4,Developing,-0.78,-1.4
2026-10-03,05:55:00,261197,46.3,Y,2026-10-03T05:30:00+08:00,0.0,3,1.0,dow,11,43.5,42.77,44.05,4,Developing,2.8,6.4
2026-10-03,05:55:00,266303,46.3,Y,2026-10-03T05:30:00+08:00,0.0,3,1.0,dow,11,43.5,42.77,44.05,4,Developing,2.8,6.4
2026-10-03,05:55:00,267883,60.0,Y,2026-10-03T05:30:00+08:00,0.0,3,1.0,dow,11,40.67,37.66,42.58,4,Developing,19.33,47.5
2026-10-03,05:55:00,276144,46.3,Y,2026-10-03T05:30:00+08:00,0.0,3,1.0,dow,11,43.5,42.77,44.05,4,Developing,2.8,6.4
2026-10-03,05:55:00,276145,46.3,Y,2026-10-03T05:30:00+08:00,0.0,3,1.0,dow,11,43.5,42.77,44.05,4,Developing,2.8,6.4
2026-10-03,05:55:00,276147,60.0,Y,2026-10-03T05:30:00+08:00,0.0,3,1.0,dow,11,40.67,37.66,42.58,4,Developing,19.33,47.5
2026-10-03,05:55:00,276149,60.0,Y,2026-10-03T05:30:00+08:00,0.0,3,1.0,dow,11,40.67,37.66,42.58,4,Developing,19.33,47.5
2026-10-03,05:55:00,276164,60.0,Y,2026-10-03T05:30:00+08:00,0.0,3,1.0000000000000009,dow,11,40.67,37.66,42.58,4,Developing,19.33,47.5
2026-10-03,05:55:00,276167,46.3,Y,2026-10-03T05:30:00+08:00,0.0,3,1.0,dow,11,43.5,42.77,44.05,4,Developing,2.8,6.4
2026-10-03,05:55:00,276169,60.0,Y,2026-10-03T05:30:00+08:00,0.0,3,1.000000000000001,dow,11,40.67,37.66,42.58,4,Developing,19.33,47.5
2026-10-03,05:55:00,276186,60.0,Y,2026-10-03T05:30:00+08:00,0.0,3,0.9999999999999989,dow,11,40.67,37.66,42.58,4,Developing,19.33,47.5
2026-10-03,05:55:00,93573,46.3,Y,2026-10-03T05:30:00+08:00,0.0,3,1.0,dow,11,43.5,42.77,44.05,4,Developing,2.8,6.4
2026-10-03,05:55:00,93620,60.0,Y,2026-10-03T05:30:00+08:00,0.0,3,1.0,dow,11,40.67,37.66,42.58,4,Developing,19.33,47.5
2026-10-03,05:55:00,96892,46.3,Y,2026-10-03T05:30:00+08:00,0.0,3,0.9999999999999989,dow,11,43.5,42.77,44.05,4,Developing,2.8,6.4
2026-10-03,05:55:00,97748,46.3,Y,2026-10-03T05:30:00+08:00,0.0,3,1.0,dow,11,43.5,42.77,44.05,4,Developing,2.8,6.4
2026-10-03,05:55:00,110679,41.7,Y,2026-10-03T05:30:00+08:00,0.309137554884389,3,1.0,dow,11,55.02,51.0,57.86,4,Developing,-13.32,-24.2
2026-10-03,05:55:00,110680,61.7,Y,2026-10-03T05:30:00+08:00,0.309148901785419,3,1.0,dow,11,59.67,56.02,62.69,4,Developing,2.03,3.4
2026-10-03,05:55:00,165439,75.0,Y,2026-10-03T05:30:00+08:00,5.91145491213957,3,1.0,dow,11,58.8,55.83,62.12,4,Developing,16.2,27.6
2026-10-03,05:55:00,93212,81.8,Y,2026-10-03T05:30:00+08:00,5.835360861000075,3,1.0,dow,11,64.68,62.69,65.7,4,Developing,17.12,26.5
2026-10-03,05:55:00,93235,70,N,2026-10-03T05:30:00+08:00,5.946828513685972,3,1.0,dow,11,48.8,40.73,56.23,4,Developing,,
2026-10-03,05:55:00,93459,48.8,Y,2026-10-03T05:30:00+08:00,5.854111872989914,3,0.999999999999999,dow,11,51.25,42.32,60.64,4,Developing,-2.45,-4.8
2026-10-03,05:55:00,272583,66.1,Y,2026-10-03T05:30:00+08:00,0.0,3,1.0,dow,11,62.3,61.05,63.45,4,Developing,3.8,6.1
2026-10-03,05:55:00,272584,57.0,Y,2026-10-03T05:30:00+08:00,0.0,3,1.0,dow,11,57.15,56.12,58.08,4,Developing,-0.15,-0.3
2026-10-03,05:55:00,272663,66.1,Y,2026-10-03T05:30:00+08:00,0.0,3,1.0,dow,11,62.3,61.05,63.45,4,Developing,3.8,6.1
2026-10-03,05:55:00,272664,57.0,Y,2026-10-03T05:30:00+08:00,0.0,3,1.0,dow,11,57.15,56.12,58.08,4,Developing,-0.15,-0.3
2026-10-03,05:55:00,95760,59.6,Y,2026-10-03T05:30:00+08:00,0.0,3,0.9999999999999997,dow,11,48.4,47.81,48.46,4,Developing,11.2,23.1
2026-10-03,05:55:00,95761,62.8,Y,2026-10-03T05:30:00+08:00,0.0,3,1.0,dow,11,51.27,51.02,52.12,4,Developing,11.53,22.5
2026-10-03,05:55:00,95874,65.7,Y,2026-10-03T05:30:00+08:00,0.0,3,1.0,dow,11,57.45,56.88,58.05,4,Developing,8.25,14.4
2026-10-03,05:55:00,95875,65.7,Y,2026-10-03T05:30:00+08:00,0.0,3,1.0000000000000009,dow,11,57.45,56.88,58.05,4,Developing,8.25,14.4
2026-10-03,05:55:00,95876,67.0,Y,2026-10-03T05:30:00+08:00,0.0,3,0.9999999999999989,dow,11,58.62,58.08,59.44,4,Developing,8.38,14.3
2026-10-03,05:55:00,95877,67.1,Y,2026-10-03T05:30:00+08:00,0.0,3,1.0,dow,11,58.62,58.08,59.44,4,Developing,8.48,14.5
2026-10-03,05:55:00,95892,60.5,Y,2026-10-03T05:30:00+08:00,0.0,3,1.0,dow,11,49.83,48.26,51.0,4,Developing,10.67,21.4
2026-10-03,05:55:00,96235,48.0,Y,2026-10-03T05:30:00+08:00,0.0,3,1.0,dow,11,52.5,50.25,54.56,4,Developing,-4.5,-8.6
2026-10-03,05:55:00,96247,48.0,Y,2026-10-03T05:30:00+08:00,0.0,3,0.9999999999999991,dow,11,52.5,50.25,54.56,4,Developing,-4.5,-8.6
2026-10-03,05:55:00,96248,48.0,Y,2026-10-03T05:30:00+08:00,0.0,3,0.999999999999999,dow,11,52.5,50.25,54.56,4,Developing,-4.5,-8.6
2026-10-03,05:55:00,96252,63.9,Y,2026-10-03T05:30:00+08:00,0.0,3,0.999999999999999,dow,11,60.53,59.78,61.5,4,Developing,3.37,5.6
2026-10-03,05:55:00,96253,61.3,Y,2026-10-03T05:30:00+08:00,0.0,3,1.0,dow,11,59.15,58.27,60.21,4,Developing,2.15,3.6
2026-10-03,05:55:00,96254,63.4,Y,2026-10-03T05:30:00+08:00,0.0,3,1.0,dow,11,54.58,53.06,55.73,4,Developing,8.82,16.2
2026-10-03,05:55:00,96256,66.1,Y,2026-10-03T05:30:00+08:00,0.0,3,1.0,dow,11,62.3,61.05,63.45,4,Developing,3.8,6.1
2026-10-03,05:55:00,96270,64.6,Y,2026-10-03T05:30:00+08:00,0.0,3,1.0,dow,11,69.67,68.16,70.66,4,Developing,-5.07,-7.3
2026-10-03,05:55:00,96271,64.8,Y,2026-10-03T05:30:00+08:00,0.0,3,1.0,dow,11,68.1,67.23,68.62,4,Developing,-3.3,-4.8
2026-10-03,05:55:00,96273,57.0,Y,2026-10-03T05:30:00+08:00,0.0,3,1.0,dow,11,57.15,56.12,58.08,4,Developing,-0.15,-0.3
2026-10-03,05:55:00,97153,64.4,Y,2026-10-03T05:30:00+08:00,0.0,3,0.9999999999999999,dow,11,54.27,52.91,55.35,4,Developing,10.13,18.7
2026-10-03,05:55:00,97253,53.5,Y,2026-10-03T05:30:00+08:00,0.0,3,1.0,dow,11,54.88,53.39,56.51,4,Developing,-1.38,-2.5
2026-10-03,05:55:00,97349,48.0,Y,2026-10-03T05:30:00+08:00,0.0,3,1.0,dow,11,52.5,50.25,54.56,4,Developing,-4.5,-8.6
2026-10-03,05:55:00,97352,48.0,Y,2026-10-03T05:30:00+08:00,0.0,3,1.0,dow,11,52.5,50.25,54.56,4,Developing,-4.5,-8.6
2026-10-03,05:55:00,97353,48.0,Y,2026-10-03T05:30:00+08:00,0.0,3,1.0,dow,11,52.5,50.25,54.56,4,Developing,-4.5,-8.6
2026-10-03,05:55:00,110650,23.4,Y,2026-10-03T05:30:00+08:00,0.0,3,1.0,dow,11,32.4,29.65,34.67,4,Developing,-9.0,-27.8
2026-10-03,05:55:00,110870,24.3,Y,2026-10-03T05:30:00+08:00,0.0,3,1.0000000000000009,dow,11,32.05,31.73,32.52,4,Developing,-7.75,-24.2
2026-10-03,05:55:00,165810,24.3,Y,2026-10-03T05:30:00+08:00,0.0,3,1.0,dow,11,32.05,31.73,32.52,4,Developing,-7.75,-24.2
2026-10-03,05:55:00,260010,50.9,Y,2026-10-03T05:30:00+08:00,0.0,3,0.9999999999999991,dow,11,44.33,44.12,45.08,4,Developing,6.57,14.8
2026-10-03,05:55:00,271756,24.3,Y,2026-10-03T05:30:00+08:00,0.0,3,1.0,dow,11,32.05,31.73,32.52,4,Developing,-7.75,-24.2
2026-10-03,05:55:00,271886,24.3,Y,2026-10-03T05:30:00+08:00,0.0,3,1.0,dow,11,32.05,31.73,32.52,4,Developing,-7.75,-24.2
2026-10-03,05:55:00,276188,46.3,Y,2026-10-03T05:30:00+08:00,0.0,3,1.0,dow,11,43.5,42.77,44.05,4,Developing,2.8,6.4
2026-10-03,05:55:00,276189,58.4,Y,2026-10-03T05:30:00+08:00,0.0,3,1.0,dow,11,43.0,39.85,44.62,4,Developing,15.4,35.8
2026-10-03,05:55:00,276192,53.2,Y,2026-10-03T05:30:00+08:00,0.0,3,1.0,dow,11,49.83,47.02,51.08,4,Developing,3.37,6.8
2026-10-03,05:55:00,276197,53.9,Y,2026-10-03T05:30:00+08:00,0.0,3,1.0,dow,11,48.3,46.74,49.1,4,Developing,5.6,11.6
2026-10-03,05:55:00,276198,57.1,Y,2026-10-03T05:30:00+08:00,0.0,3,0.999999999999999,dow,11,45.42,44.41,47.02,4,Developing,11.68,25.7
2026-10-03,05:55:00,276199,49.0,Y,2026-10-03T05:30:00+08:00,0.0,3,1.0,dow,11,49.38,46.58,52.22,4,Developing,-0.38,-0.8
2026-10-03,05:55:00,276203,57.1,Y,2026-10-03T05:30:00+08:00,0.0,3,0.999999999999999,dow,11,45.42,44.41,47.02,4,Developing,11.68,25.7
2026-10-03,05:55:00,276204,49.0,Y,2026-10-03T05:30:00+08:00,0.0,3,1.0000000000000009,dow,11,49.38,46.58,52.22,4,Developing,-0.38,-0.8
2026-10-03,05:55:00,276207,49.0,Y,2026-10-03T05:30:00+08:00,0.0,3,1.0,dow,11,49.38,46.58,52.22,4,Developing,-0.38,-0.8
2026-10-03,05:55:00,276210,24.3,Y,2026-10-03T05:30:00+08:00,0.0,3,1.0,dow,11,32.05,31.73,32.52,4,Developing,-7.75,-24.2
2026-10-03,05:55:00,276211,23.4,Y,2026-10-03T05:30:00+08:00,0.0,3,1.0,dow,11,32.4,29.65,34.67,4,Developing,-9.0,-27.8
2026-10-03,05:55:00,276225,23.4,Y,2026-10-03T05:30:00+08:00,0.0,3,1.0000000000000009,dow,11,32.4,29.65,34.67,4,Developing,-9.0,-27.8
2026-10-03,05:55:00,276244,23.4,Y,2026-10-03T05:30:00+08:00,0.0,3,1.0,dow,11,32.4,29.65,34.67,4,Developing,-9.0,-27.8
2026-10-03,05:55:00,276245,23.4,Y,2026-10-03T05:30:00+08:00,0.0,3,1.0,dow,11,32.4,29.65,34.67,4,Developing,-9.0,-27.8
2026-10-03,05:55:00,276247,23.4,Y,2026-10-03T05:30:00+08:00,0.0,3,1.0,dow,11,32.4,29.65,34.67,4,Developing,-9.0,-27.8
2026-10-03,05:55:00,276250,23.4,Y,2026-10-03T05:30:00+08:00,0.0,3,1.0,dow,11,32.4,29.65,34.67,4,Developing,-9.0,-27.8
2026-10-03,05:55:00,276251,24.3,Y,2026-10-03T05:30:00+08:00,0.0,3,0.999999999999999,dow,11,32.05,31.73,32.52,4,Developing,-7.75,-24.2
2026-10-03,05:55:00,92939,24.3,Y,2026-10-03T05:30:00+08:00,0.0,3,1.0,dow,11,32.05,31.73,32.52,4,Developing,-7.75,-24.2
2026-10-03,05:55:00,93497,57.1,Y,2026-10-03T05:30:00+08:00,0.0,3,1.0,dow,11,45.42,44.41,47.02,4,Developing,11.68,25.7
2026-10-03,05:55:00,93569,49.5,Y,2026-10-03T05:30:00+08:00,0.0,3,1.0,dow,11,43.83,41.38,45.85,4,Developing,5.67,12.9
2026-10-03,05:55:00,110604,60.7,Y,2026-10-03T05:30:00+08:00,6.320237838505273,3,1.0,dow,11,62.4,62.4,62.4,4,Developing,-1.7,-2.7
2026-10-03,05:55:00,110608,45.9,Y,2026-10-03T05:30:00+08:00,6.324066311227431,3,0.999999999999999,dow,11,69.35,65.14,69.44,4,Developing,-23.45,-33.8
2026-10-03,05:55:00,110612,26.0,Y,2026-10-03T05:30:00+08:00,4.121626635084565,3,1.0,dow,11,24.3,20.55,25.1,4,Developing,1.7,7.0
2026-10-03,05:55:00,110613,26.0,Y,2026-10-03T05:30:00+08:00,4.1140744839434875,3,1.0,dow,11,24.3,20.55,25.1,4,Developing,1.7,7.0
2026-10-03,05:55:00,110614,23.1,Y,2026-10-03T05:30:00+08:00,4.111230341674585,3,0.9999999999999991,dow,11,24.65,24.51,25.76,4,Developing,-1.55,-6.3
2026-10-03,05:55:00,110615,20.2,Y,2026-10-03T05:30:00+08:00,4.112393472154085,3,1.0000000000000009,dow,11,26.4,26.3,27.5,4,Developing,-6.2,-23.5
2026-10-03,05:55:00,110616,23.1,Y,2026-10-03T05:30:00+08:00,4.121581640278209,3,1.000000000000001,dow,11,24.65,24.51,25.76,4,Developing,-1.55,-6.3
2026-10-03,05:55:00,110617,20.2,Y,2026-10-03T05:30:00+08:00,4.11797005685991,3,1.0,dow,11,26.4,26.3,27.5,4,Developing,-6.2,-23.5
2026-10-03,05:55:00,116022,20.2,Y,2026-10-03T05:30:00+08:00,4.040052119545239,3,1.0,dow,11,26.2,22.43,26.4,4,Developing,-6.0,-22.9
2026-10-03,05:55:00,116749,43.1,Y,2026-10-03T05:30:00+08:00,4.046336370410466,3,1.0,dow,11,38.1,38.09,40.88,4,Developing,5.0,13.1
2026-10-03,05:55:00,117680,16.5,Y,2026-10-03T05:30:00+08:00,4.0570461278476975,3,1.0,dow,11,42.4,38.58,46.5,4,Developing,-25.9,-61.1
2026-10-03,05:55:00,165434,16.5,Y,2026-10-03T05:30:00+08:00,4.065556402183724,3,1.0,dow,11,42.4,38.58,46.5,4,Developing,-25.9,-61.1
2026-10-03,05:55:00,93515,20.2,Y,2026-10-03T05:30:00+08:00,4.042020842579868,3,1.0,dow,11,26.2,22.43,26.4,4,Developing,-6.0,-22.9
2026-10-03,05:55:00,93596,26.0,Y,2026-10-03T05:30:00+08:00,4.092945105061514,3,1.0,dow,11,24.3,20.55,25.1,4,Developing,1.7,7.0
2026-10-03,05:55:00,93631,20.2,Y,2026-10-03T05:30:00+08:00,4.09759663651564,3,1.0,dow,11,26.4,26.3,27.5,4,Developing,-6.2,-23.5
2026-10-03,05:55:00,93653,26.0,Y,2026-10-03T05:30:00+08:00,4.052065572016317,3,1.0,dow,11,24.3,20.55,25.1,4,Developing,1.7,7.0
2026-10-03,05:55:00,93654,20.2,Y,2026-10-03T05:30:00+08:00,4.050807603168521,3,0.999999999999999,dow,11,26.4,26.3,27.5,4,Developing,-6.2,-23.5
2026-10-03,05:55:00,93655,20.2,Y,2026-10-03T05:30:00+08:00,4.063844509152302,3,1.0,dow,11,26.4,26.3,27.5,4,Developing,-6.2,-23.5
2026-10-03,05:55:00,93656,26.0,Y,2026-10-03T05:30:00+08:00,4.0665125662864945,3,0.999999999999999,dow,11,24.3,20.55,25.1,4,Developing,1.7,7.0
2026-10-03,05:55:00,93742,20.2,Y,2026-10-03T05:30:00+08:00,4.031653805702464,3,1.0000000000000009,dow,11,26.2,22.43,26.4,4,Developing,-6.0,-22.9
2026-10-03,05:55:00,93743,26.0,Y,2026-10-03T05:30:00+08:00,4.0370794070542555,3,0.9999999999999999,dow,11,24.3,20.55,25.1,4,Developing,1.7,7.0
2026-10-03,05:55:00,93744,20.2,Y,2026-10-03T05:30:00+08:00,4.040847341741705,3,1.0,dow,11,26.2,22.43,26.4,4,Developing,-6.0,-22.9
2026-10-03,05:55:00,93745,16.5,Y,2026-10-03T05:30:00+08:00,4.037915963675542,3,1.0,dow,11,42.4,38.58,46.5,4,Developing,-25.9,-61.1
2026-10-03,05:55:00,93746,20.2,Y,2026-10-03T05:30:00+08:00,4.031453543659817,3,1.0,dow,11,26.2,22.43,26.4,4,Developing,-6.0,-22.9
2026-10-03,05:55:00,93747,43.1,Y,2026-10-03T05:30:00+08:00,4.059108075385697,3,1.0,dow,11,38.1,38.09,40.88,4,Developing,5.0,13.1
2026-10-03,05:55:00,93748,16.5,Y,2026-10-03T05:30:00+08:00,4.038631962588012,3,1.0,dow,11,42.4,38.58,46.5,4,Developing,-25.9,-61.1
2026-10-03,05:55:00,93749,16.5,Y,2026-10-03T05:30:00+08:00,4.046000954390532,3,0.999999999999999,dow,11,42.4,38.58,46.5,4,Developing,-25.9,-61.1
2026-10-03,05:55:00,93750,20.2,Y,2026-10-03T05:30:00+08:00,4.03320655870758,3,1.0,dow,11,26.4,26.3,27.5,4,Developing,-6.2,-23.5
2026-10-03,05:55:00,93751,20.2,Y,2026-10-03T05:30:00+08:00,4.069033747891189,3,1.0,dow,11,26.4,26.3,27.5,4,Developing,-6.2,-23.5
2026-10-03,05:55:00,93752,20.2,Y,2026-10-03T05:30:00+08:00,4.073889314368051,3,1.0,dow,11,26.2,22.43,26.4,4,Developing,-6.0,-22.9
2026-10-03,05:55:00,93753,20.2,Y,2026-10-03T05:30:00+08:00,4.0751941785810635,3,0.9999999999999999,dow,11,26.2,22.43,26.4,4,Developing,-6.0,-22.9
2026-10-03,05:55:00,93754,20.2,Y,2026-10-03T05:30:00+08:00,4.079185338288984,3,1.0,dow,11,26.4,26.3,27.5,4,Developing,-6.2,-23.5
2026-10-03,05:55:00,93777,43.1,Y,2026-10-03T05:30:00+08:00,4.070379063439998,3,0.9999999999999999,dow,11,38.1,38.09,40.88,4,Developing,5.0,13.1
2026-10-03,05:55:00,93798,26.0,Y,2026-10-03T05:30:00+08:00,4.0332175031954405,3,1.0,dow,11,24.3,20.55,25.1,4,Developing,1.7,7.0
2026-10-03,05:55:00,93799,20.2,Y,2026-10-03T05:30:00+08:00,4.030399461048515,3,1.0,dow,11,26.4,26.3,27.5,4,Developing,-6.2,-23.5
2026-10-03,05:55:00,96620,43.1,Y,2026-10-03T05:30:00+08:00,4.036693429776703,3,1.0,dow,11,38.1,38.09,40.88,4,Developing,5.0,13.1
2026-10-03,05:55:00,96621,16.5,Y,2026-10-03T05:30:00+08:00,4.033959762400364,3,1.0,dow,11,42.4,38.58,46.5,4,Developing,-25.9,-61.1
2026-10-03,05:55:00,98692,16.5,Y,2026-10-03T05:30:00+08:00,4.036629911466035,3,1.0,dow,11,42.4,38.58,46.5,4,Developing,-25.9,-61.1
2026-10-03,05:55:00,98693,43.1,Y,2026-10-03T05:30:00+08:00,4.0378505479255145,3,1.0,dow,11,38.1,38.09,40.88,4,Developing,5.0,13.1
2026-10-03,05:55:00,108592,27.7,Y,2026-10-03T05:30:00+08:00,0.209366729812966,3,1.0,dow,11,39.75,38.23,43.25,4,Developing,-12.05,-30.3
2026-10-03,05:55:00,108595,35.9,Y,2026-10-03T05:30:00+08:00,0.209442234813406,3,1.0,dow,11,37.5,35.6,39.8,4,Developing,-1.6,-4.3
2026-10-03,05:55:00,164678,35.9,Y,2026-10-03T05:30:00+08:00,0.0,3,1.0,dow,11,37.5,35.6,39.8,4,Developing,-1.6,-4.3
2026-10-03,05:55:00,267923,35.9,Y,2026-10-03T05:30:00+08:00,0.0,3,1.0,dow,11,37.5,35.6,39.8,4,Developing,-1.6,-4.3
2026-10-03,05:55:00,273449,35.9,Y,2026-10-03T05:30:00+08:00,0.0,3,0.9999999999999999,dow,11,37.5,35.6,39.8,4,Developing,-1.6,-4.3
2026-10-03,05:55:00,273450,27.7,Y,2026-10-03T05:30:00+08:00,0.0,3,1.0,dow,11,39.75,38.23,43.25,4,Developing,-12.05,-30.3
2026-10-03,05:55:00,94691,35.9,Y,2026-10-03T05:30:00+08:00,0.0,3,1.0,dow,11,37.5,35.6,39.8,4,Developing,-1.6,-4.3
2026-10-03,05:55:00,94919,35.9,Y,2026-10-03T05:30:00+08:00,0.0,3,1.0,dow,11,37.5,35.6,39.8,4,Developing,-1.6,-4.3
2026-10-03,05:55:00,94920,35.9,Y,2026-10-03T05:30:00+08:00,0.0,3,1.0,dow,11,37.5,35.6,39.8,4,Developing,-1.6,-4.3
2026-10-03,05:55:00,94923,35.9,Y,2026-10-03T05:30:00+08:00,0.2083050033757008,3,1.0000000000000009,dow,11,37.5,35.6,39.8,4,Developing,-1.6,-4.3
2026-10-03,05:55:00,94924,39.5,Y,2026-10-03T05:30:00+08:00,0.214053692669997,3,1.0,dow,11,45.28,43.26,47.5,4,Developing,-5.78,-12.8
2026-10-03,05:55:00,94925,35.9,Y,2026-10-03T05:30:00+08:00,0.0,3,0.9999999999999989,dow,11,37.5,35.6,39.8,4,Developing,-1.6,-4.3
2026-10-03,05:55:00,94926,27.7,Y,2026-10-03T05:30:00+08:00,0.0,3,1.0,dow,11,39.75,38.23,43.25,4,Developing,-12.05,-30.3
2026-10-03,05:55:00,94927,42.8,Y,2026-10-03T05:30:00+08:00,0.21403565802297322,3,0.999999999999999,dow,11,44.33,43.64,45.5,4,Developing,-1.53,-3.5
2026-10-03,05:55:00,94933,35.9,Y,2026-10-03T05:30:00+08:00,0.0,3,1.0,dow,11,37.5,35.6,39.8,4,Developing,-1.6,-4.3
2026-10-03,05:55:00,95079,35.9,Y,2026-10-03T05:30:00+08:00,0.0,3,1.0,dow,11,37.5,35.6,39.8,4,Developing,-1.6,-4.3
2026-10-03,05:55:00,95082,35.9,Y,2026-10-03T05:30:00+08:00,0.208512773132582,3,1.0,dow,11,37.5,35.6,39.8,4,Developing,-1.6,-4.3
2026-10-03,05:55:00,95351,27.7,Y,2026-10-03T05:30:00+08:00,0.206392712019048,3,1.0,dow,11,39.75,38.23,43.25,4,Developing,-12.05,-30.3
2026-10-03,05:55:00,95352,27.7,Y,2026-10-03T05:30:00+08:00,0.0,3,1.0000000000000009,dow,11,39.75,38.23,43.25,4,Developing,-12.05,-30.3
2026-10-03,05:55:00,96630,27.7,Y,2026-10-03T05:30:00+08:00,0.2034227904008482,3,0.999999999999999,dow,11,39.75,38.23,43.25,4,Developing,-12.05,-30.3
2026-10-03,05:55:00,96631,35.9,Y,2026-10-03T05:30:00+08:00,0.20352314808580502,3,0.9999999999999999,dow,11,37.5,35.6,39.8,4,Developing,-1.6,-4.3
2026-10-03,05:55:00,97114,35.9,Y,2026-10-03T05:30:00+08:00,0.0,3,1.0,dow,11,37.5,35.6,39.8,4,Developing,-1.6,-4.3
2026-10-03,05:55:00,97115,35.9,Y,2026-10-03T05:30:00+08:00,0.206449107523995,3,1.0,dow,11,37.5,35.6,39.8,4,Developing,-1.6,-4.3
2026-10-03,05:55:00,99633,27.7,Y,2026-10-03T05:30:00+08:00,0.0,3,1.0,dow,11,39.75,38.23,43.25,4,Developing,-12.05,-30.3
2026-10-03,05:55:00,165436,58.8,Y,2026-10-03T05:30:00+08:00,3.244215193480273,3,0.999999999999999,dow,11,60.38,60.15,60.45,4,Developing,-1.58,-2.6
2026-10-03,05:55:00,165437,63.4,Y,2026-10-03T05:30:00+08:00,3.242707383759849,3,1.0000000000000009,dow,11,62.0,61.27,63.65,4,Developing,1.4,2.3
2026-10-03,05:55:00,272643,47.1,Y,2026-10-03T05:30:00+08:00,0.224954885562389,3,1.0,dow,11,49.55,48.2,50.88,4,Developing,-2.45,-4.9
2026-10-03,05:55:00,272644,45.8,Y,2026-10-03T05:30:00+08:00,0.22370137652072003,3,0.9999999999999999,dow,11,46.9,45.92,48.77,4,Developing,-1.1,-2.3
2026-10-03,05:55:00,272645,47.1,Y,2026-10-03T05:30:00+08:00,0.219431039591965,3,1.0,dow,11,49.55,48.2,50.88,4,Developing,-2.45,-4.9
2026-10-03,05:55:00,272646,45.8,Y,2026-10-03T05:30:00+08:00,0.21981501922046223,3,0.999999999999999,dow,11,46.9,45.92,48.77,4,Developing,-1.1,-2.3
2026-10-03,05:55:00,272743,50.7,Y,2026-10-03T05:30:00+08:00,0.244539013442289,3,1.0,dow,11,48.75,46.25,51.65,4,Developing,1.95,4.0
2026-10-03,05:55:00,272744,60.0,Y,2026-10-03T05:30:00+08:00,0.244969027652633,3,1.0,dow,11,54.45,50.17,57.58,4,Developing,5.55,10.2
2026-10-03,05:55:00,272745,51.1,Y,2026-10-03T05:30:00+08:00,0.276740875244214,3,1.0,dow,11,48.75,46.25,51.65,4,Developing,2.35,4.8
2026-10-03,05:55:00,272746,60.0,Y,2026-10-03T05:30:00+08:00,0.276982587607555,3,1.0,dow,11,52.05,48.15,56.0,4,Developing,7.95,15.3
2026-10-03,05:55:00,279190,47.1,Y,2026-10-03T05:30:00+08:00,0.22944601579030824,3,0.9999999999999989,dow,11,49.55,48.2,50.88,4,Developing,-2.45,-4.9
2026-10-03,05:55:00,279191,46.1,Y,2026-10-03T05:30:00+08:00,0.23246823133949981,3,1.0000000000000009,dow,11,50.98,48.51,53.18,4,Developing,-4.88,-9.6
2026-10-03,05:55:00,94684,60.0,Y,2026-10-03T05:30:00+08:00,0.254359752071204,3,1.0,dow,11,54.45,50.17,57.58,4,Developing,5.55,10.2
2026-10-03,05:55:00,94685,60.0,Y,2026-10-03T05:30:00+08:00,0.249802887029298,3,1.0,dow,11,54.3,50.17,57.35,4,Developing,5.7,10.5
2026-10-03,05:55:00,94686,60.0,Y,2026-10-03T05:30:00+08:00,0.256497787953822,3,1.0,dow,11,54.45,50.17,57.58,4,Developing,5.55,10.2
2026-10-03,05:55:00,94690,54.0,Y,2026-10-03T05:30:00+08:00,0.235027504128625,3,1.0,dow,11,49.17,48.33,50.06,4,Developing,4.83,9.8
2026-10-03,05:55:00,94697,51.1,Y,2026-10-03T05:30:00+08:00,0.282545139216906,3,1.0,dow,11,48.75,46.25,51.65,4,Developing,2.35,4.8
2026-10-03,05:55:00,94698,60.0,Y,2026-10-03T05:30:00+08:00,0.282508812256917,3,1.0,dow,11,52.05,48.15,56.0,4,Developing,7.95,15.3
2026-10-03,05:55:00,94737,51.1,Y,2026-10-03T05:30:00+08:00,0.2681031864296292,3,0.9999999999999991,dow,11,48.75,46.25,51.65,4,Developing,2.35,4.8
2026-10-03,05:55:00,94741,47.1,Y,2026-10-03T05:30:00+08:00,0.22187134306021,3,1.0,dow,11,49.55,48.2,50.88,4,Developing,-2.45,-4.9
2026-10-03,05:55:00,94935,60.0,Y,2026-10-03T05:30:00+08:00,0.257598210192669,3,1.0,dow,11,48.75,46.25,51.65,4,Developing,11.25,23.1
2026-10-03,05:55:00,94936,50.1,Y,2026-10-03T05:30:00+08:00,0.259539948474806,3,1.0,dow,11,48.75,46.25,51.65,4,Developing,1.35,2.8
2026-10-03,05:55:00,94937,60.0,Y,2026-10-03T05:30:00+08:00,0.2574743403840833,3,0.999999999999999,dow,11,48.75,46.25,51.65,4,Developing,11.25,23.1
2026-10-03,05:55:00,94938,60.0,Y,2026-10-03T05:30:00+08:00,0.262554280451969,3,1.0,dow,11,48.75,46.25,51.65,4,Developing,11.25,23.1
2026-10-03,05:55:00,94939,60.0,Y,2026-10-03T05:30:00+08:00,0.25997829952507,3,1.0,dow,11,54.12,50.17,57.09,4,Developing,5.88,10.9
2026-10-03,05:55:00,94940,60.0,Y,2026-10-03T05:30:00+08:00,0.262786809744471,3,1.0,dow,11,48.75,46.25,51.65,4,Developing,11.25,23.1
2026-10-03,05:55:00,96043,60.0,Y,2026-10-03T05:30:00+08:00,0.280040537212717,3,1.0,dow,11,48.75,46.25,51.65,4,Developing,11.25,23.1
2026-10-03,05:55:00,96044,60.0,Y,2026-10-03T05:30:00+08:00,0.279824909214107,3,1.0,dow,11,48.75,46.25,51.65,4,Developing,11.25,23.1
2026-10-03,05:55:00,96047,60.0,Y,2026-10-03T05:30:00+08:00,0.2684837677721828,3,1.0000000000000009,dow,11,52.05,48.15,56.0,4,Developing,7.95,15.3
2026-10-03,05:55:00,96048,49.8,Y,2026-10-03T05:30:00+08:00,0.250549469448276,3,1.0,dow,11,50.48,50.25,50.7,4,Developing,-0.68,-1.3
2026-10-03,05:55:00,96049,46.1,Y,2026-10-03T05:30:00+08:00,0.237872085234089,3,1.0,dow,11,50.98,48.51,53.18,4,Developing,-4.88,-9.6
2026-10-03,05:55:00,97393,49.8,Y,2026-10-03T05:30:00+08:00,0.25602197172972,3,1.0,dow,11,48.75,46.25,51.65,4,Developing,1.05,2.2
2026-10-03,05:55:00,163754,54.3,Y,2026-10-03T05:30:00+08:00,0.0,3,1.0,dow,11,54.02,52.89,55.2,4,Developing,0.28,0.5
2026-10-03,05:55:00,165384,49.6,Y,2026-10-03T05:30:00+08:00,0.0,3,1.0000000000000009,dow,11,55.75,54.74,56.02,4,Developing,-6.15,-11.0
2026-10-03,05:55:00,165432,60.0,Y,2026-10-03T05:30:00+08:00,0.0,3,1.0000000000000009,dow,11,40.67,37.66,42.58,4,Developing,19.33,47.5
2026-10-03,05:55:00,165526,54.5,Y,2026-10-03T05:30:00+08:00,0.0,3,1.0,dow,11,51.4,48.55,53.84,4,Developing,3.1,6.0
2026-10-03,05:55:00,272823,52.0,Y,2026-10-03T05:30:00+08:00,0.0,3,1.0,dow,11,48.88,46.31,50.76,4,Developing,3.12,6.4
2026-10-03,05:55:00,275963,54.5,Y,2026-10-03T05:30:00+08:00,0.0,3,1.0,dow,11,51.4,48.55,53.84,4,Developing,3.1,6.0
2026-10-03,05:55:00,276076,54.1,Y,2026-10-03T05:30:00+08:00,0.0,3,1.0,dow,11,51.25,50.6,52.25,4,Developing,2.85,5.6
2026-10-03,05:55:00,276078,54.5,Y,2026-10-03T05:30:00+08:00,0.0,3,1.0,dow,11,51.4,48.55,53.84,4,Developing,3.1,6.0
2026-10-03,05:55:00,276079,54.1,Y,2026-10-03T05:30:00+08:00,0.0,3,1.0,dow,11,51.25,50.6,52.25,4,Developing,2.85,5.6
2026-10-03,05:55:00,276082,54.5,Y,2026-10-03T05:30:00+08:00,0.0,3,1.0,dow,11,51.4,48.55,53.84,4,Developing,3.1,6.0
2026-10-03,05:55:00,276083,54.1,Y,2026-10-03T05:30:00+08:00,0.0,3,1.0,dow,11,51.25,50.6,52.25,4,Developing,2.85,5.6
2026-10-03,05:55:00,276086,54.5,Y,2026-10-03T05:30:00+08:00,0.0,3,1.0,dow,11,51.4,48.55,53.84,4,Developing,3.1,6.0
2026-10-03,05:55:00,276087,54.1,Y,2026-10-03T05:30:00+08:00,0.0,3,1.0,dow,11,51.25,50.6,52.25,4,Developing,2.85,5.6
2026-10-03,05:55:00,276090,54.5,Y,2026-10-03T05:30:00+08:00,0.0,3,1.0,dow,11,51.4,48.55,53.84,4,Developing,3.1,6.0
2026-10-03,05:55:00,276091,54.1,Y,2026-10-03T05:30:00+08:00,0.0,3,1.0,dow,11,51.25,50.6,52.25,4,Developing,2.85,5.6
2026-10-03,05:55:00,276093,54.1,Y,2026-10-03T05:30:00+08:00,0.0,3,0.9999999999999991,dow,11,51.25,50.6,52.25,4,Developing,2.85,5.6
2026-10-03,05:55:00,276096,54.5,Y,2026-10-03T05:30:00+08:00,0.0,3,0.999999999999999,dow,11,51.4,48.55,53.84,4,Developing,3.1,6.0
2026-10-03,05:55:00,276098,52.0,Y,2026-10-03T05:30:00+08:00,0.0,3,0.999999999999999,dow,11,53.15,52.12,54.14,4,Developing,-1.15,-2.2
2026-10-03,05:55:00,276101,55.4,Y,2026-10-03T05:30:00+08:00,0.0,3,1.0,dow,11,50.45,49.09,51.91,4,Developing,4.95,9.8
2026-10-03,05:55:00,276104,52.0,Y,2026-10-03T05:30:00+08:00,0.0,3,1.0,dow,11,48.88,46.31,50.76,4,Developing,3.12,6.4
2026-10-03,05:55:00,276105,31.9,Y,2026-10-03T05:30:00+08:00,0.0,3,1.0,dow,11,44.23,41.12,46.46,4,Developing,-12.33,-27.9
2026-10-03,05:55:00,276123,52.0,Y,2026-10-03T05:30:00+08:00,0.0,3,1.0,dow,11,48.88,46.31,50.76,4,Developing,3.12,6.4
2026-10-03,05:55:00,276124,52.0,Y,2026-10-03T05:30:00+08:00,0.0,3,0.999999999999999,dow,11,48.88,46.31,50.76,4,Developing,3.12,6.4
2026-10-03,05:55:00,276125,31.9,Y,2026-10-03T05:30:00+08:00,0.0,3,1.0000000000000009,dow,11,44.23,41.12,46.46,4,Developing,-12.33,-27.9
2026-10-03,05:55:00,276128,31.9,Y,2026-10-03T05:30:00+08:00,0.0,3,1.0,dow,11,44.23,41.12,46.46,4,Developing,-12.33,-27.9
2026-10-03,05:55:00,276129,46.3,Y,2026-10-03T05:30:00+08:00,0.0,3,1.0,dow,11,43.5,42.77,44.05,4,Developing,2.8,6.4
2026-10-03,05:55:00,276132,50.0,Y,2026-10-03T05:30:00+08:00,0.0,3,1.0000000000000009,dow,11,41.7,40.84,42.24,4,Developing,8.3,19.9
2026-10-03,05:55:00,93484,55.4,Y,2026-10-03T05:30:00+08:00,0.0,3,1.0,dow,11,50.45,49.09,51.91,4,Developing,4.95,9.8
2026-10-03,05:55:00,93487,52.5,Y,2026-10-03T05:30:00+08:00,0.0,3,1.0,dow,11,52.55,52.29,53.6,4,Developing,-0.05,-0.1
2026-10-03,05:55:00,93537,48.7,Y,2026-10-03T05:30:00+08:00,0.0,3,1.0,dow,11,50.58,49.66,51.52,4,Developing,-1.88,-3.7
2026-10-03,05:55:00,93540,55.4,Y,2026-10-03T05:30:00+08:00,0.0,3,1.0,dow,11,50.45,49.09,51.91,4,Developing,4.95,9.8
2026-10-03,05:55:00,93541,55.4,Y,2026-10-03T05:30:00+08:00,0.0,3,1.0,dow,11,50.45,49.09,51.91,4,Developing,4.95,9.8
2026-10-03,05:55:00,93542,31.9,Y,2026-10-03T05:30:00+08:00,0.0,3,1.0000000000000009,dow,11,44.23,41.12,46.46,4,Developing,-12.33,-27.9
2026-10-03,05:55:00,93544,31.9,Y,2026-10-03T05:30:00+08:00,0.0,3,0.9999999999999991,dow,11,44.23,41.12,46.46,4,Developing,-12.33,-27.9
2026-10-03,05:55:00,93546,52.0,Y,2026-10-03T05:30:00+08:00,0.0,3,1.0,dow,11,48.88,46.31,50.76,4,Developing,3.12,6.4
2026-10-03,05:55:00,93553,55.4,Y,2026-10-03T05:30:00+08:00,0.0,3,1.0,dow,11,50.45,49.09,51.91,4,Developing,4.95,9.8
2026-10-03,05:55:00,93556,54.1,Y,2026-10-03T05:30:00+08:00,0.0,3,1.0,dow,11,51.25,50.6,52.25,4,Developing,2.85,5.6
2026-10-03,05:55:00,93641,49.6,Y,2026-10-03T05:30:00+08:00,0.0,3,1.0,dow,11,55.75,54.74,56.02,4,Developing,-6.15,-11.0
2026-10-03,05:55:00,93781,50,N,2026-10-03T05:30:00+08:00,0.0,3,1.0,,,,,,,,,
2026-10-03,05:55:00,93783,54.3,Y,2026-10-03T05:30:00+08:00,0.0,3,1.0,dow,11,54.02,52.89,55.2,4,Developing,0.28,0.5
2026-10-03,05:55:00,93789,54.3,Y,2026-10-03T05:30:00+08:00,0.0,3,1.0,dow,11,54.02,52.89,55.2,4,Developing,0.28,0.5
2026-10-03,05:55:00,93791,54.3,Y,2026-10-03T05:30:00+08:00,0.0,3,0.9999999999999991,dow,11,54.02,52.89,55.2,4,Developing,0.28,0.5
2026-10-03,05:55:00,93792,54.3,Y,2026-10-03T05:30:00+08:00,0.0,3,1.000000000000001,dow,11,54.02,52.89,55.2,4,Developing,0.28,0.5
2026-10-03,05:55:00,93849,54.3,Y,2026-10-03T05:30:00+08:00,0.0,3,1.0,dow,11,54.02,52.89,55.2,4,Developing,0.28,0.5
2026-10-03,05:55:00,93858,48.7,Y,2026-10-03T05:30:00+08:00,0.0,3,1.0,dow,11,50.58,49.66,51.52,4,Developing,-1.88,-3.7
2026-10-03,05:55:00,93859,48.7,Y,2026-10-03T05:30:00+08:00,0.0,3,1.0,dow,11,50.58,49.66,51.52,4,Developing,-1.88,-3.7
2026-10-03,05:55:00,93876,54.3,Y,2026-10-03T05:30:00+08:00,0.0,3,1.0,dow,11,54.02,52.89,55.2,4,Developing,0.28,0.5
2026-10-03,05:55:00,93877,50,N,2026-10-03T05:30:00+08:00,0.0,3,1.0,,,,,,,,,
2026-10-03,05:55:00,96786,54.3,Y,2026-10-03T05:30:00+08:00,0.0,3,1.0,dow,11,54.02,52.89,55.2,4,Developing,0.28,0.5
2026-10-03,05:55:00,96787,48.7,Y,2026-10-03T05:30:00+08:00,0.0,3,1.0,dow,11,50.58,49.66,51.52,4,Developing,-1.88,-3.7
2026-10-03,05:55:00,96801,60.0,Y,2026-10-03T05:30:00+08:00,0.0,3,0.999999999999999,dow,11,40.67,37.66,42.58,4,Developing,19.33,47.5
2026-10-03,05:55:00,96878,54.1,Y,2026-10-03T05:30:00+08:00,0.0,3,1.0,dow,11,51.25,50.6,52.25,4,Developing,2.85,5.6
2026-10-03,05:55:00,96910,54.1,Y,2026-10-03T05:30:00+08:00,0.0,3,1.0,dow,11,51.25,50.6,52.25,4,Developing,2.85,5.6
2026-10-03,05:55:00,96933,54.5,Y,2026-10-03T05:30:00+08:00,0.0,3,1.0,dow,11,51.4,48.55,53.84,4,Developing,3.1,6.0
2026-10-03,05:55:00,96934,54.3,Y,2026-10-03T05:30:00+08:00,0.0,3,1.0,dow,11,54.02,52.89,55.2,4,Developing,0.28,0.5
2026-10-03,05:55:00,96938,54.5,Y,2026-10-03T05:30:00+08:00,0.0,3,1.0,dow,11,51.4,48.55,53.84,4,Developing,3.1,6.0
2026-10-03,05:55:00,97288,48.7,Y,2026-10-03T05:30:00+08:00,0.0,3,1.0,dow,11,50.58,49.66,51.52,4,Developing,-1.88,-3.7
2026-10-03,05:55:00,97289,48.7,Y,2026-10-03T05:30:00+08:00,0.0,3,1.0,dow,11,50.58,49.66,51.52,4,Developing,-1.88,-3.7
2026-10-03,05:55:00,97321,50.9,Y,2026-10-03T05:30:00+08:00,0.0,3,1.0,dow,11,50.9,50.9,50.9,4,Developing,0.0,0.0
2026-10-03,05:55:00,97322,46.3,Y,2026-10-03T05:30:00+08:00,0.0,3,0.999999999999999,dow,11,43.5,42.77,44.05,4,Developing,2.8,6.4
2026-10-03,05:55:00,97753,54.5,Y,2026-10-03T05:30:00+08:00,0.0,3,1.0,dow,11,51.4,48.55,53.84,4,Developing,3.1,6.0
2026-10-03,05:55:00,97755,54.1,Y,2026-10-03T05:30:00+08:00,0.0,3,0.9999999999999991,dow,11,51.25,50.6,52.25,4,Developing,2.85,5.6
2026-10-03,05:55:00,110575,67.7,Y,2026-10-03T05:30:00+08:00,6.201336799793263,3,1.000000000000001,dow,11,66.1,62.12,70.7,4,Developing,1.6,2.4
2026-10-03,05:55:00,110579,61.4,Y,2026-10-03T05:30:00+08:00,6.246744013112522,3,1.0,dow,11,56.25,54.48,59.7,4,Developing,5.15,9.2
2026-10-03,05:55:00,110580,46.7,Y,2026-10-03T05:30:00+08:00,6.194112091028045,3,1.0,dow,11,49.7,45.8,54.05,4,Developing,-3.0,-6.0
2026-10-03,05:55:00,110581,72.4,Y,2026-10-03T05:30:00+08:00,6.2510890407119994,3,1.0,dow,11,68.4,66.23,70.45,4,Developing,4.0,5.8
2026-10-03,05:55:00,110584,66.8,Y,2026-10-03T05:30:00+08:00,6.287552277002456,3,1.0,dow,11,59.5,57.25,63.7,4,Developing,7.3,12.3
2026-10-03,05:55:00,110589,67.7,Y,2026-10-03T05:30:00+08:00,6.1666722200637505,3,1.0,dow,11,66.1,62.12,70.7,4,Developing,1.6,2.4
2026-10-03,05:55:00,110591,46.7,Y,2026-10-03T05:30:00+08:00,6.1383419650736695,3,1.0,dow,11,49.7,45.8,54.05,4,Developing,-3.0,-6.0
2026-10-03,05:55:00,110592,67.7,Y,2026-10-03T05:30:00+08:00,6.136045422591807,3,1.0,dow,11,66.1,62.12,70.7,4,Developing,1.6,2.4
2026-10-03,05:55:00,110596,67.7,Y,2026-10-03T05:30:00+08:00,6.092929787156158,3,1.000000000000001,dow,11,66.1,62.12,70.7,4,Developing,1.6,2.4
2026-10-03,05:55:00,110597,46.7,Y,2026-10-03T05:30:00+08:00,6.111140209021253,3,1.0,dow,11,49.7,45.8,54.05,4,Developing,-3.0,-6.0
2026-10-03,05:55:00,110598,46.7,Y,2026-10-03T05:30:00+08:00,6.088113914784904,3,1.0,dow,11,49.7,45.8,54.05,4,Developing,-3.0,-6.0
2026-10-03,05:55:00,110602,61.6,Y,2026-10-03T05:30:00+08:00,6.02941160367722,3,1.000000000000001,dow,11,49.78,40.92,54.17,4,Developing,11.82,23.7
2026-10-03,05:55:00,110603,49.4,Y,2026-10-03T05:30:00+08:00,6.0260777116049775,3,1.0,dow,11,41.85,41.33,46.99,4,Developing,7.55,18.0
2026-10-03,05:55:00,110605,73.6,Y,2026-10-03T05:30:00+08:00,6.2950907468288815,3,1.000000000000001,dow,11,69.05,66.48,71.25,4,Developing,4.55,6.6
2026-10-03,05:55:00,93208,70,N,2026-10-03T05:30:00+08:00,5.922496103763389,3,1.0,dow,11,47.4,41.1,53.25,4,Developing,,
2026-10-03,05:55:00,93296,42.9,Y,2026-10-03T05:30:00+08:00,5.813370580394374,3,1.0,dow,11,45.85,39.08,50.65,4,Developing,-2.95,-6.4
2026-10-03,05:55:00,93297,42.9,Y,2026-10-03T05:30:00+08:00,5.903299998755094,3,1.0,dow,11,45.85,39.08,50.65,4,Developing,-2.95,-6.4
2026-10-03,05:55:00,93298,42.9,Y,2026-10-03T05:30:00+08:00,5.816405819887466,3,0.9999999999999999,dow,11,45.85,39.08,50.65,4,Developing,-2.95,-6.4
2026-10-03,05:55:00,93423,42.9,Y,2026-10-03T05:30:00+08:00,5.942644676521279,3,1.0,dow,11,45.85,39.08,50.65,4,Developing,-2.95,-6.4
2026-10-03,05:55:00,93424,42.9,Y,2026-10-03T05:30:00+08:00,5.93524246059062,3,1.0,dow,11,45.85,39.08,50.65,4,Developing,-2.95,-6.4
2026-10-03,05:55:00,96547,70,N,2026-10-03T05:30:00+08:00,5.729504575730092,3,0.999999999999999,dow,11,52.1,52.05,53.75,3,Provisional,,
2026-10-03,05:55:00,96550,57.6,Y,2026-10-03T05:30:00+08:00,5.715806024359889,3,0.9999999999999991,dow,11,54.35,52.58,56.23,4,Developing,3.25,6.0
2026-10-03,05:55:00,96551,54.0,Y,2026-10-03T05:30:00+08:00,5.639223928641426,3,0.999999999999999,dow,11,50.83,47.88,54.26,4,Developing,3.17,6.2
2026-10-03,05:55:00,110667,61.3,Y,2026-10-03T05:30:00+08:00,4.117280854798612,3,1.0,dow,11,54.5,51.15,59.92,4,Developing,6.8,12.5
2026-10-03,05:55:00,110668,65.0,Y,2026-10-03T05:30:00+08:00,4.047521147732728,3,1.0,dow,11,61.9,58.33,63.62,4,Developing,3.1,5.0
2026-10-03,05:55:00,110670,70.4,Y,2026-10-03T05:30:00+08:00,3.655304139890308,3,1.0,dow,11,59.55,57.25,67.53,4,Developing,10.85,18.2
2026-10-03,05:55:00,110687,54.5,Y,2026-10-03T05:30:00+08:00,3.623950958196306,3,1.0,dow,11,57.6,54.08,60.53,4,Developing,-3.1,-5.4
2026-10-03,05:55:00,110688,54.5,Y,2026-10-03T05:30:00+08:00,3.6167378987208223,3,0.9999999999999991,dow,11,57.6,54.08,60.53,4,Developing,-3.1,-5.4
2026-10-03,05:55:00,110689,59.0,Y,2026-10-03T05:30:00+08:00,3.6157490443583895,3,0.999999999999999,dow,11,60.85,57.79,62.45,4,Developing,-1.85,-3.0
2026-10-03,05:55:00,110690,63.4,Y,2026-10-03T05:30:00+08:00,3.623546951647089,3,1.0,dow,11,61.35,58.45,63.65,4,Developing,2.05,3.3
2026-10-03,05:55:00,110691,59.0,Y,2026-10-03T05:30:00+08:00,3.627032181962282,3,1.0,dow,11,60.85,57.79,62.45,4,Developing,-1.85,-3.0
2026-10-03,05:55:00,110707,70.4,Y,2026-10-03T05:30:00+08:00,4.020893031074068,3,1.0,dow,11,59.55,57.25,67.53,4,Developing,10.85,18.2
2026-10-03,05:55:00,110708,70,N,2026-10-03T05:30:00+08:00,4.104232027877485,3,1.0,dow,11,64.3,62.52,70.95,3,Provisional,,
2026-10-03,05:55:00,110710,34.8,Y,2026-10-03T05:30:00+08:00,4.167101677063241,3,1.0,dow,11,55.9,51.52,59.95,4,Developing,-21.1,-37.7
2026-10-03,05:55:00,110711,44.9,Y,2026-10-03T05:30:00+08:00,4.155562171898236,3,1.0,dow,11,45.3,43.9,48.02,4,Developing,-0.4,-0.9
2026-10-03,05:55:00,110712,37.9,Y,2026-10-03T05:30:00+08:00,4.165582833686503,3,1.0,dow,11,48.77,46.06,53.05,4,Developing,-10.87,-22.3
2026-10-03,05:55:00,110713,44.9,Y,2026-10-03T05:30:00+08:00,4.168461687901174,3,1.0,dow,11,45.3,43.9,48.02,4,Developing,-0.4,-0.9
2026-10-03,05:55:00,110714,37.9,Y,2026-10-03T05:30:00+08:00,4.171903235317186,3,1.000000000000001,dow,11,48.77,46.06,53.05,4,Developing,-10.87,-22.3
2026-10-03,05:55:00,110715,34.8,Y,2026-10-03T05:30:00+08:00,4.170921227906845,3,0.999999999999999,dow,11,55.9,51.52,59.95,4,Developing,-21.1,-37.7
2026-10-03,05:55:00,110716,58.5,Y,2026-10-03T05:30:00+08:00,4.220232593638437,3,1.0,dow,11,64.4,64.2,65.41,4,Developing,-5.9,-9.2
2026-10-03,05:55:00,110717,31.9,Y,2026-10-03T05:30:00+08:00,4.1797007978652365,3,1.0,dow,11,55.4,54.58,58.88,4,Developing,-23.5,-42.4
2026-10-03,05:55:00,110718,31.9,Y,2026-10-03T05:30:00+08:00,4.192739042795785,3,1.0,dow,11,55.4,54.58,58.88,4,Developing,-23.5,-42.4
2026-10-03,05:55:00,110719,31.9,Y,2026-10-03T05:30:00+08:00,4.217597404790635,3,1.0,dow,11,55.4,54.58,58.88,4,Developing,-23.5,-42.4
2026-10-03,05:55:00,110742,24.1,Y,2026-10-03T05:30:00+08:00,4.2766721190808745,3,1.0,dow,11,44.2,35.45,56.05,4,Developing,-20.1,-45.5
2026-10-03,05:55:00,110743,55.8,Y,2026-10-03T05:30:00+08:00,4.304739895704181,3,1.0,dow,11,55.5,54.61,56.76,4,Developing,0.3,0.5
2026-10-03,05:55:00,110745,20.5,Y,2026-10-03T05:30:00+08:00,4.307268840064372,3,1.0,dow,11,39.8,26.8,55.58,4,Developing,-19.3,-48.5
2026-10-03,05:55:00,110746,20.5,Y,2026-10-03T05:30:00+08:00,4.3078706491080485,3,1.000000000000001,dow,11,39.8,26.8,55.58,4,Developing,-19.3,-48.5
2026-10-03,05:55:00,110747,38.2,Y,2026-10-03T05:30:00+08:00,4.310837721332992,3,1.0,dow,11,46.0,40.35,51.72,4,Developing,-7.8,-17.0
2026-10-03,05:55:00,110748,55.8,Y,2026-10-03T05:30:00+08:00,4.313378794823194,3,0.9999999999999989,dow,11,55.5,54.61,56.76,4,Developing,0.3,0.5
2026-10-03,05:55:00,110749,38.2,Y,2026-10-03T05:30:00+08:00,4.309444212045481,3,1.0,dow,11,46.0,40.35,51.72,4,Developing,-7.8,-17.0
2026-10-03,05:55:00,110750,16.5,Y,2026-10-03T05:30:00+08:00,4.311291799470286,3,1.0,dow,11,42.4,38.58,46.5,4,Developing,-25.9,-61.1
2026-10-03,05:55:00,110752,16.5,Y,2026-10-03T05:30:00+08:00,4.317789019946203,3,0.9999999999999999,dow,11,42.4,38.58,46.5,4,Developing,-25.9,-61.1
2026-10-03,05:55:00,110753,16.5,Y,2026-10-03T05:30:00+08:00,4.3243637647965585,3,1.0,dow,11,42.4,38.58,46.5,4,Developing,-25.9,-61.1
2026-10-03,05:55:00,110754,16.5,Y,2026-10-03T05:30:00+08:00,4.070368929186012,3,1.0,dow,11,42.4,38.58,46.5,4,Developing,-25.9,-61.1
2026-10-03,05:55:00,110874,20.5,Y,2026-10-03T05:30:00+08:00,4.306504217287777,3,1.0000000000000009,dow,11,39.8,26.8,55.58,4,Developing,-19.3,-48.5
2026-10-03,05:55:00,110878,55.8,Y,2026-10-03T05:30:00+08:00,4.282034045804965,3,1.0,dow,11,55.5,54.61,56.76,4,Developing,0.3,0.5
2026-10-03,05:55:00,110879,55.8,Y,2026-10-03T05:30:00+08:00,4.290743968384691,3,0.9999999999999999,dow,11,55.5,54.61,56.76,4,Developing,0.3,0.5
2026-10-03,05:55:00,110883,31.9,Y,2026-10-03T05:30:00+08:00,4.239256133739583,3,1.0,dow,11,55.4,54.58,58.88,4,Developing,-23.5,-42.4
2026-10-03,05:55:00,110884,58.2,Y,2026-10-03T05:30:00+08:00,4.25363635393111,3,1.0,dow,11,63.12,62.52,64.19,4,Developing,-4.92,-7.8
2026-10-03,05:55:00,110889,34.8,Y,2026-10-03T05:30:00+08:00,4.136909197567933,3,1.0,dow,11,55.9,51.52,59.95,4,Developing,-21.1,-37.7
2026-10-03,05:55:00,110892,55.8,Y,2026-10-03T05:30:00+08:00,4.273292494661758,3,1.0000000000000009,dow,11,55.5,54.61,56.76,4,Developing,0.3,0.5
2026-10-03,05:55:00,110893,65.0,Y,2026-10-03T05:30:00+08:00,4.095158707052208,3,1.0,dow,11,58.85,55.67,62.18,4,Developing,6.15,10.5
2026-10-03,05:55:00,122159,70.4,Y,2026-10-03T05:30:00+08:00,4.047345254261503,3,1.0,dow,11,59.55,57.25,67.53,4,Developing,10.85,18.2
2026-10-03,05:55:00,122161,58.5,Y,2026-10-03T05:30:00+08:00,4.186406171794225,3,0.9999999999999991,dow,11,64.4,64.2,65.41,4,Developing,-5.9,-9.2
2026-10-03,05:55:00,165435,43.1,Y,2026-10-03T05:30:00+08:00,4.318584346595935,3,1.0,dow,11,38.1,38.09,40.88,4,Developing,5.0,13.1
2026-10-03,05:55:00,272870,43.1,Y,2026-10-03T05:30:00+08:00,4.07422021927109,3,1.0000000000000009,dow,11,38.1,38.09,40.88,4,Developing,5.0,13.1
2026-10-03,05:55:00,273046,55.9,Y,2026-10-03T05:30:00+08:00,3.654471224263493,3,0.9999999999999999,dow,11,60.72,58.57,62.79,4,Developing,-4.82,-7.9
2026-10-03,05:55:00,273047,70.4,Y,2026-10-03T05:30:00+08:00,4.007939385544921,3,1.0,dow,11,59.55,57.25,67.53,4,Developing,10.85,18.2
2026-10-03,05:55:00,283786,50,N,2026-10-03T05:30:00+08:00,4.071372962533788,3,1.0,dow,11,44.1,41.12,46.5,4,Developing,,
2026-10-03,05:55:00,93695,34.8,Y,2026-10-03T05:30:00+08:00,4.153094206848685,3,1.0,dow,11,55.9,51.52,59.95,4,Developing,-21.1,-37.7
2026-10-03,05:55:00,95279,63.4,Y,2026-10-03T05:30:00+08:00,3.5253005734719243,3,0.999999999999999,dow,11,61.35,58.45,63.65,4,Developing,2.05,3.3
2026-10-03,05:55:00,97087,54.5,Y,2026-10-03T05:30:00+08:00,3.524339267257444,3,1.0,dow,11,57.6,54.08,60.53,4,Developing,-3.1,-5.4
2026-10-03,05:55:00,56883,43.6,Y,2026-10-03T05:30:00+08:00,5.796729554437827,3,1.0,dow,11,44.83,44.36,45.34,4,Developing,-1.23,-2.7
2026-10-03,05:55:00,58623,11.1,Y,2026-10-03T05:30:00+08:00,5.759161034349777,3,1.0,dow,11,49.6,49.6,49.6,4,Developing,-38.5,-77.6
2026-10-03,05:55:00,59112,47.3,Y,2026-10-03T05:30:00+08:00,5.86120857921823,3,1.0,dow,11,46.8,46.65,46.95,4,Developing,0.5,1.1
2026-10-03,05:55:00,59550,54.1,Y,2026-10-03T05:30:00+08:00,5.831726853232245,3,0.9999999999999989,dow,11,57.45,56.16,58.42,4,Developing,-3.35,-5.8
2026-10-03,05:55:00,59630,39.5,Y,2026-10-03T05:30:00+08:00,5.7487002853566675,3,1.0,dow,11,43.88,43.75,44.25,4,Developing,-4.38,-10.0
2026-10-03,05:55:00,60028,39.5,Y,2026-10-03T05:30:00+08:00,5.725954730324485,3,1.0,dow,11,43.88,43.75,44.25,4,Developing,-4.38,-10.0
2026-10-03,05:55:00,60085,44.0,Y,2026-10-03T05:30:00+08:00,5.757691731106372,3,1.0,dow,11,45.27,45.02,45.47,4,Developing,-1.27,-2.8
2026-10-03,05:55:00,60103,44.0,Y,2026-10-03T05:30:00+08:00,5.753078342520693,3,1.0,dow,11,45.27,45.02,45.47,4,Developing,-1.27,-2.8
2026-10-03,05:55:00,64271,11.1,Y,2026-10-03T05:30:00+08:00,5.420979232893782,3,1.0,dow,11,49.6,49.6,49.6,4,Developing,-38.5,-77.6
2026-10-03,05:55:00,165438,48.7,Y,2026-10-03T05:30:00+08:00,0.0,3,1.0,dow,11,50.58,49.66,51.52,4,Developing,-1.88,-3.7
2026-10-03,05:55:00,93580,57.9,Y,2026-10-03T05:30:00+08:00,0.0,3,1.0,dow,11,53.25,52.2,54.5,4,Developing,4.65,8.7
2026-10-03,05:55:00,93590,58.4,Y,2026-10-03T05:30:00+08:00,0.0,3,1.0,dow,11,53.7,52.11,55.25,4,Developing,4.7,8.8
2026-10-03,05:55:00,96390,48.2,Y,2026-10-03T05:30:00+08:00,0.0,3,1.0,dow,11,46.8,45.29,47.11,4,Developing,1.4,3.0
2026-10-03,05:55:00,96887,54.3,Y,2026-10-03T05:30:00+08:00,0.0,3,1.0,dow,11,54.02,52.89,55.2,4,Developing,0.28,0.5
2026-10-03,05:55:00,97193,58.4,Y,2026-10-03T05:30:00+08:00,0.0,3,1.0,dow,11,53.7,52.11,55.25,4,Developing,4.7,8.8
2026-10-03,05:55:00,97198,48.2,Y,2026-10-03T05:30:00+08:00,0.0,3,1.0,dow,11,46.8,45.29,47.11,4,Developing,1.4,3.0
2026-10-03,05:55:00,105610,43.0,Y,2026-10-03T05:30:00+08:00,20.404436454169456,3,1.0,dow,11,46.5,46.0,47.0,4,Developing,-3.5,-7.5
2026-10-03,05:55:00,284930,43.0,Y,2026-10-03T05:30:00+08:00,20.73073932395465,3,1.0,dow,11,46.5,46.0,47.0,4,Developing,-3.5,-7.5
2026-10-03,05:55:00,284931,43.0,Y,2026-10-03T05:30:00+08:00,23.385110095079494,3,1.0,dow,11,46.5,46.0,47.0,4,Developing,-3.5,-7.5
2026-10-03,05:55:00,105209,50.0,Y,2026-10-03T05:30:00+08:00,21.73158291351749,3,0.9999999999999991,dow,11,55.0,54.62,55.0,4,Developing,-5.0,-9.1
2026-10-03,05:55:00,105211,48.6,Y,2026-10-03T05:30:00+08:00,21.734697487763146,3,1.0,dow,11,55.05,54.44,55.45,4,Developing,-6.45,-11.7
2026-10-03,05:55:00,260735,58.0,Y,2026-10-03T05:30:00+08:00,21.555433276453698,3,0.999999999999999,dow,11,59.25,58.0,60.88,4,Developing,-1.25,-2.1
2026-10-03,05:55:00,105219,19.5,Y,2026-10-03T05:30:00+08:00,21.709391692126594,3,1.0000000000000007,dow,11,26.28,25.36,27.03,4,Developing,-6.78,-25.8
2026-10-03,05:55:00,112017,50.2,Y,2026-10-03T05:30:00+08:00,19.424809027811882,3,0.9999999999999989,dow,11,49.0,48.12,50.1,4,Developing,1.2,2.4
2026-10-03,05:55:00,112060,45.9,Y,2026-10-03T05:30:00+08:00,19.353744840633077,3,1.0,dow,11,46.75,43.84,48.94,4,Developing,-0.85,-1.8
2026-10-03,05:55:00,57207,48.1,Y,2026-10-03T05:30:00+08:00,19.302488705815847,3,1.0,dow,11,46.25,44.25,48.17,4,Developing,1.85,4.0
2026-10-03,05:55:00,57663,45.9,Y,2026-10-03T05:30:00+08:00,19.273243542271956,3,1.0,dow,11,46.75,43.84,48.94,4,Developing,-0.85,-1.8
2026-10-03,05:55:00,57689,50.2,Y,2026-10-03T05:30:00+08:00,19.311720991705755,3,1.0,dow,11,49.0,48.12,50.1,4,Developing,1.2,2.4
2026-10-03,05:55:00,58561,48.1,Y,2026-10-03T05:30:00+08:00,19.286957183676513,3,1.0,dow,11,46.25,44.25,48.17,4,Developing,1.85,4.0
2026-10-03,05:55:00,58563,45.9,Y,2026-10-03T05:30:00+08:00,19.24507599537802,3,1.0,dow,11,46.75,43.84,48.94,4,Developing,-0.85,-1.8
2026-10-03,05:55:00,59038,45.9,Y,2026-10-03T05:30:00+08:00,19.230213894927093,3,1.000000000000001,dow,11,46.75,43.84,48.94,4,Developing,-0.85,-1.8
2026-10-03,05:55:00,59041,45.9,Y,2026-10-03T05:30:00+08:00,19.24490242844426,3,0.999999999999999,dow,11,46.75,43.84,48.94,4,Developing,-0.85,-1.8
2026-10-03,05:55:00,59042,45.9,Y,,,,,dow,11,46.75,43.84,48.94,4,Developing,-0.85,-1.8
2026-10-03,05:55:00,261050,113.2,Y,2026-10-03T05:30:00+08:00,1.4934579758138795,3,1.000000000000001,dow,11,85.85,79.99,97.78,4,Developing,27.35,31.9
2026-10-03,05:55:00,261052,106.5,Y,2026-10-03T05:30:00+08:00,1.402461301558261,3,1.0,dow,11,86.12,80.86,94.35,4,Developing,20.38,23.7
2026-10-03,05:55:00,261053,77.3,Y,2026-10-03T05:30:00+08:00,1.296032229182033,3,1.0,dow,11,83.05,81.88,83.61,4,Developing,-5.75,-6.9
2026-10-03,05:55:00,261054,51.4,Y,2026-10-03T05:30:00+08:00,1.30486267884987,3,1.0,dow,11,58.62,58.2,64.29,4,Developing,-7.22,-12.3
2026-10-03,05:55:00,261055,62.6,Y,2026-10-03T05:30:00+08:00,1.4294700344870555,3,0.9999999999999991,dow,11,64.8,64.5,68.25,4,Developing,-2.2,-3.4
2026-10-03,05:55:00,261056,49.8,Y,2026-10-03T05:30:00+08:00,1.483246659950811,3,1.0,dow,11,50.3,50.3,57.72,4,Developing,-0.5,-1.0
2026-10-03,05:55:00,261061,80.0,Y,2026-10-03T05:30:00+08:00,1.3547076532262912,3,1.0,dow,11,80.0,80.0,80.0,4,Developing,0.0,0.0
2026-10-03,05:55:00,261200,62.0,Y,2026-10-03T05:30:00+08:00,1.4010838501231586,3,1.0000000000000009,dow,11,62.75,60.38,68.75,4,Developing,-0.75,-1.2
2026-10-03,05:55:00,261202,21.0,Y,2026-10-03T05:30:00+08:00,1.373646523394796,3,1.0,dow,11,21.0,20.5,35.75,4,Developing,0.0,0.0
2026-10-03,05:55:00,261203,21.0,Y,2026-10-03T05:30:00+08:00,1.34366547058793,3,1.0,dow,11,21.0,20.5,35.75,4,Developing,0.0,0.0
2026-10-03,05:55:00,261799,43.0,Y,2026-10-03T05:30:00+08:00,1.661078912247587,3,1.0,dow,11,43.0,40.4,52.25,4,Developing,0.0,0.0
2026-10-03,05:55:00,261800,82.0,Y,2026-10-03T05:30:00+08:00,1.619711851466121,3,1.0,dow,11,79.18,78.41,79.93,4,Developing,2.82,3.6
2026-10-03,05:55:00,261805,103.0,Y,2026-10-03T05:30:00+08:00,1.4925231817932325,3,0.999999999999999,dow,11,94.0,90.27,96.4,4,Developing,9.0,9.6
2026-10-03,05:55:00,261806,98.5,Y,2026-10-03T05:30:00+08:00,1.433071500603365,3,1.0,dow,11,94.8,90.5,96.4,4,Developing,3.7,3.9
2026-10-03,05:55:00,261807,111.5,Y,,,,,dow,11,85.92,80.19,96.97,4,Developing,25.58,29.8
2026-10-03,05:55:00,261808,92.5,Y,2026-10-03T05:30:00+08:00,1.40019664195747,3,1.0,dow,11,87.53,84.84,89.1,4,Developing,4.97,5.7
2026-10-03,05:55:00,261810,62.1,Y,2026-10-03T05:30:00+08:00,1.548654080474746,3,1.0,dow,11,51.0,46.89,56.54,4,Developing,11.1,21.8
2026-10-03,05:55:00,261811,62.3,Y,2026-10-03T05:30:00+08:00,1.617278108057752,3,1.0,dow,11,50.0,45.46,55.64,4,Developing,12.3,24.6
2026-10-03,05:55:00,261812,95.7,Y,2026-10-03T05:30:00+08:00,1.560518279023095,3,1.0,dow,11,87.15,85.25,88.12,4,Developing,8.55,9.8
2026-10-03,05:55:00,261817,66.6,Y,2026-10-03T05:30:00+08:00,1.43563205472211,3,1.0,dow,11,66.8,66.8,70.1,4,Developing,-0.2,-0.3
2026-10-03,05:55:00,261829,103.9,Y,2026-10-03T05:30:00+08:00,1.463691466913095,3,1.0,dow,11,86.25,81.2,93.03,4,Developing,17.65,20.5
2026-10-03,05:55:00,261837,61.9,Y,2026-10-03T05:30:00+08:00,1.3768425341984039,3,1.0,dow,11,72.5,71.17,72.5,4,Developing,-10.6,-14.6
2026-10-03,05:55:00,261838,42.8,Y,2026-10-03T05:30:00+08:00,1.261657991119022,3,1.0,dow,11,54.7,52.45,59.58,4,Developing,-11.9,-21.8
2026-10-03,05:55:00,267323,47.3,Y,2026-10-03T05:30:00+08:00,1.677548594304751,3,1.0,dow,11,48.05,47.52,56.38,4,Developing,-0.75,-1.6
2026-10-03,05:55:00,261078,70.3,Y,2026-10-03T05:30:00+08:00,1.201169672365719,3,1.0,dow,11,77.4,76.8,78.47,4,Developing,-7.1,-9.2
2026-10-03,05:55:00,8821,70.3,Y,2026-10-03T05:30:00+08:00,1.189981654406111,3,1.0,dow,11,77.4,76.8,78.47,4,Developing,-7.1,-9.2
2026-10-03,05:55:00,9161,70.3,Y,2026-10-03T05:30:00+08:00,1.184584052806729,3,0.999999999999999,dow,11,77.4,76.8,78.47,4,Developing,-7.1,-9.2
2026-10-03,05:55:00,9180,76.8,Y,2026-10-03T05:30:00+08:00,1.2893906377489424,3,0.999999999999999,dow,11,67.7,66.54,67.7,4,Developing,9.1,13.4
2026-10-03,05:55:00,9860,76.8,Y,2026-10-03T05:30:00+08:00,1.308999099352749,3,1.0,dow,11,67.7,66.54,67.7,4,Developing,9.1,13.4
2026-10-03,05:55:00,8746,80,N,2026-10-03T05:30:00+08:00,7.250128103191033,3,1.0,,,,,,,,,
2026-10-03,05:55:00,107136,70,N,2026-10-03T05:30:00+08:00,18.30125840307322,3,0.999999999999999,,,,,,,,,
2026-10-03,05:55:00,103033,33.7,Y,2026-10-03T05:30:00+08:00,20.039529700227412,3,0.9999999999999999,dow,11,33.88,32.54,35.45,4,Developing,-0.18,-0.5
2026-10-03,05:55:00,103041,33.7,Y,2026-10-03T05:30:00+08:00,20.001435565864742,3,0.9999999999999999,dow,11,33.88,32.54,35.45,4,Developing,-0.18,-0.5
2026-10-03,05:55:00,103506,38.8,Y,2026-10-03T05:30:00+08:00,19.749269803825573,3,1.0,dow,11,47.7,45.85,48.05,4,Developing,-8.9,-18.7
2026-10-03,05:55:00,103507,38.8,Y,2026-10-03T05:30:00+08:00,20.188543425230584,3,1.0,dow,11,47.7,45.85,48.05,4,Developing,-8.9,-18.7
2026-10-03,05:55:00,103718,38.8,Y,2026-10-03T05:30:00+08:00,19.98173955435849,3,0.999999999999999,dow,11,47.7,45.85,48.05,4,Developing,-8.9,-18.7
2026-10-03,05:55:00,103869,33.7,Y,2026-10-03T05:30:00+08:00,20.057831695424447,3,1.0,dow,11,33.88,32.54,35.45,4,Developing,-0.18,-0.5
2026-10-03,05:55:00,103876,33.7,Y,2026-10-03T05:30:00+08:00,19.898534619788226,3,1.0000000000000009,dow,11,33.88,32.54,35.45,4,Developing,-0.18,-0.5
2026-10-03,05:55:00,270803,37.8,Y,2026-10-03T05:30:00+08:00,20.050670469447237,3,0.9999999999999999,dow,11,43.38,42.96,43.74,4,Developing,-5.58,-12.9
2026-10-03,05:55:00,100603,32.5,Y,2026-10-03T05:30:00+08:00,17.771498492928643,3,1.0000000000000009,dow,11,34.3,31.7,37.01,4,Developing,-1.8,-5.2
2026-10-03,05:55:00,164946,32.5,Y,2026-10-03T05:30:00+08:00,17.847256396649893,3,1.0,dow,11,34.3,31.7,37.01,4,Developing,-1.8,-5.2
2026-10-03,05:55:00,278223,32.5,Y,2026-10-03T05:30:00+08:00,17.74708328644749,3,0.9999999999999999,dow,11,34.3,31.7,37.01,4,Developing,-1.8,-5.2
2026-10-03,05:55:00,278224,34.0,Y,2026-10-03T05:30:00+08:00,17.74192247754028,3,1.0,dow,11,15.05,14.1,18.48,4,Developing,18.95,125.9
2026-10-03,05:55:00,100180,44.1,Y,2026-10-03T05:30:00+08:00,21.869587208885786,3,0.9999999999999991,dow,11,44.4,42.85,46.38,4,Developing,-0.3,-0.7
2026-10-03,05:55:00,100181,44.1,Y,2026-10-03T05:30:00+08:00,21.87402782398351,3,1.0,dow,11,44.4,42.85,46.38,4,Developing,-0.3,-0.7
2026-10-03,05:55:00,100182,56.6,Y,2026-10-03T05:30:00+08:00,21.904138573310156,3,1.0,dow,11,60.1,59.3,61.02,4,Developing,-3.5,-5.8
2026-10-03,05:55:00,100541,57.1,Y,2026-10-03T05:30:00+08:00,20.41739860438937,3,1.0,dow,11,57.4,57.15,57.67,4,Developing,-0.3,-0.5
2026-10-03,05:55:00,100544,57.5,Y,2026-10-03T05:30:00+08:00,20.693996106875076,3,1.0,dow,11,67.47,65.99,67.69,4,Developing,-9.97,-14.8
2026-10-03,05:55:00,100545,56.3,Y,2026-10-03T05:30:00+08:00,20.431843921206237,3,1.0,dow,11,62.95,61.3,64.03,4,Developing,-6.65,-10.6
2026-10-03,05:55:00,100547,57.5,Y,2026-10-03T05:30:00+08:00,20.650871072592768,3,1.0,dow,11,67.15,65.84,67.21,4,Developing,-9.65,-14.4
2026-10-03,05:55:00,100548,55.3,Y,2026-10-03T05:30:00+08:00,20.541452999661413,3,1.0,dow,11,65.5,62.95,67.15,4,Developing,-10.2,-15.6
2026-10-03,05:55:00,100550,57.5,Y,2026-10-03T05:30:00+08:00,20.59774056229446,3,1.0,dow,11,67.15,65.84,67.21,4,Developing,-9.65,-14.4
2026-10-03,05:55:00,100552,57.5,Y,2026-10-03T05:30:00+08:00,21.01515502501244,3,1.0,dow,11,67.52,66.06,67.62,4,Developing,-10.02,-14.8
2026-10-03,05:55:00,100555,55.2,Y,2026-10-03T05:30:00+08:00,21.01032693331364,3,1.0000000000000009,dow,11,72.1,68.54,72.81,4,Developing,-16.9,-23.4
2026-10-03,05:55:00,100556,57.3,Y,2026-10-03T05:30:00+08:00,21.079975726428426,3,0.9999999999999999,dow,11,58.33,56.1,60.75,4,Developing,-1.03,-1.8
2026-10-03,05:55:00,100561,57.5,Y,2026-10-03T05:30:00+08:00,20.53331252380244,3,1.0,dow,11,66.45,65.14,66.46,4,Developing,-8.95,-13.5
2026-10-03,05:55:00,100836,40.1,Y,2026-10-03T05:30:00+08:00,15.542418988352608,3,1.0,dow,11,53.8,50.11,54.86,4,Developing,-13.7,-25.5
2026-10-03,05:55:00,100839,61.5,Y,2026-10-03T05:30:00+08:00,20.319171447196606,3,1.0,dow,11,50.75,50.68,52.02,4,Developing,10.75,21.2
2026-10-03,05:55:00,100841,48.2,Y,2026-10-03T05:30:00+08:00,15.081770163912873,3,1.0000000000000009,dow,11,50.2,47.8,53.0,4,Developing,-2.0,-4.0
2026-10-03,05:55:00,100847,47.5,Y,2026-10-03T05:30:00+08:00,14.903216970742836,3,1.0,dow,11,50.48,48.76,52.46,4,Developing,-2.98,-5.9
2026-10-03,05:55:00,100849,44.6,Y,2026-10-03T05:30:00+08:00,14.962701407104944,3,1.0,dow,11,51.85,51.08,52.7,4,Developing,-7.25,-14.0
2026-10-03,05:55:00,100856,61.5,Y,2026-10-03T05:30:00+08:00,15.478885505869394,3,1.0,dow,11,50.75,50.68,52.02,4,Developing,10.75,21.2
2026-10-03,05:55:00,100858,44.6,Y,2026-10-03T05:30:00+08:00,14.902881819901149,3,1.0,dow,11,51.85,51.08,52.7,4,Developing,-7.25,-14.0
2026-10-03,05:55:00,100870,54.1,Y,2026-10-03T05:30:00+08:00,14.958923550746695,3,1.0,dow,11,53.32,49.24,55.65,4,Developing,0.78,1.5
2026-10-03,05:55:00,101309,60.7,Y,2026-10-03T05:30:00+08:00,21.899676954103466,3,1.0,dow,11,64.17,61.76,65.77,4,Developing,-3.47,-5.4
2026-10-03,05:55:00,101312,60.1,Y,2026-10-03T05:30:00+08:00,21.902831648628712,3,1.0,dow,11,63.45,60.99,65.08,4,Developing,-3.35,-5.3
2026-10-03,05:55:00,101325,56.3,Y,2026-10-03T05:30:00+08:00,20.32760869177236,3,1.000000000000001,dow,11,62.95,61.3,64.03,4,Developing,-6.65,-10.6
2026-10-03,05:55:00,101326,56.3,Y,2026-10-03T05:30:00+08:00,20.335036007769197,3,1.0,dow,11,62.95,61.3,64.03,4,Developing,-6.65,-10.6
2026-10-03,05:55:00,101327,57.1,Y,2026-10-03T05:30:00+08:00,20.331936000870897,3,1.0,dow,11,57.4,57.15,57.67,4,Developing,-0.3,-0.5
2026-10-03,05:55:00,101699,57.3,Y,2026-10-03T05:30:00+08:00,21.21327023639969,3,0.9999999999999999,dow,11,58.33,56.1,60.75,4,Developing,-1.03,-1.8
2026-10-03,05:55:00,101700,61.2,Y,2026-10-03T05:30:00+08:00,21.356976351773987,3,1.0,dow,11,59.47,56.06,61.11,4,Developing,1.73,2.9
2026-10-03,05:55:00,101701,53.7,Y,2026-10-03T05:30:00+08:00,21.518920296056987,3,1.0,dow,11,56.65,55.8,57.83,4,Developing,-2.95,-5.2
2026-10-03,05:55:00,101702,53.8,Y,2026-10-03T05:30:00+08:00,21.511218962260546,3,1.0,dow,11,54.55,50.02,58.64,4,Developing,-0.75,-1.4
2026-10-03,05:55:00,101703,54.9,Y,2026-10-03T05:30:00+08:00,21.350671351133098,3,1.0,dow,11,57.62,56.23,59.44,4,Developing,-2.72,-4.7
2026-10-03,05:55:00,101704,52.9,Y,2026-10-03T05:30:00+08:00,21.186484850956482,3,1.0,dow,11,60.05,58.1,60.93,4,Developing,-7.15,-11.9
2026-10-03,05:55:00,101705,52.9,Y,2026-10-03T05:30:00+08:00,21.057898026335437,3,0.9999999999999999,dow,11,60.05,58.1,60.93,4,Developing,-7.15,-11.9
2026-10-03,05:55:00,101834,57.5,Y,2026-10-03T05:30:00+08:00,20.85130854742093,3,1.000000000000001,dow,11,67.52,66.06,67.62,4,Developing,-10.02,-14.8
2026-10-03,05:55:00,101835,55.2,Y,2026-10-03T05:30:00+08:00,20.821092855119815,3,1.0,dow,11,72.1,68.54,72.81,4,Developing,-16.9,-23.4
2026-10-03,05:55:00,101867,56.3,Y,2026-10-03T05:30:00+08:00,20.38516022646183,3,0.9999999999999999,dow,11,62.95,61.3,64.03,4,Developing,-6.65,-10.6
2026-10-03,05:55:00,101899,57.1,Y,2026-10-03T05:30:00+08:00,20.36665410648849,3,1.0,dow,11,57.4,57.15,57.67,4,Developing,-0.3,-0.5
2026-10-03,05:55:00,102170,39.9,Y,2026-10-03T05:30:00+08:00,20.430592420325517,3,1.0,dow,11,41.28,40.85,41.81,4,Developing,-1.38,-3.3
2026-10-03,05:55:00,102171,44.4,Y,2026-10-03T05:30:00+08:00,20.541958193281744,3,1.0,dow,11,45.42,44.64,46.38,4,Developing,-1.02,-2.2
2026-10-03,05:55:00,103031,33.7,Y,2026-10-03T05:30:00+08:00,20.27796664335786,3,1.0,dow,11,33.88,32.54,35.45,4,Developing,-0.18,-0.5
2026-10-03,05:55:00,103039,37.8,Y,2026-10-03T05:30:00+08:00,20.182166246580735,3,1.0,dow,11,43.38,42.96,43.74,4,Developing,-5.58,-12.9
2026-10-03,05:55:00,103040,33.7,Y,2026-10-03T05:30:00+08:00,20.103535691612084,3,1.0,dow,11,33.88,32.54,35.45,4,Developing,-0.18,-0.5
2026-10-03,05:55:00,103247,44.4,Y,2026-10-03T05:30:00+08:00,20.654208251959886,3,1.0,dow,11,45.42,44.64,46.38,4,Developing,-1.02,-2.2
2026-10-03,05:55:00,103248,44.2,Y,2026-10-03T05:30:00+08:00,20.727612725692275,3,1.0,dow,11,36.43,34.89,39.03,4,Developing,7.77,21.3
2026-10-03,05:55:00,103427,37.9,Y,2026-10-03T05:30:00+08:00,20.674605299098808,3,1.0,dow,11,43.38,42.81,44.2,4,Developing,-5.48,-12.6
2026-10-03,05:55:00,103875,37.8,Y,2026-10-03T05:30:00+08:00,20.098133132755365,3,1.0,dow,11,43.38,42.96,43.74,4,Developing,-5.58,-12.9
2026-10-03,05:55:00,103879,38.8,Y,2026-10-03T05:30:00+08:00,20.371571272160637,3,1.0,dow,11,47.7,45.85,48.05,4,Developing,-8.9,-18.7
2026-10-03,05:55:00,103933,37.9,Y,2026-10-03T05:30:00+08:00,20.556604983109587,3,1.0,dow,11,43.38,42.81,44.2,4,Developing,-5.48,-12.6
2026-10-03,05:55:00,146173,55.2,Y,2026-10-03T05:30:00+08:00,20.923755216291863,3,1.0,dow,11,72.1,68.54,72.81,4,Developing,-16.9,-23.4
2026-10-03,05:55:00,146174,55.2,Y,2026-10-03T05:30:00+08:00,20.97920287061484,3,0.999999999999999,dow,11,72.1,68.54,72.81,4,Developing,-16.9,-23.4
2026-10-03,05:55:00,164021,38.1,Y,2026-10-03T05:30:00+08:00,20.44791460273899,3,0.999999999999999,dow,11,43.52,43.42,44.19,4,Developing,-5.42,-12.5
2026-10-03,05:55:00,164022,38.5,Y,2026-10-03T05:30:00+08:00,20.391102514580304,3,1.0,dow,11,45.38,43.56,46.7,4,Developing,-6.88,-15.2
2026-10-03,05:55:00,164023,33.7,Y,2026-10-03T05:30:00+08:00,20.166981568293288,3,1.0,dow,11,33.88,32.54,35.45,4,Developing,-0.18,-0.5
2026-10-03,05:55:00,164026,44.4,Y,2026-10-03T05:30:00+08:00,20.64741190520211,3,1.0,dow,11,45.42,44.64,46.38,4,Developing,-1.02,-2.2
2026-10-03,05:55:00,260133,44.1,Y,2026-10-03T05:30:00+08:00,21.894536551657964,3,1.0,dow,11,44.4,42.85,46.38,4,Developing,-0.3,-0.7
2026-10-03,05:55:00,260135,56.5,Y,2026-10-03T05:30:00+08:00,21.9099808501545,3,1.0,dow,11,59.98,59.2,60.86,4,Developing,-3.48,-5.8
2026-10-03,05:55:00,271944,57.5,Y,2026-10-03T05:30:00+08:00,20.615804955478367,3,1.0,dow,11,67.15,65.84,67.21,4,Developing,-9.65,-14.4
2026-10-03,05:55:00,271963,55.2,Y,2026-10-03T05:30:00+08:00,20.666615718462115,3,1.0000000000000009,dow,11,68.12,64.9,69.76,4,Developing,-12.92,-19.0
2026-10-03,05:55:00,274323,38.8,Y,2026-10-03T05:30:00+08:00,20.281836617873893,3,1.0,dow,11,47.7,45.85,48.05,4,Developing,-8.9,-18.7
2026-10-03,05:55:00,274343,37.8,Y,2026-10-03T05:30:00+08:00,20.147216872431983,3,1.0,dow,11,43.38,42.96,43.74,4,Developing,-5.58,-12.9
2026-10-03,05:55:00,274483,37.8,Y,2026-10-03T05:30:00+08:00,20.229811881764576,3,1.0,dow,11,43.38,42.96,43.74,4,Developing,-5.58,-12.9
2026-10-03,05:55:00,274484,38.8,Y,2026-10-03T05:30:00+08:00,20.261308652291895,3,1.0,dow,11,47.7,45.85,48.05,4,Developing,-8.9,-18.7
2026-10-03,05:55:00,1063,60.2,Y,2026-10-03T05:30:00+08:00,12.73600540809812,3,1.0000000000000009,dow,11,63.4,61.8,63.72,4,Developing,-3.2,-5.0
2026-10-03,05:55:00,1218,59.6,Y,2026-10-03T05:30:00+08:00,11.348445898880811,3,0.999999999999999,dow,11,63.53,61.35,64.28,4,Developing,-3.93,-6.2
2026-10-03,05:55:00,1301,59.6,Y,2026-10-03T05:30:00+08:00,12.536061715926634,3,1.0,dow,11,63.53,61.35,64.28,4,Developing,-3.93,-6.2
2026-10-03,05:55:00,1382,59.6,Y,2026-10-03T05:30:00+08:00,12.157923193586846,3,1.000000000000001,dow,11,63.53,61.35,64.28,4,Developing,-3.93,-6.2
2026-10-03,05:55:00,164681,65.6,Y,2026-10-03T05:30:00+08:00,12.18593752420194,3,1.0,dow,11,56.95,56.51,57.89,4,Developing,8.65,15.2
2026-10-03,05:55:00,164690,65.6,Y,2026-10-03T05:30:00+08:00,12.663521500697705,3,1.0,dow,11,56.95,56.51,57.89,4,Developing,8.65,15.2
2026-10-03,05:55:00,1824,61.2,Y,2026-10-03T05:30:00+08:00,13.283388871695838,3,0.9999999999999989,dow,11,63.65,63.4,63.96,4,Developing,-2.45,-3.8
2026-10-03,05:55:00,2062,61.2,Y,2026-10-03T05:30:00+08:00,13.028273487987454,3,0.999999999999999,dow,11,63.65,63.4,63.96,4,Developing,-2.45,-3.8
2026-10-03,05:55:00,2193,65.6,Y,2026-10-03T05:30:00+08:00,11.523466575678556,3,1.0000000000000009,dow,11,56.95,56.51,57.89,4,Developing,8.65,15.2
2026-10-03,05:55:00,2510,65.6,Y,2026-10-03T05:30:00+08:00,12.112197782917216,3,0.999999999999999,dow,11,56.95,56.51,57.89,4,Developing,8.65,15.2
2026-10-03,05:55:00,261761,65.6,Y,2026-10-03T05:30:00+08:00,12.683274584809698,3,1.0,dow,11,56.95,56.51,57.89,4,Developing,8.65,15.2
2026-10-03,05:55:00,2875,65.6,Y,2026-10-03T05:30:00+08:00,11.697804119544024,3,1.0,dow,11,56.95,56.51,57.89,4,Developing,8.65,15.2
2026-10-03,05:55:00,3205,61.2,Y,2026-10-03T05:30:00+08:00,12.936458729203029,3,1.0,dow,11,63.65,63.4,63.96,4,Developing,-2.45,-3.8
2026-10-03,05:55:00,3235,65.6,Y,2026-10-03T05:30:00+08:00,12.076949406863694,3,1.0,dow,11,56.95,56.51,57.89,4,Developing,8.65,15.2
2026-10-03,05:55:00,3268,65.6,Y,2026-10-03T05:30:00+08:00,12.079779160912647,3,1.0,dow,11,56.95,56.51,57.89,4,Developing,8.65,15.2
2026-10-03,05:55:00,3916,65.6,Y,2026-10-03T05:30:00+08:00,12.180273787079951,3,1.0,dow,11,56.95,56.51,57.89,4,Developing,8.65,15.2
2026-10-03,05:55:00,4164,60.0,Y,2026-10-03T05:30:00+08:00,12.801319562915975,3,1.0000000000000009,dow,11,63.5,61.7,63.96,4,Developing,-3.5,-5.5
2026-10-03,05:55:00,4280,59.6,Y,2026-10-03T05:30:00+08:00,11.67209914478858,3,1.000000000000001,dow,11,63.53,61.35,64.28,4,Developing,-3.93,-6.2
2026-10-03,05:55:00,612,59.6,Y,2026-10-03T05:30:00+08:00,12.081244183690465,3,1.0000000000000009,dow,11,63.53,61.35,64.28,4,Developing,-3.93,-6.2
2026-10-03,05:55:00,712,65.6,Y,2026-10-03T05:30:00+08:00,12.162131856248815,3,1.0,dow,11,56.95,56.51,57.89,4,Developing,8.65,15.2
2026-10-03,05:55:00,766,59.6,Y,2026-10-03T05:30:00+08:00,12.16529337524011,3,1.0,dow,11,63.53,61.35,64.28,4,Developing,-3.93,-6.2
2026-10-03,05:55:00,140,17.3,Y,2026-10-03T05:30:00+08:00,11.39667632782923,3,0.9999999999999999,dow,11,26.77,22.61,31.17,4,Developing,-9.47,-35.4
2026-10-03,05:55:00,196,17.3,Y,2026-10-03T05:30:00+08:00,11.622145586775805,3,1.0,dow,11,26.77,22.61,31.17,4,Developing,-9.47,-35.4
2026-10-03,05:55:00,303,17.3,Y,2026-10-03T05:30:00+08:00,11.28347707725871,3,0.9999999999999991,dow,11,26.77,22.61,31.17,4,Developing,-9.47,-35.4
2026-10-03,05:55:00,518,44.2,Y,2026-10-03T05:30:00+08:00,11.05876441341621,3,1.0,dow,11,48.1,47.25,48.49,4,Developing,-3.9,-8.1
2026-10-03,05:55:00,5523,17.3,Y,2026-10-03T05:30:00+08:00,11.501010271917743,3,0.9999999999999991,dow,11,26.77,22.61,31.17,4,Developing,-9.47,-35.4
2026-10-03,05:55:00,171,38.9,Y,2026-10-03T05:30:00+08:00,17.011327669167866,3,1.0,dow,11,41.83,39.48,43.91,4,Developing,-2.93,-7.0
2026-10-03,05:55:00,275784,41.5,Y,2026-10-03T05:30:00+08:00,16.835309294933214,3,1.0,dow,11,41.35,38.42,44.45,4,Developing,0.15,0.4
2026-10-03,05:55:00,275785,44.0,Y,2026-10-03T05:30:00+08:00,17.009570723028414,3,1.0,dow,11,40.7,39.88,41.88,4,Developing,3.3,8.1
2026-10-03,05:55:00,275790,44.0,Y,2026-10-03T05:30:00+08:00,17.028474158616653,3,1.0,dow,11,40.7,39.88,41.88,4,Developing,3.3,8.1
2026-10-03,05:55:00,276050,44.0,Y,2026-10-03T05:30:00+08:00,17.014292195866663,3,1.0,dow,11,40.7,39.88,41.88,4,Developing,3.3,8.1
2026-10-03,05:55:00,276051,41.5,Y,2026-10-03T05:30:00+08:00,17.01019601829784,3,1.0,dow,11,41.35,38.42,44.45,4,Developing,0.15,0.4
2026-10-03,05:55:00,276054,41.5,Y,2026-10-03T05:30:00+08:00,17.023518181719744,3,1.0,dow,11,41.35,38.42,44.45,4,Developing,0.15,0.4
2026-10-03,05:55:00,4336,44.0,Y,2026-10-03T05:30:00+08:00,16.626708449436133,3,0.999999999999999,dow,11,40.7,39.88,41.88,4,Developing,3.3,8.1
2026-10-03,05:55:00,4337,41.5,Y,2026-10-03T05:30:00+08:00,16.63240082810078,3,1.0,dow,11,42.62,40.65,44.41,4,Developing,-1.12,-2.6
2026-10-03,05:55:00,4712,44.0,Y,2026-10-03T05:30:00+08:00,16.646699277055703,3,1.0,dow,11,40.7,39.88,41.88,4,Developing,3.3,8.1
2026-10-03,05:55:00,5650,44.0,Y,2026-10-03T05:30:00+08:00,16.840331038020302,3,0.9999999999999989,dow,11,40.7,39.88,41.88,4,Developing,3.3,8.1
2026-10-03,05:55:00,58752,45.3,Y,2026-10-03T05:30:00+08:00,0.0,3,1.0,dow,11,41.5,38.19,44.46,4,Developing,3.8,9.2
2026-10-03,05:55:00,59458,41.7,Y,2026-10-03T05:30:00+08:00,0.0,3,0.9999999999999991,dow,11,38.52,37.73,39.34,4,Developing,3.18,8.3
2026-10-03,05:55:00,59772,41.7,Y,2026-10-03T05:30:00+08:00,0.0,3,1.0,dow,11,38.52,37.73,39.34,4,Developing,3.18,8.3
2026-10-03,05:55:00,60338,88.0,Y,2026-10-03T05:30:00+08:00,0.0,3,1.0,dow,11,75.88,72.75,78.44,4,Developing,12.12,16.0
2026-10-03,05:55:00,60744,60.4,Y,2026-10-03T05:30:00+08:00,0.0,3,1.0,dow,11,63.93,63.11,65.14,4,Developing,-3.53,-5.5
2026-10-03,05:55:00,106709,31.5,Y,2026-10-03T05:30:00+08:00,23.464906972001966,3,1.0,dow,11,51.17,48.0,54.4,4,Developing,-19.67,-38.4
2026-10-03,05:55:00,107158,31.5,Y,2026-10-03T05:30:00+08:00,22.449440394330082,3,0.9999999999999999,dow,11,51.17,48.0,54.4,4,Developing,-19.67,-38.4
2026-10-03,05:55:00,96783,54.3,Y,2026-10-03T05:30:00+08:00,0.0,3,1.000000000000001,dow,11,54.02,52.89,55.2,4,Developing,0.28,0.5
2026-10-03,05:55:00,262782,61.2,Y,2026-10-03T05:30:00+08:00,13.648678966037142,3,1.0,dow,11,63.65,63.4,63.96,4,Developing,-2.45,-3.8
2026-10-03,05:55:00,1695,46.6,Y,2026-10-03T05:30:00+08:00,14.711389400381842,3,0.9999999999999991,dow,11,50.85,50.8,51.77,4,Developing,-4.25,-8.4
2026-10-03,05:55:00,3578,46.6,Y,2026-10-03T05:30:00+08:00,14.672200581898473,3,1.0,dow,11,50.85,50.8,51.77,4,Developing,-4.25,-8.4
2026-10-03,05:55:00,106789,24.5,Y,2026-10-03T05:30:00+08:00,19.328239013041564,3,1.0,dow,11,25.8,24.23,26.56,4,Developing,-1.3,-5.0
2026-10-03,05:55:00,106792,24.5,Y,2026-10-03T05:30:00+08:00,19.403614441063567,3,0.9999999999999991,dow,11,25.8,24.23,26.56,4,Developing,-1.3,-5.0
2026-10-03,05:55:00,106793,24.5,Y,2026-10-03T05:30:00+08:00,19.29195596760158,3,1.0,dow,11,25.8,24.23,26.56,4,Developing,-1.3,-5.0
2026-10-03,05:55:00,107182,24.5,Y,2026-10-03T05:30:00+08:00,19.513079561097378,3,1.0,dow,11,25.8,24.23,26.56,4,Developing,-1.3,-5.0
2026-10-03,05:55:00,107183,24.5,Y,2026-10-03T05:30:00+08:00,19.20145083485302,3,1.0,dow,11,25.8,24.23,26.56,4,Developing,-1.3,-5.0
2026-10-03,05:55:00,95968,60.2,Y,2026-10-03T05:30:00+08:00,0.0,3,1.000000000000001,dow,11,56.55,56.15,56.62,4,Developing,3.65,6.5
2026-10-03,05:55:00,95971,69.1,Y,2026-10-03T05:30:00+08:00,0.0,3,1.0,dow,11,74.22,73.01,74.88,4,Developing,-5.12,-6.9
2026-10-03,05:55:00,97124,62.2,Y,2026-10-03T05:30:00+08:00,0.0,3,1.000000000000001,dow,11,59.78,58.02,61.11,4,Developing,2.42,4.0
2026-10-03,05:55:00,97125,69.8,Y,2026-10-03T05:30:00+08:00,0.0,3,1.0,dow,11,74.38,73.36,74.86,4,Developing,-4.58,-6.2
2026-10-03,05:55:00,103655,47.3,Y,2026-10-03T05:30:00+08:00,20.427775348975704,3,0.9999999999999999,dow,11,68.92,68.65,69.11,4,Developing,-21.62,-31.4
2026-10-03,05:55:00,3612,44.8,Y,2026-10-03T05:30:00+08:00,18.570750318694618,3,1.0,dow,11,52.75,51.9,54.1,4,Developing,-7.95,-15.1
2026-10-03,05:55:00,6194,49.8,Y,2026-10-03T05:30:00+08:00,18.628254325651852,3,1.0,dow,11,50.4,49.12,51.2,4,Developing,-0.6,-1.2
2026-10-03,05:55:00,275886,23.2,Y,2026-10-03T05:30:00+08:00,1.9936271304653188,3,0.9999999999999996,dow,11,41.45,36.98,47.1,4,Developing,-18.25,-44.0
2026-10-03,05:55:00,275887,39.2,Y,2026-10-03T05:30:00+08:00,1.9933311326139755,3,0.9999999999999999,dow,11,41.18,37.18,44.31,4,Developing,-1.98,-4.8
2026-10-03,05:55:00,60893,31.6,Y,2026-10-03T05:30:00+08:00,1.993744880670996,3,1.0000000000000004,dow,11,45.9,43.56,47.9,4,Developing,-14.3,-31.2
2026-10-03,05:55:00,61128,23.2,Y,2026-10-03T05:30:00+08:00,1.9924493508821786,3,0.9999999999999997,dow,11,46.75,43.6,48.44,4,Developing,-23.55,-50.4
2026-10-03,05:55:00,62883,39.2,Y,2026-10-03T05:30:00+08:00,1.9908648578403136,3,1.0000000000000004,dow,11,41.18,37.18,44.31,4,Developing,-1.98,-4.8
2026-10-03,05:55:00,104687,19.5,Y,2026-10-03T05:30:00+08:00,21.765519697123636,3,1.0,dow,11,26.28,25.36,27.03,4,Developing,-6.78,-25.8
2026-10-03,05:55:00,104995,19.5,Y,2026-10-03T05:30:00+08:00,21.874134894252354,3,0.9999999999999998,dow,11,26.28,25.36,27.03,4,Developing,-6.78,-25.8
2026-10-03,05:55:00,104996,19.5,Y,2026-10-03T05:30:00+08:00,21.991693258285306,3,0.9999999999999999,dow,11,26.28,25.36,27.03,4,Developing,-6.78,-25.8
2026-10-03,05:55:00,105437,13.3,Y,2026-10-03T05:30:00+08:00,19.676793792503034,3,1.0,dow,11,27.75,20.17,35.32,2,Provisional,-14.45,-52.1
2026-10-03,05:55:00,112220,47.0,Y,2026-10-03T05:30:00+08:00,13.332631230823747,3,0.9999999999999989,dow,11,48.5,47.81,48.81,4,Developing,-1.5,-3.1
2026-10-03,05:55:00,120266,43.6,Y,2026-10-03T05:30:00+08:00,17.35733704149542,3,1.0,dow,11,53.67,51.61,55.09,4,Developing,-10.07,-18.8
2026-10-03,05:55:00,120267,39.9,Y,2026-10-03T05:30:00+08:00,17.38433539620917,3,1.0,dow,11,56.45,52.6,59.05,4,Developing,-16.55,-29.3
2026-10-03,05:55:00,126,46.7,Y,2026-10-03T05:30:00+08:00,17.198711418294376,3,0.999999999999999,dow,11,51.3,50.55,52.11,4,Developing,-4.6,-9.0
2026-10-03,05:55:00,127914,51.2,Y,2026-10-03T05:30:00+08:00,17.223184072160585,3,1.0,dow,11,46.58,45.6,47.51,4,Developing,4.62,9.9
2026-10-03,05:55:00,163767,62.5,Y,2026-10-03T05:30:00+08:00,13.696454993735552,3,1.0,dow,11,61.77,61.49,61.84,4,Developing,0.73,1.2
2026-10-03,05:55:00,163777,49.0,Y,2026-10-03T05:30:00+08:00,17.17340191780532,3,1.0000000000000009,dow,11,49.2,48.77,49.75,4,Developing,-0.2,-0.4
2026-10-03,05:55:00,1678,50.0,Y,2026-10-03T05:30:00+08:00,13.91997623794813,3,1.0,dow,11,49.25,48.12,50.0,4,Developing,0.75,1.5
2026-10-03,05:55:00,260332,45.6,Y,2026-10-03T05:30:00+08:00,17.08728596246282,3,0.999999999999999,dow,11,50.02,48.45,51.84,4,Developing,-4.42,-8.8
2026-10-03,05:55:00,2758,61.5,Y,2026-10-03T05:30:00+08:00,12.467175965317885,3,1.0,dow,11,55.55,53.08,58.08,4,Developing,5.95,10.7
2026-10-03,05:55:00,2879,61.5,Y,2026-10-03T05:30:00+08:00,15.829880504708248,3,0.999999999999999,dow,11,55.55,53.08,58.08,4,Developing,5.95,10.7
2026-10-03,05:55:00,3527,47.0,Y,2026-10-03T05:30:00+08:00,12.899920061189203,3,1.0,dow,11,48.5,47.81,48.81,4,Developing,-1.5,-3.1
2026-10-03,05:55:00,3535,39.9,Y,2026-10-03T05:30:00+08:00,16.944521917855013,3,1.0,dow,11,56.45,52.6,59.05,4,Developing,-16.55,-29.3
2026-10-03,05:55:00,3557,46.5,Y,2026-10-03T05:30:00+08:00,14.151198623375892,3,1.0000000000000009,dow,11,44.1,43.99,44.25,4,Developing,2.4,5.4
2026-10-03,05:55:00,3724,53.5,Y,2026-10-03T05:30:00+08:00,15.133622798007414,3,1.0,dow,11,53.5,53.17,53.78,4,Developing,0.0,0.0
2026-10-03,05:55:00,3836,39.9,Y,2026-10-03T05:30:00+08:00,16.98272074655409,3,0.999999999999999,dow,11,56.45,52.6,59.05,4,Developing,-16.55,-29.3
2026-10-03,05:55:00,3885,46.7,Y,2026-10-03T05:30:00+08:00,17.289320492160634,3,1.0,dow,11,51.3,50.55,52.11,4,Developing,-4.6,-9.0
2026-10-03,05:55:00,4294,39.9,Y,2026-10-03T05:30:00+08:00,17.244490241916676,3,1.0,dow,11,56.45,52.6,59.05,4,Developing,-16.55,-29.3
2026-10-03,05:55:00,4301,61.5,Y,2026-10-03T05:30:00+08:00,14.569214821829071,3,1.0,dow,11,55.55,53.08,58.08,4,Developing,5.95,10.7
2026-10-03,05:55:00,4348,69.3,Y,2026-10-03T05:30:00+08:00,16.63022630024372,3,1.0,dow,11,62.7,61.76,66.85,4,Developing,6.6,10.5
2026-10-03,05:55:00,4732,39.9,Y,2026-10-03T05:30:00+08:00,16.552243211120693,3,0.999999999999999,dow,11,56.45,52.6,59.05,4,Developing,-16.55,-29.3
2026-10-03,05:55:00,4735,77.0,Y,2026-10-03T05:30:00+08:00,16.41924842562537,3,1.0,dow,11,68.0,66.67,70.93,4,Developing,9.0,13.2
2026-10-03,05:55:00,4739,65.7,Y,2026-10-03T05:30:00+08:00,16.816654622179573,3,1.0,dow,11,59.0,58.2,62.55,4,Developing,6.7,11.4
2026-10-03,05:55:00,4950,61.5,Y,2026-10-03T05:30:00+08:00,13.760753238549725,3,1.0,dow,11,55.55,53.08,58.08,4,Developing,5.95,10.7
2026-10-03,05:55:00,5135,61.5,Y,2026-10-03T05:30:00+08:00,12.768325167281622,3,1.0,dow,11,55.55,53.08,58.08,4,Developing,5.95,10.7
2026-10-03,05:55:00,5242,62.1,Y,2026-10-03T05:30:00+08:00,16.098254310437568,3,1.0,dow,11,67.97,67.7,68.44,4,Developing,-5.87,-8.6
2026-10-03,05:55:00,5243,52.0,Y,2026-10-03T05:30:00+08:00,16.09217042121707,3,1.0,dow,11,53.55,46.27,58.02,4,Developing,-1.55,-2.9
2026-10-03,05:55:00,5319,61.5,Y,2026-10-03T05:30:00+08:00,13.577458093990614,3,1.0,dow,11,55.55,53.08,58.08,4,Developing,5.95,10.7
2026-10-03,05:55:00,5707,20.5,Y,2026-10-03T05:30:00+08:00,16.762586455544156,3,0.999999999999999,dow,11,34.15,31.86,36.92,4,Developing,-13.65,-40.0
2026-10-03,05:55:00,64906,57.9,Y,2026-10-03T05:30:00+08:00,14.3680493944631,3,1.0,dow,11,55.38,55.01,55.5,4,Developing,2.52,4.6
2026-10-03,05:55:00,64918,52.0,Y,2026-10-03T05:30:00+08:00,15.27678157974472,3,0.9999999999999999,dow,11,53.55,46.27,58.02,4,Developing,-1.55,-2.9
2026-10-03,05:55:00,64919,62.1,Y,2026-10-03T05:30:00+08:00,15.616161215559583,3,1.0,dow,11,67.97,67.7,68.44,4,Developing,-5.87,-8.6
2026-10-03,05:55:00,64920,55.7,Y,2026-10-03T05:30:00+08:00,15.297125791082784,3,1.0,dow,11,57.7,57.2,58.31,4,Developing,-2.0,-3.5
2026-10-03,05:55:00,64921,65.6,Y,2026-10-03T05:30:00+08:00,15.683505824012496,3,1.0,dow,11,70.5,69.33,71.95,4,Developing,-4.9,-7.0
2026-10-03,05:55:00,64922,62.1,Y,2026-10-03T05:30:00+08:00,15.605033554707525,3,1.0,dow,11,67.97,67.7,68.44,4,Developing,-5.87,-8.6
2026-10-03,05:55:00,835,64.7,Y,2026-10-03T05:30:00+08:00,13.815452327687055,3,1.0,dow,11,63.52,63.36,63.65,4,Developing,1.18,1.9
2026-10-03,05:55:00,1048,52.7,Y,2026-10-03T05:30:00+08:00,11.629489081248945,3,1.0,dow,11,51.8,51.7,52.4,4,Developing,0.9,1.7
2026-10-03,05:55:00,1337,65.6,Y,2026-10-03T05:30:00+08:00,12.039844870284707,3,1.0,dow,11,56.95,56.51,57.89,4,Developing,8.65,15.2
2026-10-03,05:55:00,1828,59.6,Y,2026-10-03T05:30:00+08:00,11.977955010454572,3,1.0,dow,11,63.53,61.35,64.28,4,Developing,-3.93,-6.2
2026-10-03,05:55:00,1875,51.7,Y,2026-10-03T05:30:00+08:00,11.328945613072714,3,1.0,dow,11,51.3,51.02,51.62,4,Developing,0.4,0.8
2026-10-03,05:55:00,2161,46.6,Y,2026-10-03T05:30:00+08:00,11.921233503172083,3,1.0000000000000009,dow,11,47.2,46.98,47.49,4,Developing,-0.6,-1.3
2026-10-03,05:55:00,2374,61.5,Y,2026-10-03T05:30:00+08:00,12.1930077542909,3,1.0,dow,11,55.55,53.08,58.08,4,Developing,5.95,10.7
2026-10-03,05:55:00,2880,62.5,Y,2026-10-03T05:30:00+08:00,11.69973670045815,3,1.0,dow,11,62.25,61.59,63.12,4,Developing,0.25,0.4
2026-10-03,05:55:00,3169,17.3,Y,2026-10-03T05:30:00+08:00,11.770424683469425,3,1.0,dow,11,26.77,22.61,31.17,4,Developing,-9.47,-35.4
2026-10-03,05:55:00,3487,45.2,Y,2026-10-03T05:30:00+08:00,11.456474211762295,3,1.0,dow,11,44.67,44.33,45.21,4,Developing,0.53,1.2
2026-10-03,05:55:00,3540,62.9,Y,2026-10-03T05:30:00+08:00,11.668763166179838,3,1.0,dow,11,66.05,65.91,66.4,4,Developing,-3.15,-4.8
2026-10-03,05:55:00,3889,44.9,Y,2026-10-03T05:30:00+08:00,12.50001762917605,3,1.0,dow,11,47.8,47.22,48.49,4,Developing,-2.9,-6.1
2026-10-03,05:55:00,3904,26.2,Y,2026-10-03T05:30:00+08:00,11.927845309987276,3,1.0,dow,11,31.17,28.68,34.34,4,Developing,-4.97,-15.9
2026-10-03,05:55:00,4060,62.9,Y,2026-10-03T05:30:00+08:00,11.868956668813333,3,1.0,dow,11,66.05,65.91,66.4,4,Developing,-3.15,-4.8
2026-10-03,05:55:00,451,57.4,Y,2026-10-03T05:30:00+08:00,11.967378577113005,3,1.000000000000001,dow,11,52.45,51.54,53.21,4,Developing,4.95,9.4
2026-10-03,05:55:00,5009,55.0,Y,2026-10-03T05:30:00+08:00,11.299411169289328,3,1.0,dow,11,55.0,55.0,55.0,4,Developing,0.0,0.0
2026-10-03,05:55:00,5010,62.9,Y,2026-10-03T05:30:00+08:00,11.456552576113298,3,0.9999999999999999,dow,11,66.05,65.91,66.4,4,Developing,-3.15,-4.8
2026-10-03,05:55:00,5245,62.9,Y,2026-10-03T05:30:00+08:00,11.284421294935665,3,0.999999999999999,dow,11,66.05,65.91,66.4,4,Developing,-3.15,-4.8
2026-10-03,05:55:00,5297,55.0,Y,2026-10-03T05:30:00+08:00,11.432125915643887,3,1.0,dow,11,55.0,55.0,55.0,4,Developing,0.0,0.0
2026-10-03,05:55:00,263001,80.0,Y,2026-10-03T05:30:00+08:00,0.0,3,1.0,dow,11,80.0,80.0,80.0,4,Developing,0.0,0.0
2026-10-03,05:55:00,263002,80.0,Y,2026-10-03T05:30:00+08:00,0.0,3,1.0,dow,11,80.0,80.0,80.0,4,Developing,0.0,0.0
2026-10-03,05:55:00,263003,80.0,Y,2026-10-03T05:30:00+08:00,0.0,3,0.9999999999999999,dow,11,79.83,79.74,79.93,4,Developing,0.17,0.2
2026-10-03,05:55:00,263005,80.0,Y,2026-10-03T05:30:00+08:00,0.0,3,1.0,dow,11,80.0,80.0,80.0,4,Developing,0.0,0.0
2026-10-03,05:55:00,263006,80.0,Y,2026-10-03T05:30:00+08:00,0.0,3,1.0000000000000009,dow,11,80.0,80.0,80.0,4,Developing,0.0,0.0
2026-10-03,05:55:00,263007,76.8,Y,2026-10-03T05:30:00+08:00,0.0,3,1.0,dow,11,80.0,80.0,80.0,4,Developing,-3.2,-4.0
2026-10-03,05:55:00,263008,82.5,Y,2026-10-03T05:30:00+08:00,0.0,3,1.0,dow,11,82.5,82.5,82.5,4,Developing,0.0,0.0
2026-10-03,05:55:00,263009,89.5,Y,2026-10-03T05:30:00+08:00,0.0,3,1.0,dow,11,89.5,89.3,89.5,4,Developing,0.0,0.0
2026-10-03,05:55:00,263010,95.5,Y,2026-10-03T05:30:00+08:00,0.0,3,1.0,dow,11,93.75,93.55,94.11,4,Developing,1.75,1.9
2026-10-03,05:55:00,263012,80.0,Y,2026-10-03T05:30:00+08:00,0.0,3,1.0,dow,11,94.4,94.3,94.4,4,Developing,-14.4,-15.3
2026-10-03,05:55:00,263019,80.0,Y,2026-10-03T05:30:00+08:00,0.0,3,1.0,dow,11,80.0,80.0,80.0,4,Developing,0.0,0.0
2026-10-03,05:55:00,263020,80.5,Y,2026-10-03T05:30:00+08:00,0.0,3,0.9999999999999991,dow,11,80.9,80.9,80.9,4,Developing,-0.4,-0.5
2026-10-03,05:55:00,263021,80.0,Y,2026-10-03T05:30:00+08:00,0.0,3,1.000000000000001,dow,11,80.0,80.0,80.0,4,Developing,0.0,0.0
2026-10-03,05:55:00,263022,76.3,Y,2026-10-03T05:30:00+08:00,0.0,3,1.0,dow,11,80.0,80.0,80.0,4,Developing,-3.7,-4.6
2026-10-03,05:55:00,263023,80.0,Y,2026-10-03T05:30:00+08:00,0.0,3,1.0,dow,11,80.0,80.0,80.0,4,Developing,0.0,0.0
2026-10-03,05:55:00,263024,75.2,Y,2026-10-03T05:30:00+08:00,0.0,3,1.0,dow,11,80.0,79.88,80.0,4,Developing,-4.8,-6.0
2026-10-03,05:55:00,263025,80.0,Y,2026-10-03T05:30:00+08:00,0.0,3,0.999999999999999,dow,11,80.0,80.0,80.0,4,Developing,0.0,0.0
2026-10-03,05:55:00,263026,74.3,Y,2026-10-03T05:30:00+08:00,0.0,3,1.0,dow,11,80.0,79.95,80.0,4,Developing,-5.7,-7.1
2026-10-03,05:55:00,263029,80.0,Y,2026-10-03T05:30:00+08:00,0.0,3,1.0,dow,11,80.0,80.0,80.0,4,Developing,0.0,0.0
2026-10-03,05:55:00,263030,76.1,Y,2026-10-03T05:30:00+08:00,0.0,3,0.999999999999999,dow,11,80.0,80.0,80.0,4,Developing,-3.9,-4.9
2026-10-03,05:55:00,263158,80.0,Y,2026-10-03T05:30:00+08:00,0.0,3,1.0,dow,11,80.0,80.0,80.0,4,Developing,0.0,0.0
2026-10-03,05:55:00,263159,80.0,Y,2026-10-03T05:30:00+08:00,0.0,3,0.9999999999999999,dow,11,80.0,80.0,80.0,4,Developing,0.0,0.0
2026-10-03,05:55:00,263160,74.1,Y,2026-10-03T05:30:00+08:00,0.0,3,1.0,dow,11,80.0,79.94,80.0,4,Developing,-5.9,-7.4
2026-10-03,05:55:00,263161,80.0,Y,2026-10-03T05:30:00+08:00,0.0,3,1.0,dow,11,80.0,80.0,80.0,4,Developing,0.0,0.0
2026-10-03,05:55:00,263170,80.0,Y,2026-10-03T05:30:00+08:00,0.0,3,0.9999999999999999,dow,11,80.0,80.0,80.0,4,Developing,0.0,0.0
2026-10-03,05:55:00,263179,80.0,Y,2026-10-03T05:30:00+08:00,0.0,3,1.0,dow,11,80.0,80.0,80.0,4,Developing,0.0,0.0
2026-10-03,05:55:00,263180,80.0,Y,2026-10-03T05:30:00+08:00,0.0,3,0.9999999999999999,dow,11,80.0,80.0,80.0,4,Developing,0.0,0.0
2026-10-03,05:55:00,263181,76.4,Y,2026-10-03T05:30:00+08:00,0.0,3,1.0,dow,11,80.0,80.0,80.0,4,Developing,-3.6,-4.5
2026-10-03,05:55:00,263182,75.6,Y,2026-10-03T05:30:00+08:00,0.0,3,1.0,dow,11,80.0,80.0,80.0,4,Developing,-4.4,-5.5
2026-10-03,05:55:00,263191,78.5,Y,2026-10-03T05:30:00+08:00,0.0,3,1.0,dow,11,79.7,78.94,80.24,4,Developing,-1.2,-1.5
2026-10-03,05:55:00,263192,73.0,Y,2026-10-03T05:30:00+08:00,0.0,3,1.0,dow,11,78.5,78.12,81.25,4,Developing,-5.5,-7.0
2026-10-03,05:55:00,263242,89.7,Y,2026-10-03T05:30:00+08:00,0.0,3,1.000000000000001,dow,11,89.7,89.51,89.7,4,Developing,0.0,0.0
2026-10-03,05:55:00,263243,80.0,Y,2026-10-03T05:30:00+08:00,0.0,3,1.0,dow,11,80.0,80.0,80.0,4,Developing,0.0,0.0
2026-10-03,05:55:00,263263,80.0,Y,2026-10-03T05:30:00+08:00,0.0,3,1.0,dow,11,80.0,80.0,80.0,4,Developing,0.0,0.0
2026-10-03,05:55:00,263264,94.6,Y,2026-10-03T05:30:00+08:00,0.0,3,1.000000000000001,dow,11,94.25,92.53,94.6,4,Developing,0.35,0.4
2026-10-03,05:55:00,263265,90.0,Y,2026-10-03T05:30:00+08:00,0.0,3,1.0,dow,11,89.75,88.0,90.0,4,Developing,0.25,0.3
2026-10-03,05:55:00,263266,80.0,Y,2026-10-03T05:30:00+08:00,0.0,3,1.0,dow,11,80.0,80.0,80.0,4,Developing,0.0,0.0
2026-10-03,05:55:00,263267,95.5,Y,2026-10-03T05:30:00+08:00,0.0,3,1.0,dow,11,92.0,91.38,92.7,4,Developing,3.5,3.8
2026-10-03,05:55:00,263268,80.0,Y,2026-10-03T05:30:00+08:00,0.0,3,1.0,dow,11,80.0,80.0,80.0,4,Developing,0.0,0.0
2026-10-03,05:55:00,263269,97.6,Y,2026-10-03T05:30:00+08:00,0.0,3,1.000000000000001,dow,11,94.88,94.35,95.45,4,Developing,2.72,2.9
2026-10-03,05:55:00,263270,80.0,Y,2026-10-03T05:30:00+08:00,0.0,3,1.0,dow,11,100.0,100.0,100.0,4,Developing,-20.0,-20.0
2026-10-03,05:55:00,263271,80.0,Y,2026-10-03T05:30:00+08:00,0.0,3,1.0,dow,11,100.0,100.0,100.0,4,Developing,-20.0,-20.0
2026-10-03,05:55:00,263272,97.1,Y,2026-10-03T05:30:00+08:00,0.0,3,1.0,dow,11,96.7,95.7,97.1,4,Developing,0.4,0.4
2026-10-03,05:55:00,263273,80.0,Y,2026-10-03T05:30:00+08:00,0.0,3,1.0,dow,11,100.0,100.0,100.0,4,Developing,-20.0,-20.0
2026-10-03,05:55:00,263274,80.0,Y,2026-10-03T05:30:00+08:00,0.0,3,1.0,dow,11,80.0,80.0,80.0,4,Developing,0.0,0.0
2026-10-03,05:55:00,263275,80.0,Y,2026-10-03T05:30:00+08:00,0.0,3,1.0,dow,11,80.0,80.0,80.0,4,Developing,0.0,0.0
2026-10-03,05:55:00,263282,80.0,Y,2026-10-03T05:30:00+08:00,0.0,3,1.0,dow,11,80.0,80.0,80.0,4,Developing,0.0,0.0
2026-10-03,05:55:00,263283,80.0,Y,2026-10-03T05:30:00+08:00,0.0,3,1.0,dow,11,80.0,80.0,80.0,4,Developing,0.0,0.0
2026-10-03,05:55:00,264722,80.0,Y,2026-10-03T05:30:00+08:00,0.0,3,1.0,dow,11,80.0,80.0,80.0,4,Developing,0.0,0.0
2026-10-03,05:55:00,264723,80.0,Y,2026-10-03T05:30:00+08:00,0.0,3,1.0,dow,11,80.0,80.0,80.0,4,Developing,0.0,0.0
2026-10-03,05:55:00,264724,80.0,Y,2026-10-03T05:30:00+08:00,0.0,3,1.0000000000000009,dow,11,80.0,80.0,80.0,4,Developing,0.0,0.0
2026-10-03,05:55:00,264725,79.0,Y,2026-10-03T05:30:00+08:00,0.0,3,1.0,dow,11,80.0,80.0,80.0,4,Developing,-1.0,-1.2
2026-10-03,05:55:00,116,50.4,Y,2026-10-03T05:30:00+08:00,17.493669711114084,3,1.000000000000001,dow,11,58.6,56.02,59.52,4,Developing,-8.2,-14.0
2026-10-03,05:55:00,1553,50.4,Y,2026-10-03T05:30:00+08:00,17.52095915980353,3,1.0,dow,11,58.6,56.02,59.52,4,Developing,-8.2,-14.0
2026-10-03,05:55:00,3137,49.8,Y,2026-10-03T05:30:00+08:00,17.62860008682193,3,1.0,dow,11,54.88,54.25,55.74,4,Developing,-5.08,-9.3
2026-10-03,05:55:00,3415,50.4,Y,2026-10-03T05:30:00+08:00,17.54753495384672,3,1.0,dow,11,58.6,56.02,59.52,4,Developing,-8.2,-14.0
2026-10-03,05:55:00,4121,50.4,Y,2026-10-03T05:30:00+08:00,17.577200257461726,3,1.0,dow,11,58.6,56.02,59.52,4,Developing,-8.2,-14.0
2026-10-03,05:55:00,4150,49.8,Y,2026-10-03T05:30:00+08:00,17.673408457866277,3,0.9999999999999999,dow,11,54.88,54.25,55.74,4,Developing,-5.08,-9.3
2026-10-03,05:55:00,4224,49.8,Y,2026-10-03T05:30:00+08:00,17.57316277517524,3,1.0000000000000009,dow,11,54.88,54.25,55.74,4,Developing,-5.08,-9.3
2026-10-03,05:55:00,4525,50.4,Y,2026-10-03T05:30:00+08:00,17.48252005015147,3,0.999999999999999,dow,11,58.6,56.02,59.52,4,Developing,-8.2,-14.0
2026-10-03,05:55:00,4535,50.4,Y,2026-10-03T05:30:00+08:00,17.46955274996856,3,1.0,dow,11,58.6,56.02,59.52,4,Developing,-8.2,-14.0
2026-10-03,05:55:00,83,50.4,Y,2026-10-03T05:30:00+08:00,17.609442351671408,3,1.0,dow,11,58.6,56.02,59.52,4,Developing,-8.2,-14.0
2026-10-03,05:55:00,100857,44.6,Y,2026-10-03T05:30:00+08:00,14.903024849900481,3,1.0,dow,11,51.85,51.08,52.7,4,Developing,-7.25,-14.0
2026-10-03,05:55:00,101286,33.2,Y,2026-10-03T05:30:00+08:00,13.339382173034519,3,1.0,dow,11,39.9,38.51,41.3,4,Developing,-6.7,-16.8
2026-10-03,05:55:00,101290,38.7,Y,2026-10-03T05:30:00+08:00,13.414628975790105,3,1.0,dow,11,37.4,36.91,37.73,4,Developing,1.3,3.5
2026-10-03,05:55:00,101292,33.2,Y,2026-10-03T05:30:00+08:00,13.597589989174693,3,1.0,dow,11,39.9,38.51,41.3,4,Developing,-6.7,-16.8
2026-10-03,05:55:00,101293,33.2,Y,2026-10-03T05:30:00+08:00,13.51890410967361,3,1.0,dow,11,39.9,38.51,41.3,4,Developing,-6.7,-16.8
2026-10-03,05:55:00,101299,62.7,Y,2026-10-03T05:30:00+08:00,14.4245829971563,3,0.999999999999999,dow,11,56.02,53.46,58.88,4,Developing,6.68,11.9
2026-10-03,05:55:00,101300,50.4,Y,2026-10-03T05:30:00+08:00,14.406082070290655,3,1.0000000000000009,dow,11,57.92,56.21,59.26,4,Developing,-7.52,-13.0
2026-10-03,05:55:00,101780,55.4,Y,2026-10-03T05:30:00+08:00,14.985323356334128,3,1.0,dow,11,51.78,49.8,53.51,4,Developing,3.62,7.0
2026-10-03,05:55:00,101956,55.4,Y,2026-10-03T05:30:00+08:00,14.848759386533512,3,1.0000000000000009,dow,11,51.78,49.8,53.51,4,Developing,3.62,7.0
2026-10-03,05:55:00,101957,55.4,Y,2026-10-03T05:30:00+08:00,14.976026571780794,3,1.0,dow,11,51.78,49.8,53.51,4,Developing,3.62,7.0
2026-10-03,05:55:00,134001,46.2,Y,2026-10-03T05:30:00+08:00,3.132210898771797,3,1.0,dow,11,46.67,45.25,48.06,4,Developing,-0.47,-1.0
2026-10-03,05:55:00,163803,46.2,Y,2026-10-03T05:30:00+08:00,2.9990642316575293,3,1.0000000000000009,dow,11,46.67,45.25,48.06,4,Developing,-0.47,-1.0
2026-10-03,05:55:00,165091,41.1,Y,2026-10-03T05:30:00+08:00,2.7848836743222636,3,0.999999999999999,dow,11,42.9,41.25,45.12,4,Developing,-1.8,-4.2
2026-10-03,05:55:00,260434,46.2,Y,2026-10-03T05:30:00+08:00,3.099320657591997,3,1.0,dow,11,46.67,45.25,48.06,4,Developing,-0.47,-1.0
2026-10-03,05:55:00,260436,46.2,Y,2026-10-03T05:30:00+08:00,3.055685798261808,3,1.0000000000000009,dow,11,46.67,45.25,48.06,4,Developing,-0.47,-1.0
2026-10-03,05:55:00,274884,38.7,Y,2026-10-03T05:30:00+08:00,13.505410525372445,3,1.0,dow,11,37.4,36.91,37.73,4,Developing,1.3,3.5
2026-10-03,05:55:00,274923,38.7,Y,2026-10-03T05:30:00+08:00,12.499473266033078,3,1.0,dow,11,37.4,36.91,37.73,4,Developing,1.3,3.5
2026-10-03,05:55:00,274943,38.7,Y,2026-10-03T05:30:00+08:00,13.573528229334903,3,1.0,dow,11,37.4,36.91,37.73,4,Developing,1.3,3.5
2026-10-03,05:55:00,274944,38.7,Y,2026-10-03T05:30:00+08:00,13.298210092957026,3,1.0,dow,11,37.4,36.91,37.73,4,Developing,1.3,3.5
2026-10-03,05:55:00,275043,55.4,Y,2026-10-03T05:30:00+08:00,14.77586450341094,3,0.999999999999999,dow,11,54.17,49.8,59.26,4,Developing,1.23,2.3
2026-10-03,05:55:00,275044,44.6,Y,2026-10-03T05:30:00+08:00,14.789896676295854,3,1.0,dow,11,52.2,51.08,53.29,4,Developing,-7.6,-14.6
2026-10-03,05:55:00,275045,50.0,Y,2026-10-03T05:30:00+08:00,14.64284576390711,3,1.0,dow,11,53.08,50.05,56.56,4,Developing,-3.08,-5.8
2026-10-03,05:55:00,275103,38.7,Y,2026-10-03T05:30:00+08:00,13.102187248270958,3,1.0000000000000009,dow,11,37.4,36.91,37.73,4,Developing,1.3,3.5
2026-10-03,05:55:00,275104,38.7,Y,2026-10-03T05:30:00+08:00,12.916338113218178,3,1.0,dow,11,37.4,36.91,37.73,4,Developing,1.3,3.5
2026-10-03,05:55:00,275105,38.7,Y,2026-10-03T05:30:00+08:00,12.817266613557646,3,1.0,dow,11,37.4,36.91,37.73,4,Developing,1.3,3.5
2026-10-03,05:55:00,275106,33.2,Y,2026-10-03T05:30:00+08:00,12.999555048832452,3,1.0,dow,11,39.9,38.51,41.3,4,Developing,-6.7,-16.8
2026-10-03,05:55:00,275203,38.7,Y,2026-10-03T05:30:00+08:00,12.66866281243386,3,0.9999999999999989,dow,11,37.4,36.91,37.73,4,Developing,1.3,3.5
2026-10-03,05:55:00,275205,33.2,Y,2026-10-03T05:30:00+08:00,12.344993197121664,3,1.0,dow,11,39.9,38.51,41.3,4,Developing,-6.7,-16.8
2026-10-03,05:55:00,275207,38.7,Y,2026-10-03T05:30:00+08:00,12.205134060076993,3,1.000000000000001,dow,11,37.4,36.91,37.73,4,Developing,1.3,3.5
2026-10-03,05:55:00,275208,38.7,Y,2026-10-03T05:30:00+08:00,11.906941454327471,3,1.0,dow,11,37.4,36.91,37.73,4,Developing,1.3,3.5
2026-10-03,05:55:00,275213,38.7,Y,2026-10-03T05:30:00+08:00,11.712517796602143,3,1.0,dow,11,37.4,36.91,37.73,4,Developing,1.3,3.5
2026-10-03,05:55:00,275214,33.2,Y,2026-10-03T05:30:00+08:00,11.727225018511845,3,1.0,dow,11,39.9,38.51,41.3,4,Developing,-6.7,-16.8
2026-10-03,05:55:00,275215,38.7,Y,2026-10-03T05:30:00+08:00,11.819585619019723,3,1.0,dow,11,37.4,36.91,37.73,4,Developing,1.3,3.5
2026-10-03,05:55:00,275217,36.0,Y,2026-10-03T05:30:00+08:00,11.781586747947166,3,1.0,dow,11,38.4,37.62,38.8,4,Developing,-2.4,-6.2
2026-10-03,05:55:00,275219,36.0,Y,2026-10-03T05:30:00+08:00,11.850568587369704,3,1.0,dow,11,38.4,37.62,38.8,4,Developing,-2.4,-6.2
2026-10-03,05:55:00,275483,33.2,Y,2026-10-03T05:30:00+08:00,11.88952985150889,3,1.0000000000000009,dow,11,39.9,38.51,41.3,4,Developing,-6.7,-16.8
2026-10-03,05:55:00,275484,33.2,Y,2026-10-03T05:30:00+08:00,11.99869550962818,3,1.0,dow,11,39.9,38.51,41.3,4,Developing,-6.7,-16.8
2026-10-03,05:55:00,275624,57.6,Y,2026-10-03T05:30:00+08:00,4.991789538782775,3,1.0,dow,11,55.35,53.27,57.0,4,Developing,2.25,4.1
2026-10-03,05:55:00,275645,57.6,Y,2026-10-03T05:30:00+08:00,4.858537047577061,3,1.0,dow,11,55.35,53.27,57.0,4,Developing,2.25,4.1
2026-10-03,05:55:00,275646,57.6,Y,2026-10-03T05:30:00+08:00,4.662426707451691,3,0.999999999999999,dow,11,55.35,53.27,57.0,4,Developing,2.25,4.1
2026-10-03,05:55:00,275648,57.6,Y,2026-10-03T05:30:00+08:00,4.517637334504374,3,1.0000000000000009,dow,11,55.35,53.27,57.0,4,Developing,2.25,4.1
2026-10-03,05:55:00,275650,57.6,Y,2026-10-03T05:30:00+08:00,4.37200592343412,3,1.0,dow,11,55.35,53.27,57.0,4,Developing,2.25,4.1
2026-10-03,05:55:00,275651,57.6,Y,2026-10-03T05:30:00+08:00,4.193280140140866,3,1.0,dow,11,55.35,53.27,57.0,4,Developing,2.25,4.1
2026-10-03,05:55:00,275654,50.6,Y,2026-10-03T05:30:00+08:00,4.1918178106127755,3,1.0,dow,11,53.55,51.38,55.25,4,Developing,-2.95,-5.5
2026-10-03,05:55:00,275787,44.4,Y,2026-10-03T05:30:00+08:00,3.134169569481041,3,1.0,dow,11,50.3,49.73,51.16,4,Developing,-5.9,-11.7
2026-10-03,05:55:00,275789,44.4,Y,2026-10-03T05:30:00+08:00,3.1206680191142633,3,1.0,dow,11,50.3,49.73,51.16,4,Developing,-5.9,-11.7
2026-10-03,05:55:00,275821,44.4,Y,2026-10-03T05:30:00+08:00,3.078176284795674,3,1.0,dow,11,50.3,49.73,51.16,4,Developing,-5.9,-11.7
2026-10-03,05:55:00,275822,44.4,Y,2026-10-03T05:30:00+08:00,3.000394827348476,3,1.0,dow,11,50.3,49.73,51.16,4,Developing,-5.9,-11.7
2026-10-03,05:55:00,275825,42.8,Y,2026-10-03T05:30:00+08:00,2.930704321283219,3,1.0,dow,11,43.73,39.64,47.65,4,Developing,-0.93,-2.1
2026-10-03,05:55:00,275827,42.8,Y,2026-10-03T05:30:00+08:00,2.8686668675038582,3,1.0,dow,11,43.73,39.64,47.65,4,Developing,-0.93,-2.1
2026-10-03,05:55:00,276403,52.0,Y,2026-10-03T05:30:00+08:00,5.244377152768453,3,1.0,dow,11,51.88,51.65,52.17,4,Developing,0.12,0.2
2026-10-03,05:55:00,276405,48.0,Y,2026-10-03T05:30:00+08:00,5.4143804347763105,3,1.0,dow,11,50.25,50.0,50.7,4,Developing,-2.25,-4.5
2026-10-03,05:55:00,60662,44.0,Y,2026-10-03T05:30:00+08:00,5.273822542362056,3,1.0,dow,11,51.48,50.5,52.34,4,Developing,-7.48,-14.5
2026-10-03,05:55:00,60665,46.2,Y,2026-10-03T05:30:00+08:00,3.118605050342657,3,1.000000000000001,dow,11,46.67,45.25,48.06,4,Developing,-0.47,-1.0
2026-10-03,05:55:00,60667,33.2,Y,2026-10-03T05:30:00+08:00,12.560176323419926,3,1.0,dow,11,39.9,38.51,41.3,4,Developing,-6.7,-16.8
2026-10-03,05:55:00,60671,50.6,Y,2026-10-03T05:30:00+08:00,5.0198362615121095,3,1.0,dow,11,53.55,51.38,55.25,4,Developing,-2.95,-5.5
2026-10-03,05:55:00,60675,41.1,Y,2026-10-03T05:30:00+08:00,2.7160804422437836,3,1.0,dow,11,42.9,41.25,45.12,4,Developing,-1.8,-4.2
2026-10-03,05:55:00,60810,50.6,Y,2026-10-03T05:30:00+08:00,4.3701419423478205,3,1.0,dow,11,53.55,51.38,55.25,4,Developing,-2.95,-5.5
2026-10-03,05:55:00,61003,42.6,Y,2026-10-03T05:30:00+08:00,2.6702994933487,3,0.9999999999999991,dow,11,43.15,38.8,47.29,4,Developing,-0.55,-1.3
2026-10-03,05:55:00,61006,45.1,Y,2026-10-03T05:30:00+08:00,2.51043525380054,3,0.9999999999999998,dow,11,43.65,41.91,45.88,4,Developing,1.45,3.3
2026-10-03,05:55:00,61302,40.7,Y,2026-10-03T05:30:00+08:00,11.569167513333408,3,0.999999999999999,dow,11,50.2,49.56,50.71,4,Developing,-9.5,-18.9
2026-10-03,05:55:00,61304,50.6,Y,2026-10-03T05:30:00+08:00,4.661135647457865,3,1.0,dow,11,53.55,51.38,55.25,4,Developing,-2.95,-5.5
2026-10-03,05:55:00,61309,42.8,Y,2026-10-03T05:30:00+08:00,2.764662596925984,3,1.0,dow,11,43.73,39.64,47.65,4,Developing,-0.93,-2.1
2026-10-03,05:55:00,61313,45.1,Y,2026-10-03T05:30:00+08:00,2.6130104174714055,3,1.0000000000000004,dow,11,43.65,41.91,45.88,4,Developing,1.45,3.3
2026-10-03,05:55:00,61690,41.1,Y,2026-10-03T05:30:00+08:00,5.41440564299027,3,1.0,dow,11,50.72,50.14,51.23,4,Developing,-9.62,-19.0
2026-10-03,05:55:00,61695,50.6,Y,2026-10-03T05:30:00+08:00,4.978351491593376,3,1.0,dow,11,53.55,51.38,55.25,4,Developing,-2.95,-5.5
2026-10-03,05:55:00,61712,41.1,Y,2026-10-03T05:30:00+08:00,2.867806681304489,3,1.0,dow,11,42.9,41.25,45.12,4,Developing,-1.8,-4.2
2026-10-03,05:55:00,61713,35.2,Y,2026-10-03T05:30:00+08:00,1.9917591180937193,3,1.0000000000000004,dow,11,36.05,32.52,37.06,4,Developing,-0.85,-2.4
2026-10-03,05:55:00,61851,41.1,Y,2026-10-03T05:30:00+08:00,2.9301195938663414,3,1.0,dow,11,42.9,41.25,45.12,4,Developing,-1.8,-4.2
2026-10-03,05:55:00,62041,50.6,Y,2026-10-03T05:30:00+08:00,5.061464192676946,3,1.0,dow,11,53.55,51.38,55.25,4,Developing,-2.95,-5.5
2026-10-03,05:55:00,62042,50.6,Y,2026-10-03T05:30:00+08:00,4.515517463054244,3,1.0,dow,11,53.55,51.38,55.25,4,Developing,-2.95,-5.5
2026-10-03,05:55:00,62382,43.3,Y,2026-10-03T05:30:00+08:00,2.6428547090077172,3,0.9999999999999996,dow,11,39.4,39.14,39.54,4,Developing,3.9,9.9
2026-10-03,05:55:00,62522,33.2,Y,2026-10-03T05:30:00+08:00,12.200358426699497,3,1.0,dow,11,39.9,38.51,41.3,4,Developing,-6.7,-16.8
2026-10-03,05:55:00,62718,50.6,Y,2026-10-03T05:30:00+08:00,4.8581017942326135,3,1.0,dow,11,53.55,51.38,55.25,4,Developing,-2.95,-5.5
2026-10-03,05:55:00,62722,45.1,Y,2026-10-03T05:30:00+08:00,2.6950217670609145,3,1.0000000000000009,dow,11,45.93,45.46,46.21,4,Developing,-0.83,-1.8
2026-10-03,05:55:00,62727,42.6,Y,2026-10-03T05:30:00+08:00,2.5410894065491334,3,0.9999999999999998,dow,11,43.15,38.8,47.29,4,Developing,-0.55,-1.3
2026-10-03,05:55:00,62732,45.1,Y,2026-10-03T05:30:00+08:00,2.6679785723511227,3,1.0000000000000009,dow,11,43.65,41.91,45.88,4,Developing,1.45,3.3
2026-10-03,05:55:00,62733,36.7,Y,2026-10-03T05:30:00+08:00,1.9883859754886128,3,1.0000000000000002,dow,11,37.15,34.47,37.86,4,Developing,-0.45,-1.2
2026-10-03,05:55:00,63064,35.2,Y,2026-10-03T05:30:00+08:00,1.9928667566174214,3,0.9999999999999997,dow,11,36.05,32.52,37.06,4,Developing,-0.85,-2.4
2026-10-03,05:55:00,63559,39.2,Y,2026-10-03T05:30:00+08:00,1.9931559440017543,3,0.9999999999999996,dow,11,41.18,37.18,44.31,4,Developing,-1.98,-4.8
2026-10-03,05:55:00,63561,35.2,Y,2026-10-03T05:30:00+08:00,1.9924786453331778,3,1.0000000000000002,dow,11,36.05,32.52,37.06,4,Developing,-0.85,-2.4
2026-10-03,05:55:00,63579,39.2,Y,2026-10-03T05:30:00+08:00,1.9921260007769581,3,0.9999999999999997,dow,11,41.18,37.18,44.31,4,Developing,-1.98,-4.8
2026-10-03,05:55:00,63580,40.3,Y,2026-10-03T05:30:00+08:00,1.9878752035051779,3,0.9999999999999999,dow,11,42.33,38.06,45.6,4,Developing,-2.03,-4.8
2026-10-03,05:55:00,63581,45.1,Y,2026-10-03T05:30:00+08:00,1.9850618829939555,3,0.9999999999999997,dow,11,43.65,41.91,45.88,4,Developing,1.45,3.3
2026-10-03,05:55:00,63583,45.1,Y,2026-10-03T05:30:00+08:00,1.9820580828299363,3,1.0,dow,11,43.65,41.91,45.88,4,Developing,1.45,3.3
2026-10-03,05:55:00,63584,42.6,Y,2026-10-03T05:30:00+08:00,1.9821492820529678,3,0.9999999999999998,dow,11,43.15,38.8,47.29,4,Developing,-0.55,-1.3
2026-10-03,05:55:00,63984,50.6,Y,2026-10-03T05:30:00+08:00,5.1096978766290215,3,1.0,dow,11,53.55,51.38,55.25,4,Developing,-2.95,-5.5
2026-10-03,05:55:00,63985,57.6,Y,2026-10-03T05:30:00+08:00,5.080511940627408,3,1.0,dow,11,55.35,53.27,57.0,4,Developing,2.25,4.1
2026-10-03,05:55:00,63986,50.6,Y,2026-10-03T05:30:00+08:00,5.156130236123042,3,1.0,dow,11,53.55,51.38,55.25,4,Developing,-2.95,-5.5
2026-10-03,05:55:00,63987,47.5,Y,2026-10-03T05:30:00+08:00,11.562796296827413,3,0.9999999999999989,dow,11,49.45,49.25,49.75,4,Developing,-1.95,-3.9
2026-10-03,05:55:00,93054,49.6,Y,2026-10-03T05:30:00+08:00,4.533262116010379,3,1.0,dow,11,28.2,24.25,32.92,4,Developing,21.4,75.9
2026-10-03,05:55:00,93055,49.6,Y,2026-10-03T05:30:00+08:00,4.497080584244354,3,0.999999999999999,dow,11,28.2,24.25,32.92,4,Developing,21.4,75.9
2026-10-03,05:55:00,93116,54.0,Y,2026-10-03T05:30:00+08:00,5.181117381262982,3,1.0000000000000009,dow,11,46.55,43.55,49.73,4,Developing,7.45,16.0
2026-10-03,05:55:00,93122,34.1,Y,2026-10-03T05:30:00+08:00,4.579386069538059,3,1.0,dow,11,39.73,37.41,40.95,4,Developing,-5.63,-14.2
2026-10-03,05:55:00,93224,49.6,Y,2026-10-03T05:30:00+08:00,4.586679043160829,3,1.0,dow,11,28.2,24.25,32.92,4,Developing,21.4,75.9
2026-10-03,05:55:00,93299,54.0,Y,2026-10-03T05:30:00+08:00,5.157664894865878,3,1.0,dow,11,50.83,47.88,54.26,4,Developing,3.17,6.2
2026-10-03,05:55:00,93300,62.4,Y,2026-10-03T05:30:00+08:00,4.977202867957401,3,1.0,dow,11,54.62,48.41,61.12,4,Developing,7.78,14.2
2026-10-03,05:55:00,93301,49.6,Y,2026-10-03T05:30:00+08:00,4.7728415478292785,3,1.0,dow,11,28.2,24.25,32.92,4,Developing,21.4,75.9
2026-10-03,05:55:00,93304,54.0,Y,2026-10-03T05:30:00+08:00,5.168016239334117,3,1.0,dow,11,50.83,47.88,54.26,4,Developing,3.17,6.2
2026-10-03,05:55:00,93414,49.6,Y,2026-10-03T05:30:00+08:00,4.766030725709839,3,1.0000000000000009,dow,11,28.2,24.25,32.92,4,Developing,21.4,75.9
2026-10-03,05:55:00,93417,54.0,Y,2026-10-03T05:30:00+08:00,4.986537043493864,3,1.0,dow,11,46.55,43.55,49.73,4,Developing,7.45,16.0
2026-10-03,05:55:00,93418,54.0,Y,2026-10-03T05:30:00+08:00,4.792559789206059,3,1.0,dow,11,46.55,43.55,49.73,4,Developing,7.45,16.0
2026-10-03,05:55:00,96548,54.0,Y,2026-10-03T05:30:00+08:00,5.637306398968328,3,0.9999999999999989,dow,11,50.83,47.88,54.26,4,Developing,3.17,6.2
2026-10-03,05:55:00,96549,54.0,Y,2026-10-03T05:30:00+08:00,5.481704302399932,3,0.999999999999999,dow,11,46.55,43.55,49.73,4,Developing,7.45,16.0
2026-10-03,05:55:00,96552,62.4,Y,2026-10-03T05:30:00+08:00,5.4848759837761305,3,0.999999999999999,dow,11,54.62,48.41,61.12,4,Developing,7.78,14.2
2026-10-03,05:55:00,105550,67.0,Y,2026-10-03T05:30:00+08:00,23.466273332053678,3,1.0000000000000004,dow,11,70.25,68.62,71.81,4,Developing,-3.25,-4.6
2026-10-03,05:55:00,106827,67.0,Y,2026-10-03T05:30:00+08:00,23.397337946163443,3,0.9999999999999998,dow,11,70.25,68.62,71.81,4,Developing,-3.25,-4.6
2026-10-03,05:55:00,109956,13.3,Y,2026-10-03T05:30:00+08:00,19.702762225034906,3,0.999999999999999,dow,11,27.75,20.17,35.32,2,Provisional,-14.45,-52.1
2026-10-03,05:55:00,261004,13.3,Y,2026-10-03T05:30:00+08:00,19.86656486206431,3,1.0,dow,11,27.75,20.17,35.32,2,Provisional,-14.45,-52.1
2026-10-03,05:55:00,261028,50,N,2026-10-03T05:30:00+08:00,23.24350266217367,3,0.9999999999999999,,,,,,,,,
2026-10-03,05:55:00,104616,49.0,Y,2026-10-03T05:30:00+08:00,21.70321195497678,3,1.0,dow,11,46.5,43.75,47.5,4,Developing,2.5,5.4
2026-10-03,05:55:00,105123,38.0,Y,2026-10-03T05:30:00+08:00,21.707064562084735,3,1.0000000000000009,dow,11,41.8,37.41,45.7,4,Developing,-3.8,-9.1
2026-10-03,05:55:00,105208,49.0,Y,2026-10-03T05:30:00+08:00,21.638227283008934,3,1.0,dow,11,46.5,43.75,47.5,4,Developing,2.5,5.4
2026-10-03,05:55:00,163784,50.0,Y,2026-10-03T05:30:00+08:00,21.715458135320862,3,0.9999999999999989,dow,11,55.0,54.62,55.0,4,Developing,-5.0,-9.1
2026-10-03,05:55:00,262501,58.5,Y,2026-10-03T05:30:00+08:00,1.790342032809785,3,1.0,dow,11,68.88,65.88,78.89,4,Developing,-10.38,-15.1
2026-10-03,05:55:00,262502,78.6,Y,2026-10-03T05:30:00+08:00,2.922975106264038,3,1.0,dow,11,98.35,94.95,100.0,4,Developing,-19.75,-20.1
2026-10-03,05:55:00,262503,76.1,Y,2026-10-03T05:30:00+08:00,2.891658683719974,3,1.0,dow,11,91.75,83.4,100.0,4,Developing,-15.65,-17.1
2026-10-03,05:55:00,262504,59.6,Y,2026-10-03T05:30:00+08:00,3.1518112964379625,3,1.0000000000000009,dow,11,84.95,83.94,88.9,4,Developing,-25.35,-29.8
2026-10-03,05:55:00,262506,69.2,Y,2026-10-03T05:30:00+08:00,1.967325120875583,3,1.0,dow,11,77.55,76.94,78.5,4,Developing,-8.35,-10.8
2026-10-03,05:55:00,262507,86.0,Y,2026-10-03T05:30:00+08:00,1.9693035884548813,3,1.0,dow,11,80.0,79.19,80.0,4,Developing,6.0,7.5
2026-10-03,05:55:00,262512,105.4,Y,2026-10-03T05:30:00+08:00,1.83290014640089,3,1.0,dow,11,94.03,89.0,98.21,4,Developing,11.37,12.1
2026-10-03,05:55:00,262567,79.1,Y,2026-10-03T05:30:00+08:00,1.4693814192914023,3,0.9999999999999991,dow,11,78.25,76.25,80.0,4,Developing,0.85,1.1
2026-10-03,05:55:00,262568,65.2,Y,2026-10-03T05:30:00+08:00,1.4043615957571984,3,0.9999999999999991,dow,11,72.75,64.2,80.0,4,Developing,-7.55,-10.4
2026-10-03,05:55:00,262569,78.4,Y,2026-10-03T05:30:00+08:00,1.315919811625846,3,1.0,dow,11,80.0,79.65,80.0,4,Developing,-1.6,-2.0
2026-10-03,05:55:00,262570,58.1,Y,2026-10-03T05:30:00+08:00,1.8075836535227854,3,1.0000000000000009,dow,11,78.7,72.75,80.01,4,Developing,-20.6,-26.2
2026-10-03,05:55:00,262571,91.8,Y,2026-10-03T05:30:00+08:00,1.81082805786876,3,1.0,dow,11,94.12,89.81,98.08,4,Developing,-2.32,-2.5
2026-10-03,05:55:00,262572,76.8,Y,2026-10-03T05:30:00+08:00,2.4030243526397874,3,0.999999999999999,dow,11,88.85,80.56,97.75,4,Developing,-12.05,-13.6
2026-10-03,05:55:00,262573,86.5,Y,2026-10-03T05:30:00+08:00,3.452215217237248,3,1.0,dow,11,90.0,86.93,92.95,4,Developing,-3.5,-3.9
2026-10-03,05:55:00,262574,72.8,Y,2026-10-03T05:30:00+08:00,3.2255202889102756,3,1.0,dow,11,79.0,75.45,86.72,4,Developing,-6.2,-7.8
2026-10-03,05:55:00,262575,89.1,Y,2026-10-03T05:30:00+08:00,3.422281641612106,3,1.0,dow,11,88.65,88.17,91.35,4,Developing,0.45,0.5
2026-10-03,05:55:00,262576,105.2,Y,2026-10-03T05:30:00+08:00,3.1425762177719,3,1.0,dow,11,105.97,104.12,106.49,4,Developing,-0.77,-0.7
2026-10-03,05:55:00,262577,69.5,Y,2026-10-03T05:30:00+08:00,2.370543338652141,3,0.999999999999999,dow,11,90.35,86.62,94.97,4,Developing,-20.85,-23.1
2026-10-03,05:55:00,262578,75.6,Y,2026-10-03T05:30:00+08:00,1.768361365061017,3,1.0000000000000004,dow,11,84.0,76.52,93.03,4,Developing,-8.4,-10.0
2026-10-03,05:55:00,262580,81.7,Y,2026-10-03T05:30:00+08:00,2.98840458202636,3,1.0,dow,11,100.0,100.0,100.0,4,Developing,-18.3,-18.3
2026-10-03,05:55:00,262581,75.4,Y,2026-10-03T05:30:00+08:00,1.827269299620231,3,1.000000000000001,dow,11,77.4,73.75,80.0,4,Developing,-2.0,-2.6
2026-10-03,05:55:00,262582,68.1,Y,2026-10-03T05:30:00+08:00,1.390522463910867,3,1.0,dow,11,75.68,74.65,77.11,4,Developing,-7.58,-10.0
2026-10-03,05:55:00,262583,83.3,Y,2026-10-03T05:30:00+08:00,1.3540485294712459,3,1.0,dow,11,77.6,76.21,79.18,4,Developing,5.7,7.3
2026-10-03,05:55:00,262584,93.7,Y,2026-10-03T05:30:00+08:00,1.480184402975978,3,1.0,dow,11,80.7,80.0,82.95,4,Developing,13.0,16.1
2026-10-03,05:55:00,262585,63.3,Y,2026-10-03T05:30:00+08:00,1.474950796016425,3,1.0,dow,11,61.25,57.5,63.5,4,Developing,2.05,3.3
2026-10-03,05:55:00,262589,54.0,Y,2026-10-03T05:30:00+08:00,1.5030888100541544,3,0.999999999999999,dow,11,51.15,50.0,52.38,4,Developing,2.85,5.6
2026-10-03,05:55:00,262598,76.0,Y,2026-10-03T05:30:00+08:00,1.53279104122228,3,1.0,dow,11,76.9,74.6,78.83,4,Developing,-0.9,-1.2
2026-10-03,05:55:00,262610,75.7,Y,2026-10-03T05:30:00+08:00,1.49675623940185,3,1.0,dow,11,75.6,75.47,75.7,4,Developing,0.1,0.1
2026-10-03,05:55:00,262612,53.2,Y,2026-10-03T05:30:00+08:00,1.4718967813183481,3,1.0,dow,11,54.12,51.65,56.16,4,Developing,-0.92,-1.7
2026-10-03,05:55:00,262630,110.0,Y,2026-10-03T05:30:00+08:00,3.261350531193062,3,1.0,dow,11,109.05,106.07,110.0,4,Developing,0.95,0.9
2026-10-03,05:55:00,262661,77.0,Y,2026-10-03T05:30:00+08:00,1.469914291856234,3,1.0,dow,11,77.75,74.88,80.0,4,Developing,-0.75,-1.0
2026-10-03,05:55:00,262662,78.4,Y,2026-10-03T05:30:00+08:00,1.470964472973086,3,1.0,dow,11,76.85,73.22,80.0,4,Developing,1.55,2.0
2026-10-03,05:55:00,262663,79.0,Y,2026-10-03T05:30:00+08:00,1.4717931681837175,3,0.999999999999999,dow,11,80.0,80.0,80.0,4,Developing,-1.0,-1.2
2026-10-03,05:55:00,262667,56.2,Y,2026-10-03T05:30:00+08:00,1.550029117205499,3,1.0,dow,11,75.95,70.08,80.0,4,Developing,-19.75,-26.0
2026-10-03,05:55:00,262668,71.3,Y,2026-10-03T05:30:00+08:00,1.566178821935833,3,1.0,dow,11,79.75,79.4,80.88,4,Developing,-8.45,-10.6
2026-10-03,05:55:00,262678,77.6,Y,2026-10-03T05:30:00+08:00,1.474776227916026,3,1.0,dow,11,75.4,70.05,80.0,4,Developing,2.2,2.9
2026-10-03,05:55:00,262679,101.8,Y,2026-10-03T05:30:00+08:00,1.479953628565832,3,1.0,dow,11,82.0,80.0,86.62,4,Developing,19.8,24.1
2026-10-03,05:55:00,262701,79.3,Y,2026-10-03T05:30:00+08:00,1.495464734113511,3,1.0,dow,11,80.0,80.0,80.0,4,Developing,-0.7,-0.9
2026-10-03,05:55:00,262702,90.0,Y,2026-10-03T05:30:00+08:00,1.47699164716705,3,1.0,dow,11,80.15,74.38,81.48,4,Developing,9.85,12.3
2026-10-03,05:55:00,262703,78.7,Y,2026-10-03T05:30:00+08:00,1.4684908507494976,3,0.999999999999999,dow,11,77.6,74.83,80.0,4,Developing,1.1,1.4
2026-10-03,05:55:00,262704,69.0,Y,2026-10-03T05:30:00+08:00,1.9740753392907189,3,1.0,dow,11,80.0,78.12,80.53,4,Developing,-11.0,-13.8
2026-10-03,05:55:00,262705,77.5,Y,2026-10-03T05:30:00+08:00,1.995085614047015,3,1.0,dow,11,76.6,75.72,77.82,4,Developing,0.9,1.2
2026-10-03,05:55:00,3921,62.1,Y,2026-10-03T05:30:00+08:00,17.142052398432924,3,0.999999999999999,dow,11,67.97,67.7,68.44,4,Developing,-5.87,-8.6
2026-10-03,05:55:00,4957,62.1,Y,2026-10-03T05:30:00+08:00,17.244431259933265,3,1.0,dow,11,67.97,67.7,68.44,4,Developing,-5.87,-8.6
2026-10-03,05:55:00,5282,62.1,Y,2026-10-03T05:30:00+08:00,17.251388998474933,3,0.999999999999999,dow,11,67.97,67.7,68.44,4,Developing,-5.87,-8.6
2026-10-03,05:55:00,5342,62.1,Y,2026-10-03T05:30:00+08:00,17.192556419627625,3,1.0,dow,11,67.97,67.7,68.44,4,Developing,-5.87,-8.6
2026-10-03,05:55:00,596,62.1,Y,2026-10-03T05:30:00+08:00,17.27194917705555,3,1.0000000000000009,dow,11,67.97,67.7,68.44,4,Developing,-5.87,-8.6
2026-10-03,05:55:00,681,62.1,Y,2026-10-03T05:30:00+08:00,17.066160572519838,3,1.0,dow,11,67.97,67.7,68.44,4,Developing,-5.87,-8.6
2026-10-03,05:55:00,104594,65.4,Y,2026-10-03T05:30:00+08:00,21.93741900108926,3,1.0,dow,11,70.75,69.61,72.46,4,Developing,-5.35,-7.6
2026-10-03,05:55:00,104595,65.4,Y,2026-10-03T05:30:00+08:00,21.85615131843879,3,1.0,dow,11,70.75,69.61,72.46,4,Developing,-5.35,-7.6
2026-10-03,05:55:00,104601,57.7,Y,2026-10-03T05:30:00+08:00,21.957122612527094,3,1.000000000000001,dow,11,60.17,54.74,66.62,4,Developing,-2.47,-4.1
2026-10-03,05:55:00,104602,57.7,Y,2026-10-03T05:30:00+08:00,21.933006857522663,3,0.999999999999999,dow,11,60.17,54.74,66.62,4,Developing,-2.47,-4.1
2026-10-03,05:55:00,105062,59.5,Y,2026-10-03T05:30:00+08:00,21.965353934521,3,1.0,dow,11,51.1,50.66,51.14,4,Developing,8.4,16.4
2026-10-03,05:55:00,105064,57.7,Y,2026-10-03T05:30:00+08:00,22.010867513526883,3,1.000000000000001,dow,11,60.17,54.74,66.62,4,Developing,-2.47,-4.1
2026-10-03,05:55:00,105066,57.7,Y,2026-10-03T05:30:00+08:00,22.537511905110037,3,1.0,dow,11,60.17,54.74,66.62,4,Developing,-2.47,-4.1
2026-10-03,05:55:00,105067,45.7,Y,2026-10-03T05:30:00+08:00,21.922108087436833,3,1.0,dow,11,54.35,52.57,55.35,4,Developing,-8.65,-15.9
2026-10-03,05:55:00,105068,57.7,Y,2026-10-03T05:30:00+08:00,21.98509042876071,3,1.0,dow,11,60.17,54.74,66.62,4,Developing,-2.47,-4.1
2026-10-03,05:55:00,105078,45.7,Y,2026-10-03T05:30:00+08:00,22.35893305985637,3,1.0,dow,11,54.35,52.57,55.35,4,Developing,-8.65,-15.9
2026-10-03,05:55:00,105079,57.7,Y,2026-10-03T05:30:00+08:00,22.365480929063978,3,1.0,dow,11,60.17,54.74,66.62,4,Developing,-2.47,-4.1
2026-10-03,05:55:00,105083,60.6,Y,2026-10-03T05:30:00+08:00,22.13325980976068,3,1.0,dow,11,57.3,56.83,58.01,4,Developing,3.3,5.8
2026-10-03,05:55:00,105084,45.7,Y,2026-10-03T05:30:00+08:00,22.028417895804026,3,1.0,dow,11,54.35,52.57,55.35,4,Developing,-8.65,-15.9
2026-10-03,05:55:00,105086,9.8,Y,2026-10-03T05:30:00+08:00,21.759182476400415,3,1.0,dow,11,9.7,9.7,9.7,4,Developing,0.1,1.0
2026-10-03,05:55:00,105089,65.4,Y,2026-10-03T05:30:00+08:00,21.730314491512164,3,1.0,dow,11,70.75,69.61,72.46,4,Developing,-5.35,-7.6
2026-10-03,05:55:00,105091,47.2,Y,2026-10-03T05:30:00+08:00,21.704326178932853,3,0.9999999999999999,dow,11,54.75,53.91,55.68,4,Developing,-7.55,-13.8
2026-10-03,05:55:00,105093,63.7,Y,2026-10-03T05:30:00+08:00,22.133836594176508,3,1.0,dow,11,68.85,67.84,70.01,4,Developing,-5.15,-7.5
2026-10-03,05:55:00,105094,57.7,Y,2026-10-03T05:30:00+08:00,22.05953554013738,3,0.9999999999999999,dow,11,60.17,54.74,66.62,4,Developing,-2.47,-4.1
2026-10-03,05:55:00,105095,63.4,Y,2026-10-03T05:30:00+08:00,21.700869386915436,3,1.0,dow,11,57.92,57.3,59.11,4,Developing,5.48,9.5
2026-10-03,05:55:00,105143,35.4,Y,2026-10-03T05:30:00+08:00,22.26426515332574,3,1.0,dow,11,40.8,39.85,41.7,4,Developing,-5.4,-13.2
2026-10-03,05:55:00,105144,40.2,Y,2026-10-03T05:30:00+08:00,22.277146820882635,3,0.9999999999999991,dow,11,42.75,38.67,45.9,4,Developing,-2.55,-6.0
2026-10-03,05:55:00,105207,65.4,Y,2026-10-03T05:30:00+08:00,22.054035739998092,3,1.0,dow,11,70.75,69.61,72.46,4,Developing,-5.35,-7.6
2026-10-03,05:55:00,105240,63.4,Y,2026-10-03T05:30:00+08:00,21.699904711414696,3,1.0,dow,11,57.92,57.3,59.11,4,Developing,5.48,9.5
2026-10-03,05:55:00,109893,45.7,Y,2026-10-03T05:30:00+08:00,21.973815596589322,3,1.0,dow,11,54.35,52.57,55.35,4,Developing,-8.65,-15.9
2026-10-03,05:55:00,109939,57.7,Y,2026-10-03T05:30:00+08:00,22.095124491030518,3,1.0,dow,11,60.17,54.74,66.62,4,Developing,-2.47,-4.1
2026-10-03,05:55:00,109940,57.7,Y,2026-10-03T05:30:00+08:00,22.10508748229271,3,1.0,dow,11,60.17,54.74,66.62,4,Developing,-2.47,-4.1
2026-10-03,05:55:00,109941,45.7,Y,2026-10-03T05:30:00+08:00,22.087978422014864,3,1.0000000000000009,dow,11,54.35,52.57,55.35,4,Developing,-8.65,-15.9
2026-10-03,05:55:00,109942,45.7,Y,2026-10-03T05:30:00+08:00,22.10024525672159,3,1.0,dow,11,54.35,52.57,55.35,4,Developing,-8.65,-15.9
2026-10-03,05:55:00,56942,48.9,Y,2026-10-03T05:30:00+08:00,19.96590896654648,3,1.0,dow,11,49.58,48.79,50.3,4,Developing,-0.68,-1.4
2026-10-03,05:55:00,56943,36.4,Y,2026-10-03T05:30:00+08:00,19.963316133902683,3,0.9999999999999991,dow,11,41.8,40.69,43.42,4,Developing,-5.4,-12.9
2026-10-03,05:55:00,56951,36.4,Y,2026-10-03T05:30:00+08:00,19.755113742611304,3,1.0,dow,11,41.8,40.69,43.42,4,Developing,-5.4,-12.9
2026-10-03,05:55:00,56952,48.9,Y,2026-10-03T05:30:00+08:00,20.243286395266274,3,1.0,dow,11,49.58,48.79,50.3,4,Developing,-0.68,-1.4
2026-10-03,05:55:00,57201,36.4,Y,2026-10-03T05:30:00+08:00,20.0641238505796,3,1.0,dow,11,41.8,40.69,43.42,4,Developing,-5.4,-12.9
2026-10-03,05:55:00,57238,48.9,Y,2026-10-03T05:30:00+08:00,20.02111500596632,3,1.0000000000000009,dow,11,49.58,48.79,50.3,4,Developing,-0.68,-1.4
2026-10-03,05:55:00,57381,29.9,Y,2026-10-03T05:30:00+08:00,19.548804809110734,3,0.9999999999999991,dow,11,35.25,34.14,36.59,4,Developing,-5.35,-15.2
2026-10-03,05:55:00,57695,48.9,Y,2026-10-03T05:30:00+08:00,20.010305136819163,3,1.0,dow,11,49.58,48.79,50.3,4,Developing,-0.68,-1.4
2026-10-03,05:55:00,58089,34.6,Y,2026-10-03T05:30:00+08:00,20.12252524323785,3,1.0,dow,11,36.4,36.23,37.12,4,Developing,-1.8,-4.9
2026-10-03,05:55:00,58094,48.9,Y,2026-10-03T05:30:00+08:00,20.07423477389963,3,1.0,dow,11,49.58,48.79,50.3,4,Developing,-0.68,-1.4
2026-10-03,05:55:00,58562,39.2,Y,2026-10-03T05:30:00+08:00,19.385680951653452,3,1.0,dow,11,43.97,40.84,46.05,4,Developing,-4.77,-10.8
2026-10-03,05:55:00,58745,48.9,Y,2026-10-03T05:30:00+08:00,20.28076431892058,3,1.0,dow,11,49.58,48.79,50.3,4,Developing,-0.68,-1.4
2026-10-03,05:55:00,59072,38.3,Y,2026-10-03T05:30:00+08:00,19.48963272315712,3,1.0,dow,11,43.62,40.41,45.75,4,Developing,-5.32,-12.2
2026-10-03,05:55:00,59081,48.9,Y,2026-10-03T05:30:00+08:00,20.186968262208474,3,1.0,dow,11,49.58,48.79,50.3,4,Developing,-0.68,-1.4
2026-10-03,05:55:00,59197,42.8,Y,2026-10-03T05:30:00+08:00,19.55620877067523,3,1.0,dow,11,46.9,44.92,48.03,4,Developing,-4.1,-8.7
2026-10-03,05:55:00,59507,27.0,Y,2026-10-03T05:30:00+08:00,19.37053860074785,3,1.0000000000000009,dow,11,31.27,29.88,33.19,4,Developing,-4.27,-13.7
2026-10-03,05:55:00,59971,38.3,Y,2026-10-03T05:30:00+08:00,19.49766618220322,3,1.0,dow,11,43.62,40.41,45.75,4,Developing,-5.32,-12.2
2026-10-03,05:55:00,61350,48.9,Y,2026-10-03T05:30:00+08:00,19.759952954311878,3,1.0,dow,11,49.58,48.79,50.3,4,Developing,-0.68,-1.4
2026-10-03,05:55:00,96743,38.0,Y,2026-10-03T05:30:00+08:00,0.0,3,1.0,dow,11,38.23,37.6,38.31,4,Developing,-0.23,-0.6
2026-10-03,05:55:00,97093,38.0,Y,2026-10-03T05:30:00+08:00,0.0,3,0.9999999999999989,dow,11,38.23,37.6,38.31,4,Developing,-0.23,-0.6
2026-10-03,05:55:00,111656,39.9,Y,2026-10-03T05:30:00+08:00,23.256198188137898,3,1.0,dow,11,56.45,52.6,59.05,4,Developing,-16.55,-29.3
2026-10-03,05:55:00,261663,71.1,Y,2026-10-03T05:30:00+08:00,22.361102365495814,3,1.0,dow,11,70.75,70.66,70.84,4,Developing,0.35,0.5
2026-10-03,05:55:00,262801,80.2,Y,2026-10-03T05:30:00+08:00,22.32274109489819,3,1.0000000000000009,dow,11,78.92,77.94,79.12,4,Developing,1.28,1.6
2026-10-03,05:55:00,4563,60.7,Y,2026-10-03T05:30:00+08:00,20.424430223431482,3,0.999999999999999,dow,11,72.68,70.85,76.56,4,Developing,-11.98,-16.5
2026-10-03,05:55:00,5013,80.2,Y,2026-10-03T05:30:00+08:00,17.431822632327254,3,1.0,dow,11,78.92,77.94,79.12,4,Developing,1.28,1.6
2026-10-03,05:55:00,5420,39.9,Y,2026-10-03T05:30:00+08:00,17.40655656705568,3,1.0,dow,11,56.45,52.6,59.05,4,Developing,-16.55,-29.3
2026-10-03,05:55:00,5423,80.2,Y,2026-10-03T05:30:00+08:00,17.425628711070452,3,1.0,dow,11,78.92,77.94,79.12,4,Developing,1.28,1.6
2026-10-03,05:55:00,5424,71.1,Y,2026-10-03T05:30:00+08:00,17.47086618182084,3,0.999999999999999,dow,11,70.75,70.66,70.84,4,Developing,0.35,0.5
2026-10-03,05:55:00,5425,71.1,Y,2026-10-03T05:30:00+08:00,23.28067137203989,3,1.0000000000000009,dow,11,70.75,70.66,70.84,4,Developing,0.35,0.5
2026-10-03,05:55:00,837,50.4,Y,2026-10-03T05:30:00+08:00,23.233678782841906,3,1.0000000000000009,dow,11,58.6,56.02,59.52,4,Developing,-8.2,-14.0
2026-10-03,05:55:00,1209,44.3,Y,2026-10-03T05:30:00+08:00,16.13260714027833,3,1.0,dow,11,41.5,41.49,42.4,4,Developing,2.8,6.7
2026-10-03,05:55:00,275663,44.3,Y,2026-10-03T05:30:00+08:00,16.179540285820472,3,0.9999999999999989,day_type,11,43.7,43.0,44.4,2,Provisional,0.6,1.4
2026-10-03,05:55:00,275664,43.1,Y,2026-10-03T05:30:00+08:00,16.12463002307652,3,1.0,day_type,11,43.3,42.15,44.45,2,Provisional,-0.2,-0.5
2026-10-03,05:55:00,275665,43.1,Y,2026-10-03T05:30:00+08:00,16.09259446781503,3,0.9999999999999999,day_type,11,43.3,42.15,44.45,2,Provisional,-0.2,-0.5
2026-10-03,05:55:00,275667,50,N,2026-10-03T05:30:00+08:00,18.22301936436731,3,1.0,day_type,11,41.6,40.9,42.3,2,Provisional,,
2026-10-03,05:55:00,275668,50,N,2026-10-03T05:30:00+08:00,17.96057907744183,3,1.0,dow,11,24.05,23.03,26.52,4,Developing,,
2026-10-03,05:55:00,275669,50,N,2026-10-03T05:30:00+08:00,17.686724493014985,3,1.0000000000000009,dow,11,12.5,12.35,13.0,3,Provisional,,
2026-10-03,05:55:00,275670,50,N,2026-10-03T05:30:00+08:00,17.798474549225045,3,1.0,dow,11,15.3,14.85,26.52,3,Provisional,,
2026-10-03,05:55:00,275671,50,N,2026-10-03T05:30:00+08:00,17.893818356785985,3,1.0,dow,11,24.05,23.03,26.52,4,Developing,,
2026-10-03,05:55:00,275975,44.3,Y,2026-10-03T05:30:00+08:00,16.226058688608234,3,1.0000000000000009,day_type,11,43.7,43.0,44.4,2,Provisional,0.6,1.4
2026-10-03,05:55:00,275979,50,N,2026-10-03T05:30:00+08:00,18.028024780498722,3,0.999999999999999,dow,11,24.05,23.03,26.52,4,Developing,,
2026-10-03,05:55:00,275981,50,N,2026-10-03T05:30:00+08:00,18.074021632014407,3,1.0,dow,11,24.05,23.03,26.52,4,Developing,,
2026-10-03,05:55:00,275983,23.2,Y,2026-10-03T05:30:00+08:00,18.02755450738455,3,1.0,dow,11,25.1,24.14,27.02,4,Developing,-1.9,-7.6
2026-10-03,05:55:00,275987,23.2,Y,2026-10-03T05:30:00+08:00,17.962297997003272,3,1.0,dow,11,25.1,24.14,27.02,4,Developing,-1.9,-7.6
2026-10-03,05:55:00,275989,23.2,Y,2026-10-03T05:30:00+08:00,17.8964657721125,3,1.0000000000000009,dow,11,25.1,24.14,27.02,4,Developing,-1.9,-7.6
2026-10-03,05:55:00,275991,45.9,Y,2026-10-03T05:30:00+08:00,17.689007268160573,3,0.9999999999999989,dow,11,40.05,24.12,51.49,4,Developing,5.85,14.6
2026-10-03,05:55:00,276067,43.1,Y,2026-10-03T05:30:00+08:00,16.148859880285826,3,1.0000000000000009,day_type,11,43.3,42.15,44.45,2,Provisional,-0.2,-0.5
2026-10-03,05:55:00,276069,43.1,Y,2026-10-03T05:30:00+08:00,16.13291545451665,3,1.0,day_type,11,43.3,42.15,44.45,2,Provisional,-0.2,-0.5
2026-10-03,05:55:00,276070,44.3,Y,2026-10-03T05:30:00+08:00,16.12436433494636,3,1.0,day_type,11,43.7,43.0,44.4,2,Provisional,0.6,1.4
2026-10-03,05:55:00,4661,43.1,Y,2026-10-03T05:30:00+08:00,16.205801832642244,3,1.000000000000001,dow,11,41.48,41.34,41.5,4,Developing,1.62,3.9
2026-10-03,05:55:00,4662,40.1,Y,2026-10-03T05:30:00+08:00,16.025421535184158,3,1.0,dow,11,39.9,39.74,39.96,4,Developing,0.2,0.5
2026-10-03,05:55:00,4668,43.1,Y,2026-10-03T05:30:00+08:00,16.275926599994765,3,1.0,dow,11,21.4,20.65,27.48,4,Developing,21.7,101.4
2026-10-03,05:55:00,4669,44.5,Y,2026-10-03T05:30:00+08:00,16.27915799427743,3,1.0,dow,11,39.9,39.89,40.77,4,Developing,4.6,11.5
2026-10-03,05:55:00,5656,42.1,Y,2026-10-03T05:30:00+08:00,17.79888364914416,3,0.999999999999999,dow,11,37.55,24.95,46.4,4,Developing,4.55,12.1
2026-10-03,05:55:00,64715,23.2,Y,2026-10-03T05:30:00+08:00,18.073055024031532,3,1.0,dow,11,25.1,24.15,27.02,4,Developing,-1.9,-7.6
2026-10-03,05:55:00,923,44.3,Y,2026-10-03T05:30:00+08:00,16.148366928437337,3,1.0,dow,11,41.5,41.49,42.4,4,Developing,2.8,6.7
2026-10-03,05:55:00,272289,50.7,Y,2026-10-03T05:30:00+08:00,0.0,3,1.0,dow,11,62.28,61.0,63.43,4,Developing,-11.58,-18.6
2026-10-03,05:55:00,272290,56.4,Y,2026-10-03T05:30:00+08:00,0.0,3,1.0,dow,11,58.55,57.69,59.67,4,Developing,-2.15,-3.7
2026-10-03,05:55:00,273703,67.1,Y,2026-10-03T05:30:00+08:00,0.0,3,1.0,dow,11,71.8,71.29,72.26,4,Developing,-4.7,-6.5
2026-10-03,05:55:00,296100,62.9,Y,2026-10-03T05:30:00+08:00,0.0,3,1.0,dow,11,57.47,57.35,58.16,4,Developing,5.43,9.4
2026-10-03,05:55:00,57053,52.4,Y,2026-10-03T05:30:00+08:00,0.0,3,1.0,dow,11,58.8,55.49,62.3,4,Developing,-6.4,-10.9
2026-10-03,05:55:00,57409,56.4,Y,2026-10-03T05:30:00+08:00,0.0,3,1.0000000000000009,dow,11,58.55,57.69,59.67,4,Developing,-2.15,-3.7
2026-10-03,05:55:00,57914,67.1,Y,2026-10-03T05:30:00+08:00,0.0,3,1.0,dow,11,71.8,71.29,72.26,4,Developing,-4.7,-6.5
2026-10-03,05:55:00,58346,54.0,Y,2026-10-03T05:30:00+08:00,0.0,3,1.0,dow,11,53.8,53.01,55.27,4,Developing,0.2,0.4
2026-10-03,05:55:00,58804,52.4,Y,2026-10-03T05:30:00+08:00,0.0,3,1.0,dow,11,58.83,55.52,62.3,4,Developing,-6.43,-10.9
2026-10-03,05:55:00,58872,50.4,Y,2026-10-03T05:30:00+08:00,0.0,3,1.0,dow,11,61.9,60.59,63.1,4,Developing,-11.5,-18.6
2026-10-03,05:55:00,59216,60.3,Y,2026-10-03T05:30:00+08:00,0.0,3,1.0,dow,11,65.95,65.47,66.72,4,Developing,-5.65,-8.6
2026-10-03,05:55:00,59300,67.1,Y,2026-10-03T05:30:00+08:00,0.0,3,1.0,dow,11,71.8,71.29,72.26,4,Developing,-4.7,-6.5
2026-10-03,05:55:00,59379,46.1,Y,2026-10-03T05:30:00+08:00,0.0,3,1.0,dow,11,54.55,53.64,55.33,4,Developing,-8.45,-15.5
2026-10-03,05:55:00,60128,50.7,Y,2026-10-03T05:30:00+08:00,0.0,3,1.0,dow,11,62.28,61.0,63.43,4,Developing,-11.58,-18.6
2026-10-03,05:55:00,60205,53.9,Y,2026-10-03T05:30:00+08:00,0.0,3,1.0,dow,11,68.2,67.7,68.88,4,Developing,-14.3,-21.0
2026-10-03,05:55:00,60237,67.1,Y,2026-10-03T05:30:00+08:00,0.0,3,1.0,dow,11,71.8,71.29,72.26,4,Developing,-4.7,-6.5
2026-10-03,05:55:00,104537,19.5,Y,2026-10-03T05:30:00+08:00,20.636155369147037,3,1.0000000000000004,dow,11,26.28,25.36,27.03,4,Developing,-6.78,-25.8
2026-10-03,05:55:00,104539,19.5,Y,2026-10-03T05:30:00+08:00,20.52331503412115,3,0.9999999999999993,dow,11,26.28,25.36,27.03,4,Developing,-6.78,-25.8
2026-10-03,05:55:00,104562,19.5,Y,2026-10-03T05:30:00+08:00,20.57329060999498,3,0.9999999999999993,dow,11,26.28,25.36,27.03,4,Developing,-6.78,-25.8
2026-10-03,05:55:00,104563,19.5,Y,2026-10-03T05:30:00+08:00,20.609908492191103,3,0.9999999999999999,dow,11,26.28,25.36,27.03,4,Developing,-6.78,-25.8
2026-10-03,05:55:00,104645,19.5,Y,2026-10-03T05:30:00+08:00,22.02659089560378,3,1.0000000000000007,dow,11,26.28,25.36,27.03,4,Developing,-6.78,-25.8
2026-10-03,05:55:00,104650,19.5,Y,2026-10-03T05:30:00+08:00,22.009666558090103,3,1.0000000000000007,dow,11,26.28,25.36,27.03,4,Developing,-6.78,-25.8
2026-10-03,05:55:00,104675,19.5,Y,2026-10-03T05:30:00+08:00,20.61949672951813,3,1.0000000000000009,dow,11,26.28,25.36,27.03,4,Developing,-6.78,-25.8
2026-10-03,05:55:00,104677,19.5,Y,2026-10-03T05:30:00+08:00,21.942816523642225,3,0.9999999999999996,dow,11,26.28,25.36,27.03,4,Developing,-6.78,-25.8
2026-10-03,05:55:00,104678,19.5,Y,2026-10-03T05:30:00+08:00,21.920419779486476,3,1.0000000000000007,dow,11,26.28,25.36,27.03,4,Developing,-6.78,-25.8
2026-10-03,05:55:00,104679,19.5,Y,2026-10-03T05:30:00+08:00,21.913759251317714,3,0.9999999999999999,dow,11,26.28,25.36,27.03,4,Developing,-6.78,-25.8
2026-10-03,05:55:00,104680,19.5,Y,2026-10-03T05:30:00+08:00,21.843144333979136,3,0.9999999999999991,dow,11,26.28,25.36,27.03,4,Developing,-6.78,-25.8
2026-10-03,05:55:00,104710,19.5,Y,2026-10-03T05:30:00+08:00,20.449402202497453,3,1.0000000000000002,dow,11,26.28,25.36,27.03,4,Developing,-6.78,-25.8
2026-10-03,05:55:00,104711,19.5,Y,2026-10-03T05:30:00+08:00,20.48245755808228,3,1.0000000000000007,dow,11,26.28,25.36,27.03,4,Developing,-6.78,-25.8
2026-10-03,05:55:00,105307,19.5,Y,2026-10-03T05:30:00+08:00,20.29939326771693,3,1.0000000000000002,dow,11,26.28,25.36,27.03,4,Developing,-6.78,-25.8
2026-10-03,05:55:00,105428,19.5,Y,2026-10-03T05:30:00+08:00,20.132882680359867,3,1.0000000000000009,dow,11,26.28,25.36,27.03,4,Developing,-6.78,-25.8
2026-10-03,05:55:00,105435,13.3,Y,2026-10-03T05:30:00+08:00,19.676104458882428,3,1.0,dow,11,27.75,20.17,35.32,2,Provisional,-14.45,-52.1
2026-10-03,05:55:00,105438,19.5,Y,2026-10-03T05:30:00+08:00,20.145837266444723,3,1.0,dow,11,26.28,25.36,27.03,4,Developing,-6.78,-25.8
2026-10-03,05:55:00,105439,19.5,Y,2026-10-03T05:30:00+08:00,20.414037810014495,3,1.0000000000000004,dow,11,26.28,25.36,27.03,4,Developing,-6.78,-25.8
2026-10-03,05:55:00,105440,19.5,Y,2026-10-03T05:30:00+08:00,20.408888877778853,3,0.9999999999999996,dow,11,26.28,25.36,27.03,4,Developing,-6.78,-25.8
2026-10-03,05:55:00,105441,19.5,Y,2026-10-03T05:30:00+08:00,20.40441864208078,3,0.9999999999999999,dow,11,26.28,25.36,27.03,4,Developing,-6.78,-25.8
2026-10-03,05:55:00,105473,50,N,,,,,,,,,,,,,
2026-10-03,05:55:00,105494,50,N,2026-10-03T05:30:00+08:00,23.443194302024274,3,1.0,dow,11,36.85,28.76,43.5,4,Developing,,
2026-10-03,05:55:00,105496,52.6,Y,2026-10-03T05:30:00+08:00,22.330381243161497,3,1.0,dow,11,52.0,50.62,54.72,4,Developing,0.6,1.2
2026-10-03,05:55:00,105542,52.6,Y,,,,,dow,11,52.0,50.62,54.72,4,Developing,0.6,1.2
2026-10-03,05:55:00,105740,50,N,2026-10-03T05:30:00+08:00,23.391212552770412,3,0.9999999999999999,dow,11,36.85,28.76,43.5,4,Developing,,
2026-10-03,05:55:00,106867,19.5,Y,2026-10-03T05:30:00+08:00,20.1666006682467,3,1.0,dow,11,26.28,25.36,27.03,4,Developing,-6.78,-25.8
2026-10-03,05:55:00,106874,13.3,Y,2026-10-03T05:30:00+08:00,19.791496020836075,3,1.0,dow,11,27.75,20.17,35.32,2,Provisional,-14.45,-52.1
2026-10-03,05:55:00,106895,17.5,Y,2026-10-03T05:30:00+08:00,23.419750613763505,3,0.9999999999999998,dow,11,20.95,17.23,24.38,4,Developing,-3.45,-16.5
2026-10-03,05:55:00,106903,17.5,Y,2026-10-03T05:30:00+08:00,22.426394046606774,3,1.0000000000000007,dow,11,20.95,17.23,24.38,4,Developing,-3.45,-16.5
2026-10-03,05:55:00,106905,31.5,Y,,,,,dow,11,51.17,48.0,54.4,4,Developing,-19.67,-38.4
2026-10-03,05:55:00,106924,69.4,Y,2026-10-03T05:30:00+08:00,19.68804476298206,3,1.0,dow,11,65.75,65.1,66.56,4,Developing,3.65,5.6
2026-10-03,05:55:00,260879,19.5,Y,2026-10-03T05:30:00+08:00,19.88696372983431,3,1.000000000000001,dow,11,26.28,25.36,27.03,4,Developing,-6.78,-25.8
2026-10-03,05:55:00,260881,19.5,Y,2026-10-03T05:30:00+08:00,20.04733815473522,3,0.999999999999999,dow,11,26.28,25.36,27.03,4,Developing,-6.78,-25.8
2026-10-03,05:55:00,261008,13.3,Y,2026-10-03T05:30:00+08:00,19.884424618000146,3,1.0,dow,11,27.75,20.17,35.32,2,Provisional,-14.45,-52.1
2026-10-03,05:55:00,261009,19.5,Y,2026-10-03T05:30:00+08:00,19.927374857554042,3,0.9999999999999999,dow,11,26.28,25.36,27.03,4,Developing,-6.78,-25.8
2026-10-03,05:55:00,261021,50,N,2026-10-03T05:30:00+08:00,19.943687716931777,3,1.0,,,,,,,,,
2026-10-03,05:55:00,103139,50.3,Y,2026-10-03T05:30:00+08:00,20.26067155155534,3,1.0,dow,11,53.35,52.84,54.51,4,Developing,-3.05,-5.7
2026-10-03,05:55:00,103142,50.0,Y,2026-10-03T05:30:00+08:00,20.36991880620937,3,1.0,dow,11,50.0,50.0,50.0,4,Developing,0.0,0.0
2026-10-03,05:55:00,103143,45.2,Y,2026-10-03T05:30:00+08:00,20.268921467893144,3,1.0,dow,11,50.97,50.19,51.46,4,Developing,-5.77,-11.3
2026-10-03,05:55:00,103155,35.0,Y,2026-10-03T05:30:00+08:00,19.982624014814427,3,1.0,dow,11,46.25,44.38,49.75,4,Developing,-11.25,-24.3
2026-10-03,05:55:00,103165,34.6,Y,2026-10-03T05:30:00+08:00,20.162506030759072,3,1.000000000000001,dow,11,44.95,44.06,46.75,4,Developing,-10.35,-23.0
2026-10-03,05:55:00,103186,50.3,Y,2026-10-03T05:30:00+08:00,20.354696529249754,3,1.0,dow,11,53.35,52.84,54.51,4,Developing,-3.05,-5.7
2026-10-03,05:55:00,103187,50,N,2026-10-03T05:30:00+08:00,20.397792562671306,3,1.0,,,,,,,,,
2026-10-03,05:55:00,103188,50,N,2026-10-03T05:30:00+08:00,20.4121557259393,3,1.0,,,,,,,,,
2026-10-03,05:55:00,103542,52.3,Y,2026-10-03T05:30:00+08:00,20.111345390439556,3,1.0000000000000009,dow,11,60.12,58.96,61.01,4,Developing,-7.82,-13.0
2026-10-03,05:55:00,103543,52.3,Y,2026-10-03T05:30:00+08:00,20.068693939676137,3,1.000000000000001,dow,11,60.12,58.96,61.01,4,Developing,-7.82,-13.0
2026-10-03,05:55:00,103544,35.0,Y,2026-10-03T05:30:00+08:00,20.023628268486068,3,1.0,dow,11,46.25,44.38,49.75,4,Developing,-11.25,-24.3
2026-10-03,05:55:00,103642,50.0,Y,2026-10-03T05:30:00+08:00,20.05312316357992,3,1.000000000000001,dow,11,50.0,50.0,50.0,4,Developing,0.0,0.0
2026-10-03,05:55:00,103643,52.3,Y,2026-10-03T05:30:00+08:00,20.08730218559262,3,1.0,dow,11,60.12,58.96,61.01,4,Developing,-7.82,-13.0
2026-10-03,05:55:00,103645,38.0,Y,2026-10-03T05:30:00+08:00,20.0608695413557,3,1.0,dow,11,41.0,41.0,41.5,4,Developing,-3.0,-7.3
2026-10-03,05:55:00,103904,42.6,Y,2026-10-03T05:30:00+08:00,20.15762809897879,3,1.000000000000001,dow,11,49.15,48.66,49.8,4,Developing,-6.55,-13.3
2026-10-03,05:55:00,103907,50.0,Y,2026-10-03T05:30:00+08:00,20.090020139784823,3,1.0,dow,11,50.0,50.0,50.0,4,Developing,0.0,0.0
2026-10-03,05:55:00,103972,50.7,Y,2026-10-03T05:30:00+08:00,20.146439972974218,3,1.0,dow,11,53.58,52.9,54.76,4,Developing,-2.88,-5.4
2026-10-03,05:55:00,103975,40.3,Y,2026-10-03T05:30:00+08:00,20.218516917926458,3,1.0,dow,11,45.33,44.81,45.99,4,Developing,-5.03,-11.1
2026-10-03,05:55:00,104065,38.0,Y,2026-10-03T05:30:00+08:00,20.043091292558973,3,1.0,dow,11,41.0,41.0,41.5,4,Developing,-3.0,-7.3
2026-10-03,05:55:00,104173,24.5,Y,2026-10-03T05:30:00+08:00,17.841348918235653,3,1.0,dow,11,25.8,24.23,26.56,4,Developing,-1.3,-5.0
2026-10-03,05:55:00,104633,24.5,Y,2026-10-03T05:30:00+08:00,18.556290013750043,3,1.0,dow,11,25.8,24.23,26.56,4,Developing,-1.3,-5.0
2026-10-03,05:55:00,104634,27.7,Y,2026-10-03T05:30:00+08:00,18.598462275895898,3,1.0,dow,11,32.45,29.53,35.32,4,Developing,-4.75,-14.6
2026-10-03,05:55:00,105038,24.5,Y,2026-10-03T05:30:00+08:00,18.211131027018762,3,1.0,dow,11,25.8,24.23,26.56,4,Developing,-1.3,-5.0
2026-10-03,05:55:00,105051,24.5,Y,2026-10-03T05:30:00+08:00,18.84080875900841,3,1.0,dow,11,25.8,24.23,26.56,4,Developing,-1.3,-5.0
2026-10-03,05:55:00,105052,27.7,Y,2026-10-03T05:30:00+08:00,18.882511844864847,3,1.0,dow,11,32.45,29.53,35.32,4,Developing,-4.75,-14.6
2026-10-03,05:55:00,105103,24.5,Y,2026-10-03T05:30:00+08:00,18.06100585935905,3,1.0,dow,11,25.8,24.23,26.56,4,Developing,-1.3,-5.0
2026-10-03,05:55:00,105105,27.7,Y,2026-10-03T05:30:00+08:00,17.968379945530522,3,1.0,dow,11,32.45,29.53,35.32,4,Developing,-4.75,-14.6
2026-10-03,05:55:00,105222,27.7,Y,2026-10-03T05:30:00+08:00,18.31010425586095,3,1.000000000000001,dow,11,32.45,29.53,35.32,4,Developing,-4.75,-14.6
2026-10-03,05:55:00,105223,24.5,Y,2026-10-03T05:30:00+08:00,18.335733716661128,3,1.0000000000000009,dow,11,25.8,24.23,26.56,4,Developing,-1.3,-5.0
2026-10-03,05:55:00,107184,24.5,Y,2026-10-03T05:30:00+08:00,19.068037585118958,3,1.0,dow,11,25.8,24.23,26.56,4,Developing,-1.3,-5.0
2026-10-03,05:55:00,107185,27.7,Y,2026-10-03T05:30:00+08:00,19.27595159423244,3,1.0,dow,11,32.45,29.53,35.32,4,Developing,-4.75,-14.6
2026-10-03,05:55:00,109848,27.7,Y,2026-10-03T05:30:00+08:00,18.121776354214063,3,1.0,dow,11,32.45,29.53,35.32,4,Developing,-4.75,-14.6
2026-10-03,05:55:00,109851,24.5,Y,2026-10-03T05:30:00+08:00,17.896855972494436,3,0.9999999999999989,dow,11,25.8,24.23,26.56,4,Developing,-1.3,-5.0
2026-10-03,05:55:00,103715,43.6,Y,2026-10-03T05:30:00+08:00,19.505215898933997,3,0.9999999999999991,dow,11,32.58,31.85,33.84,4,Developing,11.02,33.8
2026-10-03,05:55:00,109845,60.9,Y,2026-10-03T05:30:00+08:00,19.682426690504315,3,0.9999999999999999,dow,11,64.85,63.29,66.34,4,Developing,-3.95,-6.1
2026-10-03,05:55:00,109846,60.9,Y,2026-10-03T05:30:00+08:00,19.758325067362147,3,1.0,dow,11,64.85,63.29,66.34,4,Developing,-3.95,-6.1
2026-10-03,05:55:00,103501,61.3,Y,2026-10-03T05:30:00+08:00,19.578978354829847,3,1.0,dow,11,67.35,67.1,67.79,4,Developing,-6.05,-9.0
2026-10-03,05:55:00,103502,60.9,Y,2026-10-03T05:30:00+08:00,19.583470340081625,3,1.0,dow,11,64.85,63.29,66.34,4,Developing,-3.95,-6.1
2026-10-03,05:55:00,103714,60.9,Y,2026-10-03T05:30:00+08:00,19.7650632068451,3,1.0,dow,11,64.85,63.29,66.34,4,Developing,-3.95,-6.1
2026-10-03,05:55:00,109828,61.3,Y,2026-10-03T05:30:00+08:00,19.771841115340816,3,1.0,dow,11,67.35,67.1,67.79,4,Developing,-6.05,-9.0
2026-10-03,05:55:00,103052,58.5,Y,2026-10-03T05:30:00+08:00,20.134531017393098,3,1.0,dow,11,70.3,69.08,71.38,4,Developing,-11.8,-16.8
2026-10-03,05:55:00,103053,58.5,Y,2026-10-03T05:30:00+08:00,20.263842761818392,3,1.0,dow,11,70.3,69.08,71.38,4,Developing,-11.8,-16.8
2026-10-03,05:55:00,106900,50,N,2026-10-03T05:30:00+08:00,23.493430034641214,3,1.0,dow,11,36.85,28.76,43.5,4,Developing,,
2026-10-03,05:55:00,103151,50.0,Y,2026-10-03T05:30:00+08:00,20.836419166631703,3,1.0,dow,11,50.0,50.0,50.0,4,Developing,0.0,0.0
2026-10-03,05:55:00,103153,50.0,Y,2026-10-03T05:30:00+08:00,20.65595622976062,3,1.0,dow,11,50.0,50.0,50.0,4,Developing,0.0,0.0
2026-10-03,05:55:00,95291,77.7,Y,2026-10-03T05:30:00+08:00,0.0,3,0.9999999999999991,dow,11,76.2,75.49,76.95,4,Developing,1.5,2.0
2026-10-03,05:55:00,95292,67.6,Y,2026-10-03T05:30:00+08:00,0.0,3,1.0,dow,11,67.28,66.64,67.97,4,Developing,0.32,0.5
2026-10-03,05:55:00,95311,63.5,Y,2026-10-03T05:30:00+08:00,0.0,3,1.0,dow,11,62.0,61.5,62.75,4,Developing,1.5,2.4
2026-10-03,05:55:00,96723,76.8,Y,2026-10-03T05:30:00+08:00,0.0,3,1.0000000000000009,dow,11,75.47,74.84,76.14,4,Developing,1.33,1.8
2026-10-03,05:55:00,96728,63.5,Y,2026-10-03T05:30:00+08:00,0.0,3,1.0,dow,11,62.0,61.5,62.75,4,Developing,1.5,2.4
2026-10-03,05:55:00,97099,63.5,Y,2026-10-03T05:30:00+08:00,0.0,3,1.0,dow,11,62.0,61.5,62.75,4,Developing,1.5,2.4
2026-10-03,05:55:00,283146,69.4,Y,2026-10-03T05:30:00+08:00,3.9285743012150527,3,0.9999999999999991,dow,11,65.75,65.1,66.56,4,Developing,3.65,5.6
2026-10-03,05:55:00,283147,69.4,Y,2026-10-03T05:30:00+08:00,3.9214087015700803,3,1.0,dow,11,65.75,65.1,66.56,4,Developing,3.65,5.6
2026-10-03,05:55:00,101475,65.0,Y,2026-10-03T05:30:00+08:00,21.76224494192753,3,1.0,dow,11,61.5,58.5,63.75,4,Developing,3.5,5.7
2026-10-03,05:55:00,101830,39.0,Y,2026-10-03T05:30:00+08:00,21.490199748056323,3,1.0,dow,11,42.0,39.75,44.75,4,Developing,-3.0,-7.1
2026-10-03,05:55:00,101900,39.0,Y,2026-10-03T05:30:00+08:00,21.742829118756514,3,0.999999999999999,dow,11,40.0,39.88,40.0,4,Developing,-1.0,-2.5
2026-10-03,05:55:00,101903,49.7,Y,2026-10-03T05:30:00+08:00,21.841894776328257,3,1.0,dow,11,55.75,53.65,57.55,4,Developing,-6.05,-10.9
2026-10-03,05:55:00,1236,43.4,Y,2026-10-03T05:30:00+08:00,18.34587396705494,3,1.0,dow,11,38.35,34.82,41.65,4,Developing,5.05,13.2
2026-10-03,05:55:00,106902,31.5,Y,2026-10-03T05:30:00+08:00,22.418225176850594,3,0.9999999999999998,dow,11,51.17,48.0,54.4,4,Developing,-19.67,-38.4
2026-10-03,05:55:00,164486,59.5,Y,2026-10-03T05:30:00+08:00,19.89901752222702,3,1.0,dow,11,60.8,58.85,61.46,4,Developing,-1.3,-2.1
2026-10-03,05:55:00,164487,59.5,Y,2026-10-03T05:30:00+08:00,21.03170999144919,3,1.0,dow,11,60.8,58.85,61.46,4,Developing,-1.3,-2.1
2026-10-03,05:55:00,260885,59.5,Y,2026-10-03T05:30:00+08:00,19.728909225304264,3,1.0,dow,11,60.8,58.85,61.46,4,Developing,-1.3,-2.1
2026-10-03,05:55:00,260890,41.5,Y,2026-10-03T05:30:00+08:00,19.45829824504012,3,1.0,dow,11,41.12,39.95,41.95,4,Developing,0.38,0.9
2026-10-03,05:55:00,260913,69.4,Y,2026-10-03T05:30:00+08:00,19.332309847838417,3,1.0,dow,11,65.75,65.1,66.56,4,Developing,3.65,5.6
2026-10-03,05:55:00,260915,69.4,Y,2026-10-03T05:30:00+08:00,19.126589823410253,3,0.9999999999999999,dow,11,65.75,65.1,66.56,4,Developing,3.65,5.6
2026-10-03,05:55:00,260917,69.4,Y,2026-10-03T05:30:00+08:00,18.959914646257875,3,1.0,dow,11,65.75,65.1,66.56,4,Developing,3.65,5.6
2026-10-03,05:55:00,260921,69.4,Y,2026-10-03T05:30:00+08:00,19.306602205230032,3,1.0,dow,11,65.75,65.1,66.56,4,Developing,3.65,5.6
2026-10-03,05:55:00,260923,69.4,Y,2026-10-03T05:30:00+08:00,19.70308972271215,3,1.0,dow,11,65.75,65.1,66.56,4,Developing,3.65,5.6
2026-10-03,05:55:00,260924,59.5,Y,2026-10-03T05:30:00+08:00,19.14567094311363,3,1.0,dow,11,60.8,58.85,61.46,4,Developing,-1.3,-2.1
2026-10-03,05:55:00,260930,33.3,Y,2026-10-03T05:30:00+08:00,19.85531082504384,3,0.9999999999999999,dow,11,37.9,37.21,39.36,4,Developing,-4.6,-12.1
2026-10-03,05:55:00,260933,33.3,Y,2026-10-03T05:30:00+08:00,21.018185587509603,3,1.0,dow,11,37.9,37.21,39.36,4,Developing,-4.6,-12.1
2026-10-03,05:55:00,260981,59.5,Y,2026-10-03T05:30:00+08:00,19.427146229398716,3,1.0,dow,11,60.8,58.85,61.46,4,Developing,-1.3,-2.1
2026-10-03,05:55:00,260983,59.5,Y,2026-10-03T05:30:00+08:00,19.169510506932944,3,0.9999999999999989,dow,11,60.8,58.85,61.46,4,Developing,-1.3,-2.1
2026-10-03,05:55:00,261020,13.3,Y,2026-10-03T05:30:00+08:00,20.116814445320223,3,1.0,dow,11,27.75,20.17,35.32,2,Provisional,-14.45,-52.1
2026-10-03,05:55:00,275144,59.5,Y,2026-10-03T05:30:00+08:00,19.963346366429242,3,1.0,dow,11,60.8,58.85,61.46,4,Developing,-1.3,-2.1
2026-10-03,05:55:00,285594,62.0,Y,2026-10-03T05:30:00+08:00,20.62709686598751,3,1.0,dow,11,70.45,65.5,74.9,4,Developing,-8.45,-12.0
2026-10-03,05:55:00,285595,62.0,Y,2026-10-03T05:30:00+08:00,20.63344411057944,3,1.0,dow,11,70.45,65.5,74.9,4,Developing,-8.45,-12.0
2026-10-03,05:55:00,285596,62.0,Y,2026-10-03T05:30:00+08:00,20.6316741360249,3,0.9999999999999999,dow,11,70.45,65.5,74.9,4,Developing,-8.45,-12.0
2026-10-03,05:55:00,285601,66.0,Y,2026-10-03T05:30:00+08:00,20.600671322453195,3,1.0000000000000009,dow,11,68.65,68.38,68.85,4,Developing,-2.65,-3.9
2026-10-03,05:55:00,285602,66.0,Y,2026-10-03T05:30:00+08:00,20.6116626991872,3,1.0,dow,11,68.65,68.38,68.85,4,Developing,-2.65,-3.9
2026-10-03,05:55:00,296274,79.4,Y,2026-10-03T05:30:00+08:00,0.0,3,1.0,dow,11,81.32,78.53,83.89,4,Developing,-1.92,-2.4
2026-10-03,05:55:00,296280,79.4,Y,2026-10-03T05:30:00+08:00,0.0,3,1.0,dow,11,81.32,78.53,83.89,4,Developing,-1.92,-2.4
2026-10-03,05:55:00,95438,73.2,Y,2026-10-03T05:30:00+08:00,0.0,3,1.0,dow,11,74.85,73.65,75.82,4,Developing,-1.65,-2.2
2026-10-03,05:55:00,95441,66.8,Y,2026-10-03T05:30:00+08:00,0.0,3,1.0000000000000009,dow,11,76.2,75.47,77.23,4,Developing,-9.4,-12.3
2026-10-03,05:55:00,95997,77.4,Y,2026-10-03T05:30:00+08:00,0.0,3,1.0000000000000009,dow,11,72.62,72.2,72.8,4,Developing,4.78,6.6
2026-10-03,05:55:00,95998,63.4,Y,2026-10-03T05:30:00+08:00,0.0,3,0.9999999999999994,dow,11,64.47,63.66,65.59,4,Developing,-1.07,-1.7
2026-10-03,05:55:00,95999,62.4,Y,2026-10-03T05:30:00+08:00,0.0,3,1.0,dow,11,62.55,61.65,63.45,4,Developing,-0.15,-0.2
2026-10-03,05:55:00,96000,64.0,Y,2026-10-03T05:30:00+08:00,0.0,3,1.0,dow,11,70.8,70.26,71.6,4,Developing,-6.8,-9.6
2026-10-03,05:55:00,96001,67.8,Y,2026-10-03T05:30:00+08:00,0.0,3,1.0000000000000004,dow,11,70.1,69.46,70.88,4,Developing,-2.3,-3.3
2026-10-03,05:55:00,97137,63.0,Y,2026-10-03T05:30:00+08:00,0.0,3,1.0000000000000004,dow,11,63.25,62.65,64.17,4,Developing,-0.25,-0.4
2026-10-03,05:55:00,97138,65.5,Y,2026-10-03T05:30:00+08:00,0.0,3,0.9999999999999993,dow,11,70.62,69.61,71.72,4,Developing,-5.12,-7.3
2026-10-03,05:55:00,97139,67.9,Y,2026-10-03T05:30:00+08:00,0.0,3,0.9999999999999996,dow,11,70.1,69.46,70.88,4,Developing,-2.2,-3.1
2026-10-03,05:55:00,97141,76.3,Y,2026-10-03T05:30:00+08:00,0.0,3,0.9999999999999996,dow,11,70.6,69.67,71.38,4,Developing,5.7,8.1
2026-10-03,05:55:00,97142,62.4,Y,2026-10-03T05:30:00+08:00,0.0,3,1.0000000000000007,dow,11,63.32,61.88,64.59,4,Developing,-0.92,-1.5
2026-10-03,05:55:00,97160,60.6,Y,2026-10-03T05:30:00+08:00,0.0,3,1.0,dow,11,58.6,57.43,59.44,4,Developing,2.0,3.4
2026-10-03,05:55:00,97183,59.2,Y,2026-10-03T05:30:00+08:00,0.0,3,1.000000000000001,dow,11,67.3,67.02,67.7,4,Developing,-8.1,-12.0
2026-10-03,05:55:00,97209,62.6,Y,2026-10-03T05:30:00+08:00,0.0,3,0.9999999999999996,dow,11,64.07,63.14,64.9,4,Developing,-1.47,-2.3
2026-10-03,05:55:00,103428,37.8,Y,2026-10-03T05:30:00+08:00,19.890968516186945,3,0.9999999999999989,dow,11,43.38,42.96,43.74,4,Developing,-5.58,-12.9
2026-10-03,05:55:00,103861,37.8,Y,2026-10-03T05:30:00+08:00,19.969377548611938,3,1.0,dow,11,43.38,42.96,43.74,4,Developing,-5.58,-12.9
2026-10-03,05:55:00,267163,46.5,Y,2026-10-03T05:30:00+08:00,0.0,3,1.0,dow,11,48.45,47.95,48.9,4,Developing,-1.95,-4.0
2026-10-03,05:55:00,267164,65.1,Y,2026-10-03T05:30:00+08:00,0.0,3,1.0,dow,11,63.03,62.21,63.5,4,Developing,2.07,3.3
2026-10-03,05:55:00,267165,27.9,Y,2026-10-03T05:30:00+08:00,0.0,3,1.0,dow,11,35.75,34.59,36.62,4,Developing,-7.85,-22.0
2026-10-03,05:55:00,267166,27.9,Y,2026-10-03T05:30:00+08:00,0.0,3,1.000000000000001,dow,11,35.75,34.59,36.62,4,Developing,-7.85,-22.0
2026-10-03,05:55:00,267167,27.9,Y,2026-10-03T05:30:00+08:00,0.0,3,1.0,dow,11,35.75,34.59,36.62,4,Developing,-7.85,-22.0
2026-10-03,05:55:00,267168,27.9,Y,2026-10-03T05:30:00+08:00,0.0,3,1.0,dow,11,35.75,34.59,36.62,4,Developing,-7.85,-22.0
2026-10-03,05:55:00,267169,27.9,Y,2026-10-03T05:30:00+08:00,0.0,3,1.0,dow,11,35.75,34.59,36.62,4,Developing,-7.85,-22.0
2026-10-03,05:55:00,267170,27.9,Y,2026-10-03T05:30:00+08:00,0.0,3,1.0,dow,11,35.75,34.59,36.62,4,Developing,-7.85,-22.0
2026-10-03,05:55:00,267171,46.5,Y,2026-10-03T05:30:00+08:00,0.0,3,0.9999999999999999,dow,11,48.45,47.95,48.9,4,Developing,-1.95,-4.0
2026-10-03,05:55:00,276983,64.2,Y,2026-10-03T05:30:00+08:00,0.0,3,1.0,dow,11,63.12,62.14,63.74,4,Developing,1.08,1.7
2026-10-03,05:55:00,276986,34.7,Y,2026-10-03T05:30:00+08:00,0.0,3,1.0,dow,11,41.17,39.76,42.1,4,Developing,-6.47,-15.7
2026-10-03,05:55:00,276990,61.0,Y,2026-10-03T05:30:00+08:00,0.0,3,0.9999999999999997,dow,11,63.45,63.03,63.76,4,Developing,-2.45,-3.9
2026-10-03,05:55:00,276994,65.6,Y,2026-10-03T05:30:00+08:00,0.0,3,1.0000000000000009,dow,11,64.95,64.75,65.24,4,Developing,0.65,1.0
2026-10-03,05:55:00,95340,63.0,Y,2026-10-03T05:30:00+08:00,0.0,3,0.9999999999999997,dow,11,63.17,62.56,64.21,4,Developing,-0.17,-0.3
2026-10-03,05:55:00,95341,63.5,Y,2026-10-03T05:30:00+08:00,0.0,3,0.9999999999999996,dow,11,62.52,62.24,63.05,4,Developing,0.98,1.6
2026-10-03,05:55:00,96644,57.8,Y,2026-10-03T05:30:00+08:00,0.0,3,0.9999999999999996,dow,11,62.47,61.91,62.94,4,Developing,-4.67,-7.5
2026-10-03,05:55:00,96645,63.0,Y,2026-10-03T05:30:00+08:00,0.0,3,0.9999999999999999,dow,11,63.05,62.2,64.2,4,Developing,-0.05,-0.1
2026-10-03,05:55:00,97109,56.2,Y,2026-10-03T05:30:00+08:00,0.0,3,0.9999999999999997,dow,11,63.65,62.9,64.06,4,Developing,-7.45,-11.7
2026-10-03,05:55:00,97110,64.8,Y,2026-10-03T05:30:00+08:00,0.0,3,0.9999999999999996,dow,11,61.67,61.11,62.23,4,Developing,3.13,5.1
2026-10-03,05:55:00,279745,50.2,Y,2026-10-03T05:30:00+08:00,4.584402030087004,3,1.0000000000000009,dow,11,70.47,68.85,72.96,4,Developing,-20.27,-28.8
2026-10-03,05:55:00,279746,72.5,Y,2026-10-03T05:30:00+08:00,5.054552344720531,3,1.0000000000000009,dow,11,70.15,67.97,71.15,3,Provisional,2.35,3.3
2026-10-03,05:55:00,60502,88.0,Y,2026-10-03T05:30:00+08:00,4.9183581214412015,3,1.0,dow,11,81.72,79.59,83.1,4,Developing,6.28,7.7
2026-10-03,05:55:00,60564,69.8,Y,2026-10-03T05:30:00+08:00,4.257231919854354,3,1.0,dow,11,84.0,83.36,84.38,4,Developing,-14.2,-16.9
2026-10-03,05:55:00,60565,63.8,Y,2026-10-03T05:30:00+08:00,5.216525949426458,3,1.0,dow,11,66.15,64.97,67.44,4,Developing,-2.35,-3.6
2026-10-03,05:55:00,60623,79.8,Y,2026-10-03T05:30:00+08:00,5.929601643719425,3,0.9999999999999999,dow,11,86.8,85.06,87.61,4,Developing,-7.0,-8.1
2026-10-03,05:55:00,60953,75.8,Y,2026-10-03T05:30:00+08:00,6.109886210023555,3,1.0,dow,11,80.45,78.44,82.2,4,Developing,-4.65,-5.8
2026-10-03,05:55:00,60955,62.6,Y,2026-10-03T05:30:00+08:00,5.541373758286196,3,1.0,dow,11,66.45,65.38,67.66,4,Developing,-3.85,-5.8
2026-10-03,05:55:00,61149,60.8,Y,2026-10-03T05:30:00+08:00,4.2934901315616205,3,1.0,dow,11,79.07,77.0,81.55,4,Developing,-18.27,-23.1
2026-10-03,05:55:00,61267,65.6,Y,2026-10-03T05:30:00+08:00,5.916486769716318,3,1.0,dow,11,67.35,66.8,69.27,4,Developing,-1.75,-2.6
2026-10-03,05:55:00,61582,79.3,Y,2026-10-03T05:30:00+08:00,4.2549309517538,3,1.0,dow,11,74.67,74.04,75.54,4,Developing,4.63,6.2
2026-10-03,05:55:00,61636,84.5,Y,2026-10-03T05:30:00+08:00,5.544479973759653,3,1.0000000000000009,dow,11,86.0,85.45,86.55,4,Developing,-1.5,-1.7
2026-10-03,05:55:00,61637,59.2,Y,2026-10-03T05:30:00+08:00,6.055608868077094,3,1.0,dow,11,65.0,64.7,65.3,4,Developing,-5.8,-8.9
2026-10-03,05:55:00,61934,88.0,Y,2026-10-03T05:30:00+08:00,5.211994334813616,3,1.0,dow,11,81.32,79.24,81.62,4,Developing,6.68,8.2
2026-10-03,05:55:00,62221,82.0,Y,2026-10-03T05:30:00+08:00,4.183885717806388,3,1.0,dow,11,81.85,80.1,82.93,4,Developing,0.15,0.2
2026-10-03,05:55:00,62228,84.4,Y,2026-10-03T05:30:00+08:00,4.409622314553164,3,0.9999999999999989,dow,11,75.35,74.04,76.01,4,Developing,9.05,12.0
2026-10-03,05:55:00,62546,80.7,Y,2026-10-03T05:30:00+08:00,4.697470329377894,3,1.0,dow,11,71.05,69.38,72.12,4,Developing,9.65,13.6
2026-10-03,05:55:00,62550,79.0,Y,2026-10-03T05:30:00+08:00,4.375842424661445,3,0.9999999999999999,dow,11,74.35,73.95,74.86,4,Developing,4.65,6.3
2026-10-03,05:55:00,285524,51.2,Y,2026-10-03T05:30:00+08:00,6.51885599699285,3,0.9999999999999989,dow,11,71.5,69.71,73.66,4,Developing,-20.3,-28.4
2026-10-03,05:55:00,285531,70,N,2026-10-03T05:30:00+08:00,6.5567151800224845,3,0.9999999999999999,,,,,,,,,
2026-10-03,05:55:00,60452,51.2,Y,2026-10-03T05:30:00+08:00,6.648544604913136,3,1.0,dow,11,71.5,69.71,73.66,4,Developing,-20.3,-28.4
2026-10-03,05:55:00,60513,70.5,Y,2026-10-03T05:30:00+08:00,6.357449280881707,3,1.0,dow,11,72.95,71.25,75.43,4,Developing,-2.45,-3.4
2026-10-03,05:55:00,60570,60.2,Y,2026-10-03T05:30:00+08:00,6.772248161740408,3,1.0,dow,11,61.8,61.8,61.8,4,Developing,-1.6,-2.6
2026-10-03,05:55:00,60628,83.0,Y,2026-10-03T05:30:00+08:00,7.598416881663574,3,1.000000000000001,dow,11,74.28,72.16,76.22,4,Developing,8.72,11.7
2026-10-03,05:55:00,60635,63.3,Y,2026-10-03T05:30:00+08:00,7.45620253417873,3,0.999999999999999,dow,11,65.4,65.29,65.5,4,Developing,-2.1,-3.2
2026-10-03,05:55:00,60815,76.7,Y,2026-10-03T05:30:00+08:00,8.181741672517232,3,0.9999999999999998,dow,11,71.75,71.66,71.81,4,Developing,4.95,6.9
2026-10-03,05:55:00,61278,67.3,Y,2026-10-03T05:30:00+08:00,7.6150003748075,3,1.0,dow,11,66.95,66.42,67.36,4,Developing,0.35,0.5
2026-10-03,05:55:00,61495,59.1,Y,2026-10-03T05:30:00+08:00,7.182905872543283,3,1.0,dow,11,63.15,63.14,63.16,4,Developing,-4.05,-6.4
2026-10-03,05:55:00,61585,66.8,Y,2026-10-03T05:30:00+08:00,7.3506381942707035,3,1.0000000000000009,dow,11,64.4,64.4,64.4,4,Developing,2.4,3.7
2026-10-03,05:55:00,61587,83.4,Y,2026-10-03T05:30:00+08:00,7.3278864467831335,3,1.0,dow,11,74.35,72.28,76.4,4,Developing,9.05,12.2
2026-10-03,05:55:00,61843,73.1,Y,2026-10-03T05:30:00+08:00,7.113483307514242,3,1.0,dow,11,70.9,70.9,70.93,4,Developing,2.2,3.1
2026-10-03,05:55:00,61880,61.1,Y,2026-10-03T05:30:00+08:00,6.318162143626106,3,1.0,dow,11,61.35,60.99,61.41,4,Developing,-0.25,-0.4
2026-10-03,05:55:00,62282,57.9,Y,2026-10-03T05:30:00+08:00,6.911607828231916,3,0.9999999999999999,dow,11,70.1,69.65,71.74,4,Developing,-12.2,-17.4
2026-10-03,05:55:00,62611,66.7,Y,2026-10-03T05:30:00+08:00,7.330276345160675,3,1.0,dow,11,64.2,64.2,64.2,4,Developing,2.5,3.9
2026-10-03,05:55:00,62612,82.0,Y,2026-10-03T05:30:00+08:00,7.324527342696628,3,1.0,dow,11,76.17,75.29,76.51,4,Developing,5.83,7.7
2026-10-03,05:55:00,62613,79.0,Y,2026-10-03T05:30:00+08:00,7.297798745909927,3,1.0,dow,11,74.25,72.25,76.44,4,Developing,4.75,6.4
2026-10-03,05:55:00,62881,79.8,Y,2026-10-03T05:30:00+08:00,8.12364889633427,3,1.0000000000000004,dow,11,73.4,71.92,74.78,4,Developing,6.4,8.7
2026-10-03,05:55:00,62910,73.2,Y,2026-10-03T05:30:00+08:00,6.72245727609231,3,1.0,dow,11,74.2,73.17,75.21,4,Developing,-1.0,-1.3
2026-10-03,05:55:00,62944,56.8,Y,2026-10-03T05:30:00+08:00,6.78960346686286,3,1.0,dow,11,73.25,71.78,74.88,4,Developing,-16.45,-22.5
2026-10-03,05:55:00,62956,60.3,Y,2026-10-03T05:30:00+08:00,7.347505330339285,3,0.9999999999999999,dow,11,65.27,64.91,65.6,4,Developing,-4.97,-7.6
2026-10-03,05:55:00,62958,82.0,Y,2026-10-03T05:30:00+08:00,7.296957395902432,3,1.000000000000001,dow,11,76.12,75.19,76.5,4,Developing,5.88,7.7
2026-10-03,05:55:00,62959,59.9,Y,2026-10-03T05:30:00+08:00,7.3289426062777006,3,1.0,dow,11,65.17,64.82,65.5,4,Developing,-5.27,-8.1
2026-10-03,05:55:00,62960,59.4,Y,2026-10-03T05:30:00+08:00,6.980431279725984,3,1.0,dow,11,63.12,62.95,63.3,4,Developing,-3.72,-5.9
2026-10-03,05:55:00,63020,80,N,2026-10-03T05:30:00+08:00,7.441034533320677,3,1.0,,,,,,,,,
2026-10-03,05:55:00,311,43.4,Y,2026-10-03T05:30:00+08:00,17.95173850787918,3,1.0,dow,11,38.35,34.82,41.65,4,Developing,5.05,13.2
2026-10-03,05:55:00,3361,42.2,Y,2026-10-03T05:30:00+08:00,17.50368883502412,3,1.0,dow,11,27.9,14.11,42.15,4,Developing,14.3,51.3
2026-10-03,05:55:00,3673,43.4,Y,2026-10-03T05:30:00+08:00,17.86549586482847,3,1.0,dow,11,38.35,34.82,41.65,4,Developing,5.05,13.2
2026-10-03,05:55:00,4003,43.4,Y,2026-10-03T05:30:00+08:00,17.937135590556508,3,1.0,dow,11,38.35,34.82,41.65,4,Developing,5.05,13.2
2026-10-03,05:55:00,405,43.4,Y,2026-10-03T05:30:00+08:00,17.924046755296573,3,1.0,dow,11,38.35,34.82,41.65,4,Developing,5.05,13.2
2026-10-03,05:55:00,5251,49.8,Y,2026-10-03T05:30:00+08:00,17.980098036916132,3,1.0,dow,11,45.05,38.6,52.34,4,Developing,4.75,10.5
2026-10-03,05:55:00,593,43.4,Y,2026-10-03T05:30:00+08:00,17.938970620362458,3,1.0,dow,11,38.35,34.82,41.65,4,Developing,5.05,13.2
2026-10-03,05:55:00,1081,48.6,Y,2026-10-03T05:30:00+08:00,16.603368584861215,3,1.0,dow,11,44.6,42.98,45.3,4,Developing,4.0,9.0
2026-10-03,05:55:00,1605,41.5,Y,2026-10-03T05:30:00+08:00,16.570627319321524,3,0.999999999999999,dow,11,44.23,42.12,46.2,4,Developing,-2.73,-6.2
2026-10-03,05:55:00,2832,52.4,Y,2026-10-03T05:30:00+08:00,18.59911547053776,3,1.0000000000000004,dow,11,40.5,37.7,43.73,4,Developing,11.9,29.4
2026-10-03,05:55:00,3064,52.4,Y,2026-10-03T05:30:00+08:00,18.772954133569222,3,1.0,dow,11,40.5,37.7,43.73,4,Developing,11.9,29.4
2026-10-03,05:55:00,3275,55.2,Y,2026-10-03T05:30:00+08:00,18.68375854897621,3,0.9999999999999997,dow,11,45.65,43.62,48.77,4,Developing,9.55,20.9
2026-10-03,05:55:00,3605,41.5,Y,2026-10-03T05:30:00+08:00,16.61704571304546,3,1.0,dow,11,44.23,42.12,46.2,4,Developing,-2.73,-6.2
2026-10-03,05:55:00,425,42.7,Y,2026-10-03T05:30:00+08:00,16.61483277398173,3,1.0000000000000009,dow,11,46.25,44.5,48.8,4,Developing,-3.55,-7.7
2026-10-03,05:55:00,5802,51.3,Y,2026-10-03T05:30:00+08:00,16.599876315579372,3,1.0,dow,11,46.9,45.98,48.66,4,Developing,4.4,9.4
2026-10-03,05:55:00,6721,55.2,Y,2026-10-03T05:30:00+08:00,18.76465252400847,3,1.0000000000000002,dow,11,45.65,43.62,48.77,4,Developing,9.55,20.9
2026-10-03,05:55:00,713,43.8,Y,2026-10-03T05:30:00+08:00,16.61904393158222,3,1.0,dow,11,46.95,42.67,51.42,4,Developing,-3.15,-6.7
2026-10-03,05:55:00,740,55.2,Y,2026-10-03T05:30:00+08:00,18.550885269250422,3,0.9999999999999998,dow,11,45.65,43.62,48.77,4,Developing,9.55,20.9
2026-10-03,05:55:00,821,43.8,Y,2026-10-03T05:30:00+08:00,16.610010354788503,3,1.0,dow,11,48.5,42.73,54.27,4,Developing,-4.7,-9.7
2026-10-03,05:55:00,100203,70.0,Y,2026-10-03T05:30:00+08:00,22.138066154162,3,1.0,dow,11,62.17,61.64,64.05,4,Developing,7.83,12.6
2026-10-03,05:55:00,100343,57.0,Y,2026-10-03T05:30:00+08:00,21.596827146344264,3,1.0,dow,11,59.45,59.29,60.34,4,Developing,-2.45,-4.1
2026-10-03,05:55:00,100344,42.1,Y,2026-10-03T05:30:00+08:00,21.46576401056715,3,1.0,dow,11,49.3,47.62,51.7,4,Developing,-7.2,-14.6
2026-10-03,05:55:00,100345,44.1,Y,2026-10-03T05:30:00+08:00,21.153466536346258,3,1.0,dow,11,43.3,41.42,44.55,4,Developing,0.8,1.8
2026-10-03,05:55:00,101331,61.2,Y,2026-10-03T05:30:00+08:00,21.943306757073405,3,0.9999999999999991,dow,11,62.3,61.52,62.32,4,Developing,-1.1,-1.8
2026-10-03,05:55:00,101332,58.0,Y,2026-10-03T05:30:00+08:00,22.00311441743053,3,1.0,dow,11,57.92,57.15,58.76,4,Developing,0.08,0.1
2026-10-03,05:55:00,101333,58.4,Y,2026-10-03T05:30:00+08:00,21.949316183695974,3,1.000000000000001,dow,11,58.25,57.08,59.41,4,Developing,0.15,0.3
2026-10-03,05:55:00,101785,44.1,Y,2026-10-03T05:30:00+08:00,21.83728853099361,3,1.0,dow,11,44.4,42.85,46.38,4,Developing,-0.3,-0.7
2026-10-03,05:55:00,101786,65.4,Y,2026-10-03T05:30:00+08:00,21.84260683798083,3,1.0,dow,11,68.33,67.61,69.36,4,Developing,-2.93,-4.3
2026-10-03,05:55:00,101788,46.5,Y,2026-10-03T05:30:00+08:00,21.680730547350457,3,0.9999999999999999,dow,11,53.7,53.54,54.2,4,Developing,-7.2,-13.4
2026-10-03,05:55:00,101790,47.0,Y,2026-10-03T05:30:00+08:00,21.70107265000977,3,1.0,dow,11,54.38,54.12,54.88,4,Developing,-7.38,-13.6
2026-10-03,05:55:00,101791,68.7,Y,2026-10-03T05:30:00+08:00,21.686140389808266,3,0.999999999999999,dow,11,68.85,68.2,69.53,4,Developing,-0.15,-0.2
2026-10-03,05:55:00,101825,70.0,Y,2026-10-03T05:30:00+08:00,22.038234208822594,3,1.0000000000000009,dow,11,63.9,63.27,65.43,4,Developing,6.1,9.5
2026-10-03,05:55:00,101826,55.1,Y,2026-10-03T05:30:00+08:00,22.078304673871852,3,1.0,dow,11,57.23,56.3,57.86,4,Developing,-2.13,-3.7
2026-10-03,05:55:00,101940,62.0,Y,2026-10-03T05:30:00+08:00,21.804278557042437,3,0.9999999999999999,dow,11,62.3,61.29,63.02,4,Developing,-0.3,-0.5
2026-10-03,05:55:00,101941,46.2,Y,2026-10-03T05:30:00+08:00,21.799734251994078,3,1.0000000000000009,dow,11,52.2,51.38,52.85,4,Developing,-6.0,-11.5
2026-10-03,05:55:00,101945,54.7,Y,2026-10-03T05:30:00+08:00,21.742752903052672,3,1.0,dow,11,64.22,63.69,65.0,4,Developing,-9.52,-14.8
2026-10-03,05:55:00,101946,71.0,Y,2026-10-03T05:30:00+08:00,21.747377461150354,3,0.9999999999999999,dow,11,71.25,71.19,72.01,4,Developing,-0.25,-0.4
2026-10-03,05:55:00,101947,44.1,Y,2026-10-03T05:30:00+08:00,21.862814445542558,3,1.0,dow,11,44.4,42.85,46.38,4,Developing,-0.3,-0.7
2026-10-03,05:55:00,101948,63.1,Y,2026-10-03T05:30:00+08:00,21.877848224239724,3,0.9999999999999989,dow,11,67.05,65.4,68.33,4,Developing,-3.95,-5.9
2026-10-03,05:55:00,103246,44.2,Y,2026-10-03T05:30:00+08:00,20.73673691363163,3,1.0,dow,11,36.43,34.89,39.03,4,Developing,7.77,21.3
2026-10-03,05:55:00,141093,33.7,Y,2026-10-03T05:30:00+08:00,20.90337112790932,3,0.999999999999999,dow,11,29.07,25.84,32.17,4,Developing,4.63,15.9
2026-10-03,05:55:00,164116,70.0,Y,2026-10-03T05:30:00+08:00,22.047168160222565,3,1.0,dow,11,61.98,61.38,63.9,4,Developing,8.02,12.9
2026-10-03,05:55:00,164786,70.0,Y,2026-10-03T05:30:00+08:00,21.986343983157866,3,0.999999999999999,dow,11,61.5,60.78,63.55,4,Developing,8.5,13.8
2026-10-03,05:55:00,165029,44.2,Y,2026-10-03T05:30:00+08:00,20.857340440986285,3,1.0,dow,11,36.43,34.89,39.03,4,Developing,7.77,21.3
2026-10-03,05:55:00,101740,40.7,Y,2026-10-03T05:30:00+08:00,13.731188143462283,3,1.0,dow,11,59.6,57.3,61.55,4,Developing,-18.9,-31.7
2026-10-03,05:55:00,101896,44.8,Y,2026-10-03T05:30:00+08:00,13.713653176953326,3,1.0,dow,11,60.42,58.38,62.2,4,Developing,-15.62,-25.9
2026-10-03,05:55:00,150314,38.7,Y,2026-10-03T05:30:00+08:00,13.715765683675357,3,0.9999999999999991,dow,11,37.4,36.91,37.73,4,Developing,1.3,3.5
2026-10-03,05:55:00,105507,50.0,Y,2026-10-03T05:30:00+08:00,23.459670298865262,3,1.0,dow,11,36.85,28.76,43.5,4,Developing,13.15,35.7
2026-10-03,05:55:00,106828,52.6,Y,2026-10-03T05:30:00+08:00,23.438349218953782,3,1.0,dow,11,52.0,50.62,54.72,4,Developing,0.6,1.2
2026-10-03,05:55:00,106882,49.0,Y,2026-10-03T05:30:00+08:00,23.48124827766703,3,1.0,dow,11,36.85,28.76,43.5,4,Developing,12.15,33.0
2026-10-03,05:55:00,106908,17.5,Y,2026-10-03T05:30:00+08:00,23.484664449654304,3,1.0000000000000002,dow,11,20.95,17.23,24.38,4,Developing,-3.45,-16.5
2026-10-03,05:55:00,107101,52.6,Y,2026-10-03T05:30:00+08:00,23.321978904486738,3,0.9999999999999996,dow,11,52.0,50.62,54.72,4,Developing,0.6,1.2
2026-10-03,05:55:00,7473,50,N,2026-10-03T05:30:00+08:00,7.087880389117994,3,1.0,,,,,,,,,
2026-10-03,05:55:00,8139,80,N,2026-10-03T05:30:00+08:00,7.194115489514421,3,1.0,,,,,,,,,
2026-10-03,05:55:00,7574,94.3,Y,2026-10-03T05:30:00+08:00,3.32605036888426,3,0.9999999999999999,dow,11,86.95,86.25,87.85,4,Developing,7.35,8.5
2026-10-03,05:55:00,8547,89.4,Y,2026-10-03T05:30:00+08:00,3.136383391840672,3,1.0,dow,11,84.8,83.81,85.61,4,Developing,4.6,5.4
2026-10-03,05:55:00,8559,80.5,Y,2026-10-03T05:30:00+08:00,3.167939729803222,3,1.0,dow,11,78.8,76.6,79.1,4,Developing,1.7,2.2
2026-10-03,05:55:00,8835,80.4,Y,2026-10-03T05:30:00+08:00,3.1444860182359267,3,1.0,dow,11,80.2,77.35,80.65,4,Developing,0.2,0.2
2026-10-03,05:55:00,8878,80.2,Y,2026-10-03T05:30:00+08:00,3.336286530026836,3,1.0,dow,11,81.3,78.86,83.01,4,Developing,-1.1,-1.4
2026-10-03,05:55:00,9548,82.5,Y,2026-10-03T05:30:00+08:00,3.160416427982847,3,1.0,dow,11,80.65,80.35,81.2,4,Developing,1.85,2.3
2026-10-03,05:55:00,100660,56.7,Y,2026-10-03T05:30:00+08:00,16.56900858944236,3,0.9999999999999998,dow,11,61.97,58.79,63.58,4,Developing,-5.27,-8.5
2026-10-03,05:55:00,100689,29.8,Y,2026-10-03T05:30:00+08:00,17.480240197640683,3,1.0,dow,11,32.88,29.79,37.48,4,Developing,-3.08,-9.4
2026-10-03,05:55:00,100690,27.2,Y,2026-10-03T05:30:00+08:00,17.379245693385833,3,1.0,dow,11,32.12,24.6,40.06,4,Developing,-4.92,-15.3
2026-10-03,05:55:00,100692,23.1,Y,2026-10-03T05:30:00+08:00,17.09785025247598,3,1.0,dow,11,48.25,46.98,50.05,4,Developing,-25.15,-52.1
2026-10-03,05:55:00,100696,11.5,Y,2026-10-03T05:30:00+08:00,17.323989219766133,3,1.0000000000000009,dow,11,16.1,14.1,19.36,4,Developing,-4.6,-28.6
2026-10-03,05:55:00,100697,27.2,Y,2026-10-03T05:30:00+08:00,17.332788319904473,3,1.0,dow,11,32.12,24.6,40.06,4,Developing,-4.92,-15.3
2026-10-03,05:55:00,100743,21.4,Y,2026-10-03T05:30:00+08:00,16.788958700423827,3,1.0000000000000004,dow,11,55.67,54.39,55.84,4,Developing,-34.27,-61.6
2026-10-03,05:55:00,101025,27.2,Y,2026-10-03T05:30:00+08:00,17.516472474649444,3,1.0,dow,11,32.12,24.6,40.06,4,Developing,-4.92,-15.3
2026-10-03,05:55:00,101759,56.7,Y,2026-10-03T05:30:00+08:00,16.777560118280057,3,0.9999999999999998,dow,11,61.97,58.79,63.58,4,Developing,-5.27,-8.5
2026-10-03,05:55:00,101760,41.2,Y,2026-10-03T05:30:00+08:00,16.770235623690986,3,1.0000000000000002,dow,11,53.35,51.25,56.54,4,Developing,-12.15,-22.8
2026-10-03,05:55:00,101978,56.7,Y,2026-10-03T05:30:00+08:00,17.033267036186803,3,0.9999999999999994,dow,11,61.97,58.79,63.58,4,Developing,-5.27,-8.5
2026-10-03,05:55:00,101979,56.7,Y,2026-10-03T05:30:00+08:00,16.67484718139479,3,0.9999999999999996,dow,11,61.97,58.79,63.58,4,Developing,-5.27,-8.5
2026-10-03,05:55:00,101980,41.2,Y,2026-10-03T05:30:00+08:00,16.60123589051591,3,0.9999999999999998,dow,11,53.35,51.25,56.54,4,Developing,-12.15,-22.8
2026-10-03,05:55:00,260029,34.3,Y,2026-10-03T05:30:00+08:00,17.267676726096667,3,1.0000000000000009,dow,11,38.23,34.74,41.33,4,Developing,-3.93,-10.3
2026-10-03,05:55:00,266571,56.7,Y,2026-10-03T05:30:00+08:00,16.610234629140002,3,1.0000000000000002,dow,11,61.97,58.79,63.58,4,Developing,-5.27,-8.5
2026-10-03,05:55:00,266572,39.1,Y,2026-10-03T05:30:00+08:00,16.642077583414036,3,1.0,dow,11,56.92,54.8,59.0,4,Developing,-17.82,-31.3
2026-10-03,05:55:00,266573,21.4,Y,2026-10-03T05:30:00+08:00,16.625603409641297,3,0.9999999999999996,dow,11,55.67,54.39,55.84,4,Developing,-34.27,-61.6
2026-10-03,05:55:00,100598,33.3,Y,2026-10-03T05:30:00+08:00,17.70136831772458,3,1.0,dow,11,24.75,23.72,27.15,4,Developing,8.55,34.5
2026-10-03,05:55:00,100599,32.5,Y,2026-10-03T05:30:00+08:00,17.696788283835495,3,1.0,dow,11,34.3,31.7,37.01,4,Developing,-1.8,-5.2
2026-10-03,05:55:00,100663,54.2,Y,2026-10-03T05:30:00+08:00,17.283536529524675,3,1.0,dow,11,56.33,51.02,57.56,4,Developing,-2.13,-3.8
2026-10-03,05:55:00,100717,26.2,Y,2026-10-03T05:30:00+08:00,16.80018336475262,3,0.9999999999999997,dow,11,57.2,56.02,59.8,4,Developing,-31.0,-54.2
2026-10-03,05:55:00,100741,26.2,Y,2026-10-03T05:30:00+08:00,17.08404973975509,3,1.0,dow,11,57.2,56.02,59.8,4,Developing,-31.0,-54.2
2026-10-03,05:55:00,101837,38.9,Y,2026-10-03T05:30:00+08:00,17.55674006268578,3,1.000000000000001,dow,11,36.08,30.72,37.33,4,Developing,2.82,7.8
2026-10-03,05:55:00,101838,32.5,Y,2026-10-03T05:30:00+08:00,17.520558321375656,3,1.0,dow,11,34.3,31.7,37.01,4,Developing,-1.8,-5.2
2026-10-03,05:55:00,101839,32.9,Y,2026-10-03T05:30:00+08:00,17.294152722365716,3,1.0000000000000009,dow,11,36.3,32.86,37.73,4,Developing,-3.4,-9.4
2026-10-03,05:55:00,101843,59.5,Y,2026-10-03T05:30:00+08:00,17.313583943476573,3,1.0,dow,11,59.05,56.8,60.67,4,Developing,0.45,0.8
2026-10-03,05:55:00,101846,41.2,Y,2026-10-03T05:30:00+08:00,16.91043678990829,3,1.0000000000000002,dow,11,34.12,28.01,41.9,4,Developing,7.08,20.8
2026-10-03,05:55:00,101855,54.2,Y,2026-10-03T05:30:00+08:00,16.847859096721404,3,0.9999999999999999,dow,11,56.33,51.02,57.56,4,Developing,-2.13,-3.8
2026-10-03,05:55:00,101910,59.5,Y,2026-10-03T05:30:00+08:00,17.080826698645826,3,1.0000000000000002,dow,11,59.05,56.8,60.67,4,Developing,0.45,0.8
2026-10-03,05:55:00,109445,38.9,Y,2026-10-03T05:30:00+08:00,17.718311203854118,3,1.0,dow,11,36.08,30.72,37.33,4,Developing,2.82,7.8
2026-10-03,05:55:00,109504,26.2,Y,2026-10-03T05:30:00+08:00,16.72048746884876,3,1.0,dow,11,57.2,56.02,59.8,4,Developing,-31.0,-54.2
2026-10-03,05:55:00,111959,26.2,Y,2026-10-03T05:30:00+08:00,17.301950294964698,3,0.9999999999999999,dow,11,57.2,56.02,59.8,4,Developing,-31.0,-54.2
2026-10-03,05:55:00,111960,26.2,Y,2026-10-03T05:30:00+08:00,16.94017844163364,3,1.0000000000000007,dow,11,57.2,56.02,59.8,4,Developing,-31.0,-54.2
2026-10-03,05:55:00,111962,54.2,Y,2026-10-03T05:30:00+08:00,16.78829328937312,3,0.9999999999999999,dow,11,56.33,51.02,57.56,4,Developing,-2.13,-3.8
2026-10-03,05:55:00,111963,57.8,Y,2026-10-03T05:30:00+08:00,16.861213119215233,3,1.0000000000000002,dow,11,58.15,55.1,59.65,4,Developing,-0.35,-0.6
2026-10-03,05:55:00,112157,26.2,Y,2026-10-03T05:30:00+08:00,17.281195938202785,3,1.0,dow,11,57.2,56.02,59.8,4,Developing,-31.0,-54.2
2026-10-03,05:55:00,278226,38.9,Y,2026-10-03T05:30:00+08:00,17.74144410242112,3,1.0000000000000009,dow,11,36.08,30.72,37.33,4,Developing,2.82,7.8
2026-10-03,05:55:00,280083,41.9,Y,2026-10-03T05:30:00+08:00,16.811313429809847,3,0.9999999999999997,dow,11,40.48,39.55,41.16,4,Developing,1.42,3.5
2026-10-03,05:55:00,280084,41.9,Y,2026-10-03T05:30:00+08:00,16.7251597455193,3,1.0000000000000002,dow,11,40.48,39.55,41.16,4,Developing,1.42,3.5
2026-10-03,05:55:00,275904,38.7,Y,2026-10-03T05:30:00+08:00,1.9915794264582303,3,1.0,dow,11,45.0,43.7,46.5,4,Developing,-6.3,-14.0
2026-10-03,05:55:00,60488,31.6,Y,2026-10-03T05:30:00+08:00,1.991464577593293,3,1.0000000000000002,dow,11,45.9,43.56,47.9,4,Developing,-14.3,-31.2
2026-10-03,05:55:00,60497,31.6,Y,2026-10-03T05:30:00+08:00,1.989189000572471,3,1.0000000000000002,dow,11,45.9,43.56,47.9,4,Developing,-14.3,-31.2
2026-10-03,05:55:00,61197,11.1,Y,2026-10-03T05:30:00+08:00,1.9943100621567194,3,1.0000000000000004,dow,11,47.45,40.65,55.92,4,Developing,-36.35,-76.6
2026-10-03,05:55:00,61312,39.2,Y,2026-10-03T05:30:00+08:00,1.9935273212822164,3,1.0,dow,11,41.18,37.18,44.31,4,Developing,-1.98,-4.8
2026-10-03,05:55:00,61703,35.2,Y,2026-10-03T05:30:00+08:00,1.9960812749024286,3,0.9999999999999999,dow,11,36.05,32.52,37.06,4,Developing,-0.85,-2.4
2026-10-03,05:55:00,62286,39.2,Y,2026-10-03T05:30:00+08:00,1.9936657130266016,3,0.9999999999999999,dow,11,41.18,37.18,44.31,4,Developing,-1.98,-4.8
2026-10-03,05:55:00,62737,35.2,Y,2026-10-03T05:30:00+08:00,1.9950750315037853,3,1.0000000000000004,dow,11,36.05,32.52,37.06,4,Developing,-0.85,-2.4
2026-10-03,05:55:00,63551,35.2,Y,2026-10-03T05:30:00+08:00,1.9955223822217236,3,1.0000000000000002,dow,11,36.05,32.52,37.06,4,Developing,-0.85,-2.4
2026-10-03,05:55:00,63552,39.2,Y,2026-10-03T05:30:00+08:00,1.9964686714428235,3,0.9999999999999996,dow,11,41.18,37.18,44.31,4,Developing,-1.98,-4.8
2026-10-03,05:55:00,63553,43.1,Y,2026-10-03T05:30:00+08:00,1.995590263240916,3,1.0000000000000002,dow,11,51.8,51.8,51.8,4,Developing,-8.7,-16.8
2026-10-03,05:55:00,63554,39.2,Y,2026-10-03T05:30:00+08:00,1.9949192154176607,3,0.9999999999999998,dow,11,41.18,37.18,44.31,4,Developing,-1.98,-4.8
2026-10-03,05:55:00,63555,35.2,Y,2026-10-03T05:30:00+08:00,1.994164489698458,3,0.9999999999999998,dow,11,36.05,32.52,37.06,4,Developing,-0.85,-2.4
2026-10-03,05:55:00,63556,35.2,Y,2026-10-03T05:30:00+08:00,1.9932366936222057,3,1.0000000000000002,dow,11,36.05,32.52,37.06,4,Developing,-0.85,-2.4
2026-10-03,05:55:00,100535,14.2,Y,2026-10-03T05:30:00+08:00,17.60252727944404,3,1.000000000000001,dow,11,16.7,16.23,17.15,4,Developing,-2.5,-15.0
2026-10-03,05:55:00,100538,34.0,Y,2026-10-03T05:30:00+08:00,17.595121928931142,3,1.0,dow,11,15.05,14.1,18.48,4,Developing,18.95,125.9
2026-10-03,05:55:00,100596,34.0,Y,2026-10-03T05:30:00+08:00,17.65293293244567,3,0.9999999999999999,dow,11,15.05,14.1,18.48,4,Developing,18.95,125.9
2026-10-03,05:55:00,100597,34.0,Y,2026-10-03T05:30:00+08:00,17.716169340164583,3,1.0,dow,11,15.05,14.1,18.48,4,Developing,18.95,125.9
2026-10-03,05:55:00,100634,34.0,Y,2026-10-03T05:30:00+08:00,17.62046591953123,3,1.000000000000001,dow,11,15.05,14.1,18.48,4,Developing,18.95,125.9
2026-10-03,05:55:00,100635,34.0,Y,2026-10-03T05:30:00+08:00,17.623554300410838,3,1.0,dow,11,15.05,14.1,18.48,4,Developing,18.95,125.9
2026-10-03,05:55:00,100636,14.2,Y,2026-10-03T05:30:00+08:00,17.657997646914485,3,1.0,dow,11,16.7,16.23,17.15,4,Developing,-2.5,-15.0
2026-10-03,05:55:00,100639,34.0,Y,2026-10-03T05:30:00+08:00,17.590529837069532,3,1.0,dow,11,15.05,14.1,18.48,4,Developing,18.95,125.9
2026-10-03,05:55:00,100640,34.0,Y,2026-10-03T05:30:00+08:00,17.59032817109955,3,1.0,dow,11,15.05,14.1,18.48,4,Developing,18.95,125.9
2026-10-03,05:55:00,100641,14.2,Y,2026-10-03T05:30:00+08:00,17.60240239724454,3,1.0,dow,11,16.7,16.23,17.15,4,Developing,-2.5,-15.0
2026-10-03,05:55:00,100649,34.0,Y,2026-10-03T05:30:00+08:00,17.591861702774068,3,1.0,dow,11,15.05,14.1,18.48,4,Developing,18.95,125.9
2026-10-03,05:55:00,101872,50.3,Y,2026-10-03T05:30:00+08:00,17.570228551210437,3,1.0,dow,11,49.8,48.6,51.05,4,Developing,0.5,1.0
2026-10-03,05:55:00,101876,52.7,Y,2026-10-03T05:30:00+08:00,17.560411798902102,3,1.0,dow,11,51.45,50.7,52.12,4,Developing,1.25,2.4
2026-10-03,05:55:00,285447,14.2,Y,2026-10-03T05:30:00+08:00,17.718053295025328,3,1.0,dow,11,16.7,16.23,17.15,4,Developing,-2.5,-15.0
2026-10-03,05:55:00,1041,55.7,Y,2026-10-03T05:30:00+08:00,15.188608455504244,3,1.0,dow,11,54.45,53.98,55.46,4,Developing,1.25,2.3
2026-10-03,05:55:00,1068,42.7,Y,2026-10-03T05:30:00+08:00,14.800943557855629,3,1.0,dow,11,47.45,45.9,48.35,4,Developing,-4.75,-10.0
2026-10-03,05:55:00,1071,33.8,Y,2026-10-03T05:30:00+08:00,14.36118023097141,3,1.0,dow,11,35.9,34.33,37.27,4,Developing,-2.1,-5.8
2026-10-03,05:55:00,1079,27.7,Y,2026-10-03T05:30:00+08:00,14.719198495499018,3,1.0,dow,11,28.33,26.08,30.66,4,Developing,-0.63,-2.2
2026-10-03,05:55:00,1296,55.5,Y,2026-10-03T05:30:00+08:00,15.478532360271055,3,0.9999999999999999,dow,11,57.12,56.46,57.79,4,Developing,-1.62,-2.8
2026-10-03,05:55:00,1513,34.4,Y,2026-10-03T05:30:00+08:00,14.957591065784595,3,1.0,dow,11,37.65,36.46,38.59,4,Developing,-3.25,-8.6
2026-10-03,05:55:00,1582,45.0,Y,2026-10-03T05:30:00+08:00,14.74957712034247,3,1.0,dow,11,49.23,47.14,51.14,4,Developing,-4.23,-8.6
2026-10-03,05:55:00,1583,27.7,Y,2026-10-03T05:30:00+08:00,14.893310609556082,3,1.0,dow,11,28.33,26.08,30.66,4,Developing,-0.63,-2.2
2026-10-03,05:55:00,164924,53.8,Y,2026-10-03T05:30:00+08:00,14.778221976663865,3,1.0,dow,11,59.77,58.83,60.19,4,Developing,-5.97,-10.0
2026-10-03,05:55:00,1681,62.1,Y,2026-10-03T05:30:00+08:00,15.637805120037829,3,1.0,dow,11,59.3,58.64,60.38,4,Developing,2.8,4.7
2026-10-03,05:55:00,2031,51.0,Y,2026-10-03T05:30:00+08:00,15.523259012479075,3,1.0,dow,11,55.05,54.68,55.38,4,Developing,-4.05,-7.4
2026-10-03,05:55:00,2172,34.4,Y,2026-10-03T05:30:00+08:00,14.850120125221476,3,1.0,dow,11,37.65,36.46,38.59,4,Developing,-3.25,-8.6
2026-10-03,05:55:00,2183,55.7,Y,2026-10-03T05:30:00+08:00,15.096190866201447,3,0.999999999999999,dow,11,54.45,53.98,55.46,4,Developing,1.25,2.3
2026-10-03,05:55:00,2195,40.1,Y,2026-10-03T05:30:00+08:00,14.366424772001292,3,1.0000000000000009,dow,11,43.58,42.69,43.98,4,Developing,-3.48,-8.0
2026-10-03,05:55:00,2368,55.5,Y,2026-10-03T05:30:00+08:00,15.445948316673174,3,1.000000000000001,dow,11,57.12,56.46,57.79,4,Developing,-1.62,-2.8
2026-10-03,05:55:00,2547,46.6,Y,2026-10-03T05:30:00+08:00,14.712209282408399,3,1.0,dow,11,50.85,50.8,51.77,4,Developing,-4.25,-8.4
2026-10-03,05:55:00,2578,27.7,Y,2026-10-03T05:30:00+08:00,14.955340941406806,3,1.0,dow,11,28.33,26.08,30.66,4,Developing,-0.63,-2.2
2026-10-03,05:55:00,273225,55.3,Y,2026-10-03T05:30:00+08:00,14.533334784754622,3,1.0,dow,11,60.5,59.6,60.67,4,Developing,-5.2,-8.6
2026-10-03,05:55:00,273226,58.9,Y,2026-10-03T05:30:00+08:00,14.538327109187081,3,1.0,dow,11,60.9,59.59,61.54,4,Developing,-2.0,-3.3
2026-10-03,05:55:00,273227,55.7,Y,2026-10-03T05:30:00+08:00,15.493797601600123,3,1.0,dow,11,54.45,53.98,55.46,4,Developing,1.25,2.3
2026-10-03,05:55:00,273228,55.5,Y,2026-10-03T05:30:00+08:00,15.503077358569783,3,1.0,dow,11,57.12,56.46,57.79,4,Developing,-1.62,-2.8
2026-10-03,05:55:00,273243,53.3,Y,2026-10-03T05:30:00+08:00,14.98405342273769,3,0.9999999999999999,dow,11,53.02,52.01,53.72,4,Developing,0.28,0.5
2026-10-03,05:55:00,273244,48.9,Y,2026-10-03T05:30:00+08:00,14.983763418154862,3,1.0,dow,11,57.25,56.94,57.77,4,Developing,-8.35,-14.6
2026-10-03,05:55:00,273424,45.0,Y,2026-10-03T05:30:00+08:00,14.765050106529806,3,1.0,dow,11,49.23,47.14,51.14,4,Developing,-4.23,-8.6
2026-10-03,05:55:00,273425,27.7,Y,2026-10-03T05:30:00+08:00,14.790343898519945,3,1.0000000000000009,dow,11,28.33,26.08,30.66,4,Developing,-0.63,-2.2
2026-10-03,05:55:00,279,45.0,Y,2026-10-03T05:30:00+08:00,14.7608106569257,3,1.000000000000001,dow,11,49.23,47.14,51.14,4,Developing,-4.23,-8.6
2026-10-03,05:55:00,2814,55.5,Y,2026-10-03T05:30:00+08:00,15.387010766493187,3,1.0,dow,11,57.12,56.46,57.79,4,Developing,-1.62,-2.8
2026-10-03,05:55:00,282106,55.7,Y,2026-10-03T05:30:00+08:00,15.334357066718347,3,1.0,dow,11,54.45,53.98,55.46,4,Developing,1.25,2.3
2026-10-03,05:55:00,282107,55.5,Y,2026-10-03T05:30:00+08:00,15.334495220524087,3,0.9999999999999999,dow,11,57.12,56.46,57.79,4,Developing,-1.62,-2.8
2026-10-03,05:55:00,282909,34.4,Y,2026-10-03T05:30:00+08:00,14.876070256092898,3,1.0,dow,11,37.65,36.46,38.59,4,Developing,-3.25,-8.6
2026-10-03,05:55:00,283546,55.7,Y,2026-10-03T05:30:00+08:00,15.261315926704288,3,1.0,dow,11,54.45,53.98,55.46,4,Developing,1.25,2.3
2026-10-03,05:55:00,283547,55.5,Y,2026-10-03T05:30:00+08:00,15.187138521420282,3,1.0,dow,11,57.12,56.46,57.79,4,Developing,-1.62,-2.8
2026-10-03,05:55:00,2891,30.5,Y,2026-10-03T05:30:00+08:00,15.626017592258435,3,1.0,dow,11,46.67,46.15,46.95,4,Developing,-16.17,-34.6
2026-10-03,05:55:00,3378,48.9,Y,2026-10-03T05:30:00+08:00,15.541397269138786,3,1.0000000000000009,dow,11,54.8,53.65,55.85,4,Developing,-5.9,-10.8
2026-10-03,05:55:00,3559,58.9,Y,2026-10-03T05:30:00+08:00,14.638953604139065,3,1.0000000000000009,dow,11,60.9,59.59,61.54,4,Developing,-2.0,-3.3
2026-10-03,05:55:00,3565,55.3,Y,2026-10-03T05:30:00+08:00,14.638162656997416,3,1.0,dow,11,60.5,59.6,60.67,4,Developing,-5.2,-8.6
2026-10-03,05:55:00,3571,52.5,Y,2026-10-03T05:30:00+08:00,14.91003045666198,3,1.0,dow,11,52.4,50.8,53.75,4,Developing,0.1,0.2
2026-10-03,05:55:00,3590,55.1,Y,2026-10-03T05:30:00+08:00,15.528682518641162,3,1.0,dow,11,50.6,49.4,52.11,4,Developing,4.5,8.9
2026-10-03,05:55:00,3771,34.4,Y,2026-10-03T05:30:00+08:00,14.925916025959687,3,1.0,dow,11,37.65,36.46,38.59,4,Developing,-3.25,-8.6
2026-10-03,05:55:00,3772,27.7,Y,2026-10-03T05:30:00+08:00,14.925362934063859,3,1.0,dow,11,28.33,26.08,30.66,4,Developing,-0.63,-2.2
2026-10-03,05:55:00,3854,27.7,Y,2026-10-03T05:30:00+08:00,14.818487715448704,3,1.0,dow,11,28.33,26.08,30.66,4,Developing,-0.63,-2.2
2026-10-03,05:55:00,413,55.1,Y,2026-10-03T05:30:00+08:00,15.592410973615078,3,1.0000000000000009,dow,11,50.6,49.4,52.11,4,Developing,4.5,8.9
2026-10-03,05:55:00,4172,34.4,Y,2026-10-03T05:30:00+08:00,14.894141661647364,3,1.0,dow,11,37.65,36.46,38.59,4,Developing,-3.25,-8.6
2026-10-03,05:55:00,419,46.6,Y,2026-10-03T05:30:00+08:00,14.727100751763043,3,1.0,dow,11,50.85,50.8,51.77,4,Developing,-4.25,-8.4
2026-10-03,05:55:00,4285,55.7,Y,2026-10-03T05:30:00+08:00,15.425538435006263,3,1.0,dow,11,54.45,53.98,55.46,4,Developing,1.25,2.3
2026-10-03,05:55:00,4329,46.8,Y,2026-10-03T05:30:00+08:00,14.91028015366266,3,1.0,dow,11,57.33,57.02,57.76,4,Developing,-10.53,-18.4
2026-10-03,05:55:00,4847,60.7,Y,2026-10-03T05:30:00+08:00,15.666400864174445,3,1.0,dow,11,61.75,60.41,63.0,4,Developing,-1.05,-1.7
2026-10-03,05:55:00,4848,53.6,Y,2026-10-03T05:30:00+08:00,14.807204580772968,3,1.0,dow,11,55.03,54.24,55.98,4,Developing,-1.43,-2.6
2026-10-03,05:55:00,4851,55.3,Y,2026-10-03T05:30:00+08:00,14.718504755678868,3,0.9999999999999991,dow,11,60.5,59.6,60.67,4,Developing,-5.2,-8.6
2026-10-03,05:55:00,4852,60.7,Y,2026-10-03T05:30:00+08:00,15.664893219513926,3,0.9999999999999999,dow,11,61.75,60.41,63.0,4,Developing,-1.05,-1.7
2026-10-03,05:55:00,4934,55.7,Y,2026-10-03T05:30:00+08:00,15.512066191535235,3,0.999999999999999,dow,11,54.45,53.98,55.46,4,Developing,1.25,2.3
2026-10-03,05:55:00,5739,27.7,Y,2026-10-03T05:30:00+08:00,14.857133171181077,3,0.9999999999999991,dow,11,28.33,26.08,30.66,4,Developing,-0.63,-2.2
2026-10-03,05:55:00,5810,48.9,Y,2026-10-03T05:30:00+08:00,15.612527801309419,3,1.0,dow,11,54.8,53.65,55.85,4,Developing,-5.9,-10.8
2026-10-03,05:55:00,583,55.3,Y,2026-10-03T05:30:00+08:00,15.515375372596326,3,1.0,dow,11,53.65,52.41,54.85,4,Developing,1.65,3.1
2026-10-03,05:55:00,63083,55.5,Y,2026-10-03T05:30:00+08:00,15.094668579910765,3,1.0,dow,11,57.12,56.46,57.79,4,Developing,-1.62,-2.8
2026-10-03,05:55:00,63713,55.5,Y,2026-10-03T05:30:00+08:00,15.260279938389786,3,1.0,dow,11,57.12,56.46,57.79,4,Developing,-1.62,-2.8
2026-10-03,05:55:00,109140,55.1,Y,2026-10-03T05:30:00+08:00,0.0,3,1.0,dow,11,56.33,55.77,56.85,4,Developing,-1.23,-2.2
2026-10-03,05:55:00,109141,20.1,Y,2026-10-03T05:30:00+08:00,0.0,3,1.000000000000001,dow,11,20.48,20.09,25.38,4,Developing,-0.38,-1.9
2026-10-03,05:55:00,260854,55.3,Y,2026-10-03T05:30:00+08:00,0.0,3,1.0,dow,11,56.15,55.5,56.75,4,Developing,-0.85,-1.5
2026-10-03,05:55:00,279103,20.1,Y,2026-10-03T05:30:00+08:00,0.0,3,1.0000000000000009,dow,11,20.48,20.09,25.38,4,Developing,-0.38,-1.9
2026-10-03,05:55:00,95843,58.4,Y,2026-10-03T05:30:00+08:00,0.0,3,0.9999999999999999,dow,11,53.7,52.11,55.25,4,Developing,4.7,8.8
2026-10-03,05:55:00,95952,48.2,Y,2026-10-03T05:30:00+08:00,0.0,3,1.0,dow,11,46.8,45.29,47.11,4,Developing,1.4,3.0
2026-10-03,05:55:00,95953,48.2,Y,2026-10-03T05:30:00+08:00,0.0,3,1.0,dow,11,46.8,45.29,47.11,4,Developing,1.4,3.0
2026-10-03,05:55:00,95975,53.3,Y,2026-10-03T05:30:00+08:00,0.0,3,1.0,dow,11,50.23,49.62,50.39,4,Developing,3.07,6.1
2026-10-03,05:55:00,95978,48.2,Y,2026-10-03T05:30:00+08:00,0.0,3,1.0000000000000009,dow,11,46.8,45.29,47.11,4,Developing,1.4,3.0
2026-10-03,05:55:00,95979,48.2,Y,2026-10-03T05:30:00+08:00,0.0,3,1.0,dow,11,46.8,45.29,47.11,4,Developing,1.4,3.0
2026-10-03,05:55:00,96779,53.3,Y,2026-10-03T05:30:00+08:00,0.0,3,1.0,dow,11,50.23,49.62,50.39,4,Developing,3.07,6.1
2026-10-03,05:55:00,96780,48.2,Y,2026-10-03T05:30:00+08:00,0.0,3,1.0,dow,11,46.8,45.29,47.11,4,Developing,1.4,3.0
2026-10-03,05:55:00,97163,55.1,Y,2026-10-03T05:30:00+08:00,0.0,3,0.999999999999999,dow,11,56.33,55.77,56.85,4,Developing,-1.23,-2.2
2026-10-03,05:55:00,97164,20.1,Y,2026-10-03T05:30:00+08:00,0.0,3,1.0,dow,11,20.48,20.09,25.38,4,Developing,-0.38,-1.9
2026-10-03,05:55:00,97190,48.2,Y,2026-10-03T05:30:00+08:00,0.0,3,0.999999999999999,dow,11,46.8,45.29,47.11,4,Developing,1.4,3.0
2026-10-03,05:55:00,97191,48.2,Y,2026-10-03T05:30:00+08:00,0.0,3,1.0,dow,11,46.8,45.29,47.11,4,Developing,1.4,3.0
2026-10-03,05:55:00,97194,48.2,Y,2026-10-03T05:30:00+08:00,0.0,3,1.0,dow,11,46.8,45.29,47.11,4,Developing,1.4,3.0
2026-10-03,05:55:00,97196,48.2,Y,2026-10-03T05:30:00+08:00,0.0,3,1.0,dow,11,46.8,45.29,47.11,4,Developing,1.4,3.0
2026-10-03,05:55:00,97197,58.4,Y,2026-10-03T05:30:00+08:00,0.0,3,1.0,dow,11,53.7,52.11,55.25,4,Developing,4.7,8.8
2026-10-03,05:55:00,97200,53.3,Y,2026-10-03T05:30:00+08:00,0.0,3,1.0000000000000009,dow,11,50.23,49.62,50.39,4,Developing,3.07,6.1
2026-10-03,05:55:00,97201,48.2,Y,2026-10-03T05:30:00+08:00,0.0,3,1.0,dow,11,46.8,45.29,47.11,4,Developing,1.4,3.0
2026-10-03,05:55:00,97206,53.3,Y,2026-10-03T05:30:00+08:00,0.0,3,1.0,dow,11,50.23,49.62,50.39,4,Developing,3.07,6.1
2026-10-03,05:55:00,102812,53.3,Y,2026-10-03T05:30:00+08:00,17.48489016749258,3,1.0000000000000002,dow,11,57.23,53.45,57.8,4,Developing,-3.93,-6.9
2026-10-03,05:55:00,102847,43.6,Y,2026-10-03T05:30:00+08:00,18.95016165097113,3,0.9999999999999999,dow,11,32.58,31.85,33.84,4,Developing,11.02,33.8
2026-10-03,05:55:00,102906,50.6,Y,2026-10-03T05:30:00+08:00,18.31288302241116,3,0.9999999999999996,dow,11,50.95,50.45,51.05,4,Developing,-0.35,-0.7
2026-10-03,05:55:00,102913,50.6,Y,2026-10-03T05:30:00+08:00,18.679670650482468,3,0.9999999999999999,dow,11,50.95,50.45,51.05,4,Developing,-0.35,-0.7
2026-10-03,05:55:00,103030,33.7,Y,2026-10-03T05:30:00+08:00,20.779604167900402,3,1.000000000000001,dow,11,33.88,32.54,35.45,4,Developing,-0.18,-0.5
2026-10-03,05:55:00,103045,33.7,Y,2026-10-03T05:30:00+08:00,19.59161126675583,3,1.0,dow,11,33.88,32.54,35.45,4,Developing,-0.18,-0.5
2026-10-03,05:55:00,103430,50.6,Y,2026-10-03T05:30:00+08:00,20.3690708044848,3,1.0000000000000009,dow,11,50.95,50.45,51.05,4,Developing,-0.35,-0.7
2026-10-03,05:55:00,103465,50.6,Y,2026-10-03T05:30:00+08:00,18.210651025707424,3,1.0,dow,11,50.95,50.45,51.05,4,Developing,-0.35,-0.7
2026-10-03,05:55:00,103467,43.6,Y,2026-10-03T05:30:00+08:00,18.545046321628966,3,1.0000000000000007,dow,11,32.58,31.85,33.84,4,Developing,11.02,33.8
2026-10-03,05:55:00,103468,50.1,Y,2026-10-03T05:30:00+08:00,18.126473592497003,3,0.9999999999999999,dow,11,50.08,46.9,51.07,4,Developing,0.02,0.0
2026-10-03,05:55:00,103659,71.3,Y,2026-10-03T05:30:00+08:00,17.686765532017713,3,1.0,dow,11,75.65,74.78,76.55,4,Developing,-4.35,-5.8
2026-10-03,05:55:00,103660,81.7,Y,2026-10-03T05:30:00+08:00,17.35741351786289,3,1.0000000000000007,dow,11,78.47,77.36,78.89,4,Developing,3.23,4.1
2026-10-03,05:55:00,103792,58.7,Y,2026-10-03T05:30:00+08:00,19.828569818458526,3,1.0,dow,11,63.7,61.35,65.3,4,Developing,-5.0,-7.8
2026-10-03,05:55:00,103813,58.7,Y,2026-10-03T05:30:00+08:00,19.186275024695252,3,1.0,dow,11,63.7,61.35,65.3,4,Developing,-5.0,-7.8
2026-10-03,05:55:00,103815,53.3,Y,2026-10-03T05:30:00+08:00,19.07763805694787,3,1.0000000000000002,dow,11,57.23,53.45,57.8,4,Developing,-3.93,-6.9
2026-10-03,05:55:00,103819,58.7,Y,2026-10-03T05:30:00+08:00,17.504940586612836,3,1.0,dow,11,63.7,61.35,65.3,4,Developing,-5.0,-7.8
2026-10-03,05:55:00,103820,53.3,Y,2026-10-03T05:30:00+08:00,17.77904706435586,3,0.9999999999999996,dow,11,57.23,53.45,57.8,4,Developing,-3.93,-6.9
2026-10-03,05:55:00,103825,69.0,Y,2026-10-03T05:30:00+08:00,17.97494574354918,3,0.9999999999999999,dow,11,69.0,69.0,69.0,4,Developing,0.0,0.0
2026-10-03,05:55:00,103826,81.7,Y,2026-10-03T05:30:00+08:00,17.99357593120272,3,0.9999999999999997,dow,11,78.47,77.36,78.89,4,Developing,3.23,4.1
2026-10-03,05:55:00,103829,64.0,Y,2026-10-03T05:30:00+08:00,17.61458644024319,3,0.9999999999999996,dow,11,67.75,66.88,69.0,4,Developing,-3.75,-5.5
2026-10-03,05:55:00,103850,41.5,Y,2026-10-03T05:30:00+08:00,20.201446500891898,3,0.9999999999999989,dow,11,33.7,32.71,34.81,4,Developing,7.8,23.1
2026-10-03,05:55:00,103865,35.2,Y,2026-10-03T05:30:00+08:00,20.625678464222368,3,1.0000000000000009,dow,11,34.83,33.86,36.21,4,Developing,0.37,1.1
2026-10-03,05:55:00,103866,57.8,Y,2026-10-03T05:30:00+08:00,20.567018794768707,3,1.0,dow,11,60.05,59.33,60.44,4,Developing,-2.25,-3.7
2026-10-03,05:55:00,103867,38.8,Y,2026-10-03T05:30:00+08:00,20.702277190044484,3,0.999999999999999,dow,11,47.7,45.85,48.05,4,Developing,-8.9,-18.7
2026-10-03,05:55:00,103878,33.7,Y,2026-10-03T05:30:00+08:00,19.695007355098085,3,1.0,dow,11,33.88,32.54,35.45,4,Developing,-0.18,-0.5
2026-10-03,05:55:00,103950,50.6,Y,2026-10-03T05:30:00+08:00,19.631704923210787,3,1.0,dow,11,50.95,50.45,51.05,4,Developing,-0.35,-0.7
2026-10-03,05:55:00,103964,59.2,Y,2026-10-03T05:30:00+08:00,19.073382118470754,3,1.0000000000000004,dow,11,72.25,72.05,72.38,4,Developing,-13.05,-18.1
2026-10-03,05:55:00,103967,58.5,Y,2026-10-03T05:30:00+08:00,20.004767740041384,3,0.9999999999999999,dow,11,70.3,69.08,71.38,4,Developing,-11.8,-16.8
2026-10-03,05:55:00,103979,66.6,Y,2026-10-03T05:30:00+08:00,18.794600847230917,3,0.9999999999999993,dow,11,69.67,68.26,69.94,4,Developing,-3.07,-4.4
2026-10-03,05:55:00,260817,50.6,Y,2026-10-03T05:30:00+08:00,20.243260856801776,3,0.999999999999999,dow,11,50.95,50.45,51.05,4,Developing,-0.35,-0.7
2026-10-03,05:55:00,260819,50.6,Y,2026-10-03T05:30:00+08:00,20.02866479505669,3,1.0,dow,11,50.95,50.45,51.05,4,Developing,-0.35,-0.7
2026-10-03,05:55:00,265782,33.7,Y,2026-10-03T05:30:00+08:00,19.800949075885185,3,1.0,dow,11,33.88,32.54,35.45,4,Developing,-0.18,-0.5
2026-10-03,05:55:00,94449,22.0,Y,2026-10-03T05:30:00+08:00,0.0,3,1.0,dow,11,21.65,20.25,22.75,4,Developing,0.35,1.6
2026-10-03,05:55:00,95297,22.0,Y,2026-10-03T05:30:00+08:00,0.0,3,0.9999999999999989,dow,11,21.65,20.25,22.75,4,Developing,0.35,1.6
2026-10-03,05:55:00,96675,26.5,Y,2026-10-03T05:30:00+08:00,0.0,3,1.0,dow,11,33.4,30.18,36.85,4,Developing,-6.9,-20.7
2026-10-03,05:55:00,96953,26.5,Y,2026-10-03T05:30:00+08:00,0.0,3,1.0,dow,11,33.4,30.18,36.85,4,Developing,-6.9,-20.7
2026-10-03,05:55:00,97343,22.0,Y,2026-10-03T05:30:00+08:00,0.0,3,0.999999999999999,dow,11,21.65,20.25,22.75,4,Developing,0.35,1.6
2026-10-03,05:55:00,1192,5.9,Y,2026-10-03T05:30:00+08:00,11.079209046692277,3,1.0,dow,11,29.05,23.45,34.58,4,Developing,-23.15,-79.7
2026-10-03,05:55:00,1265,5.9,Y,2026-10-03T05:30:00+08:00,13.073331292922497,3,1.0,dow,11,29.05,23.45,34.58,4,Developing,-23.15,-79.7
2026-10-03,05:55:00,165,5.9,Y,2026-10-03T05:30:00+08:00,11.153133069589591,3,0.9999999999999999,dow,11,29.05,23.45,34.58,4,Developing,-23.15,-79.7
2026-10-03,05:55:00,1908,42.2,Y,2026-10-03T05:30:00+08:00,17.41568749949229,3,1.0,dow,11,27.9,14.11,42.15,4,Developing,14.3,51.3
2026-10-03,05:55:00,1991,16.3,Y,2026-10-03T05:30:00+08:00,17.877711795743057,3,1.0,dow,11,22.9,16.25,33.41,4,Developing,-6.6,-28.8
2026-10-03,05:55:00,2214,42.8,Y,2026-10-03T05:30:00+08:00,17.98093396195299,3,1.000000000000001,dow,11,46.67,44.35,48.24,4,Developing,-3.87,-8.3
2026-10-03,05:55:00,2451,24.5,Y,2026-10-03T05:30:00+08:00,10.886289078129852,3,1.0,dow,11,37.15,34.1,39.9,4,Developing,-12.65,-34.1
2026-10-03,05:55:00,260371,5.9,Y,2026-10-03T05:30:00+08:00,12.820783906771556,3,1.0,dow,11,29.05,23.45,34.58,4,Developing,-23.15,-79.7
2026-10-03,05:55:00,2681,5.9,Y,2026-10-03T05:30:00+08:00,11.847457942293175,3,1.0,dow,11,29.05,23.45,34.58,4,Developing,-23.15,-79.7
2026-10-03,05:55:00,2692,42.2,Y,2026-10-03T05:30:00+08:00,14.441090900014771,3,1.0,dow,11,27.9,14.11,42.15,4,Developing,14.3,51.3
2026-10-03,05:55:00,275723,5.9,Y,2026-10-03T05:30:00+08:00,12.198660931072858,3,1.0000000000000009,dow,11,23.6,21.7,29.2,3,Provisional,-17.7,-75.0
2026-10-03,05:55:00,275727,46.1,Y,2026-10-03T05:30:00+08:00,11.805193660218858,3,1.0,dow,11,12.03,10.0,16.99,4,Developing,34.07,283.2
2026-10-03,05:55:00,275743,46.1,Y,2026-10-03T05:30:00+08:00,11.580843541070422,3,1.0,dow,11,12.03,10.0,16.99,4,Developing,34.07,283.2
2026-10-03,05:55:00,275744,46.1,Y,2026-10-03T05:30:00+08:00,11.436189169598325,3,1.0,dow,11,12.03,10.0,16.99,4,Developing,34.07,283.2
2026-10-03,05:55:00,275749,46.1,Y,2026-10-03T05:30:00+08:00,11.3459454988178,3,0.999999999999999,dow,11,12.03,10.0,16.99,4,Developing,34.07,283.2
2026-10-03,05:55:00,275751,46.1,Y,2026-10-03T05:30:00+08:00,11.224096826395208,3,1.0,dow,11,12.03,10.0,16.99,4,Developing,34.07,283.2
2026-10-03,05:55:00,275752,46.1,Y,2026-10-03T05:30:00+08:00,11.074753127586455,3,1.0,dow,11,12.03,10.0,16.99,4,Developing,34.07,283.2
2026-10-03,05:55:00,275754,46.1,Y,2026-10-03T05:30:00+08:00,10.945800849768752,3,1.0,dow,11,12.03,10.0,16.99,4,Developing,34.07,283.2
2026-10-03,05:55:00,275757,44.7,Y,2026-10-03T05:30:00+08:00,10.82882404541956,3,1.0,dow,11,18.6,16.56,22.74,4,Developing,26.1,140.3
2026-10-03,05:55:00,275763,46.1,Y,2026-10-03T05:30:00+08:00,12.16488890026472,3,1.0,dow,11,12.03,10.0,16.99,4,Developing,34.07,283.2
2026-10-03,05:55:00,275793,16.3,Y,2026-10-03T05:30:00+08:00,15.463557846293586,3,1.0,dow,11,17.7,14.8,33.52,3,Provisional,-1.4,-7.9
2026-10-03,05:55:00,275794,42.2,Y,2026-10-03T05:30:00+08:00,14.926203426648087,3,1.0,dow,11,27.9,14.11,42.15,4,Developing,14.3,51.3
2026-10-03,05:55:00,275806,16.3,Y,2026-10-03T05:30:00+08:00,14.342430529510068,3,1.0,dow,11,17.7,14.8,33.52,3,Provisional,-1.4,-7.9
2026-10-03,05:55:00,275807,16.3,Y,2026-10-03T05:30:00+08:00,14.039649766355058,3,1.0,dow,11,17.7,14.8,33.52,3,Provisional,-1.4,-7.9
2026-10-03,05:55:00,275810,35.1,Y,2026-10-03T05:30:00+08:00,13.560685398858862,3,1.0,dow,11,22.65,16.77,24.8,3,Provisional,12.45,55.0
2026-10-03,05:55:00,3061,21.1,Y,2026-10-03T05:30:00+08:00,13.573770252345552,3,1.0,dow,11,28.6,25.25,30.08,4,Developing,-7.5,-26.2
2026-10-03,05:55:00,3298,5.9,Y,2026-10-03T05:30:00+08:00,11.264953177495883,3,1.0,dow,11,29.05,23.45,34.58,4,Developing,-23.15,-79.7
2026-10-03,05:55:00,342,29.3,Y,2026-10-03T05:30:00+08:00,17.585254623487323,3,1.0,dow,11,29.75,26.44,30.06,4,Developing,-0.45,-1.5
2026-10-03,05:55:00,345,29.3,Y,2026-10-03T05:30:00+08:00,17.487518077972208,3,0.999999999999999,dow,11,29.7,23.4,29.82,3,Provisional,-0.4,-1.3
2026-10-03,05:55:00,346,16.3,Y,2026-10-03T05:30:00+08:00,16.79794218628117,3,1.0000000000000009,dow,11,24.1,16.25,35.21,4,Developing,-7.8,-32.4
2026-10-03,05:55:00,3467,5.9,Y,2026-10-03T05:30:00+08:00,10.994466209260176,3,1.0,dow,11,29.05,23.45,34.58,4,Developing,-23.15,-79.7
2026-10-03,05:55:00,361,42.2,Y,2026-10-03T05:30:00+08:00,17.703559089620843,3,1.0,dow,11,27.9,14.11,42.15,4,Developing,14.3,51.3
2026-10-03,05:55:00,3681,5.9,Y,2026-10-03T05:30:00+08:00,11.476817199962804,3,0.9999999999999999,dow,11,29.05,23.45,34.58,4,Developing,-23.15,-79.7
2026-10-03,05:55:00,3699,42.2,Y,2026-10-03T05:30:00+08:00,14.039889772320283,3,1.0,dow,11,27.9,14.11,42.15,4,Developing,14.3,51.3
2026-10-03,05:55:00,5185,5.9,Y,2026-10-03T05:30:00+08:00,12.047881435908673,3,1.0,dow,11,29.05,23.45,34.58,4,Developing,-23.15,-79.7
2026-10-03,05:55:00,5196,37.9,Y,2026-10-03T05:30:00+08:00,17.346732085805264,3,1.000000000000001,dow,11,34.6,33.09,36.05,4,Developing,3.3,9.5
2026-10-03,05:55:00,5210,5.9,Y,2026-10-03T05:30:00+08:00,12.480197245039914,3,1.0,dow,11,29.05,23.45,34.58,4,Developing,-23.15,-79.7
2026-10-03,05:55:00,5324,42.2,Y,2026-10-03T05:30:00+08:00,15.779206864896189,3,1.0000000000000009,dow,11,27.9,14.11,42.15,4,Developing,14.3,51.3
2026-10-03,05:55:00,5326,35.7,Y,2026-10-03T05:30:00+08:00,18.090212249139974,3,1.000000000000001,dow,11,38.9,37.95,44.19,4,Developing,-3.2,-8.2
2026-10-03,05:55:00,5331,46.1,Y,2026-10-03T05:30:00+08:00,12.685459277137511,3,1.0,dow,11,12.78,11.12,16.99,4,Developing,33.32,260.7
2026-10-03,05:55:00,5353,16.3,Y,2026-10-03T05:30:00+08:00,17.210934984947077,3,1.0,dow,11,22.9,16.25,33.41,4,Developing,-6.6,-28.8
2026-10-03,05:55:00,5398,42.2,Y,2026-10-03T05:30:00+08:00,17.357210722942277,3,1.0,dow,11,27.9,14.11,42.15,4,Developing,14.3,51.3
2026-10-03,05:55:00,5399,42.2,Y,2026-10-03T05:30:00+08:00,16.502372988692176,3,1.0,dow,11,27.9,14.11,42.15,4,Developing,14.3,51.3
2026-10-03,05:55:00,5400,16.3,Y,2026-10-03T05:30:00+08:00,15.94067708646873,3,1.0,dow,11,24.1,16.25,35.21,4,Developing,-7.8,-32.4
2026-10-03,05:55:00,5402,42.2,Y,2026-10-03T05:30:00+08:00,15.418519419689325,3,1.0,dow,11,27.9,14.11,42.15,4,Developing,14.3,51.3
2026-10-03,05:55:00,5427,16.3,Y,2026-10-03T05:30:00+08:00,14.933272860532211,3,1.0000000000000009,dow,11,22.3,16.25,32.51,4,Developing,-6.0,-26.9
2026-10-03,05:55:00,5772,5.9,Y,2026-10-03T05:30:00+08:00,11.388147924944903,3,1.0,dow,11,29.05,23.45,34.58,4,Developing,-23.15,-79.7
2026-10-03,05:55:00,5825,16.3,Y,2026-10-03T05:30:00+08:00,14.65245772077848,3,1.0000000000000009,dow,11,22.3,16.25,32.51,4,Developing,-6.0,-26.9
2026-10-03,05:55:00,65114,46.1,Y,2026-10-03T05:30:00+08:00,12.006630451229142,3,1.0,dow,11,12.78,11.12,16.99,4,Developing,33.32,260.7
2026-10-03,05:55:00,939,5.9,Y,2026-10-03T05:30:00+08:00,11.61775158453114,3,1.0,dow,11,29.05,23.45,34.58,4,Developing,-23.15,-79.7
2026-10-03,05:55:00,166,54.9,Y,2026-10-03T05:30:00+08:00,10.800084642008507,3,1.0,dow,11,50.48,49.15,51.45,4,Developing,4.42,8.8
2026-10-03,05:55:00,2464,54.9,Y,2026-10-03T05:30:00+08:00,11.03994938459954,3,1.0000000000000002,dow,11,50.48,49.15,51.45,4,Developing,4.42,8.8
2026-10-03,05:55:00,2731,54.9,Y,2026-10-03T05:30:00+08:00,10.475494163905406,3,0.9999999999999991,dow,11,50.48,49.15,51.45,4,Developing,4.42,8.8
2026-10-03,05:55:00,3080,54.9,Y,2026-10-03T05:30:00+08:00,11.049333489539745,3,0.9999999999999999,dow,11,50.48,49.15,51.45,4,Developing,4.42,8.8
2026-10-03,05:55:00,3460,41.1,Y,2026-10-03T05:30:00+08:00,10.792638744741211,3,0.999999999999999,dow,11,36.83,35.2,38.79,4,Developing,4.27,11.6
2026-10-03,05:55:00,363,54.9,Y,2026-10-03T05:30:00+08:00,10.549721198510213,3,1.0,dow,11,50.48,49.15,51.45,4,Developing,4.42,8.8
2026-10-03,05:55:00,4672,54.9,Y,2026-10-03T05:30:00+08:00,10.684004837114127,3,1.0,dow,11,50.48,49.15,51.45,4,Developing,4.42,8.8
2026-10-03,05:55:00,4674,41.1,Y,2026-10-03T05:30:00+08:00,10.584974417904666,3,1.0000000000000009,dow,11,36.83,35.2,38.79,4,Developing,4.27,11.6
2026-10-03,05:55:00,4995,54.9,Y,2026-10-03T05:30:00+08:00,10.419935676005583,3,1.0,dow,11,50.48,49.15,51.45,4,Developing,4.42,8.8
2026-10-03,05:55:00,4996,54.9,Y,2026-10-03T05:30:00+08:00,10.678932687920783,3,1.0,dow,11,50.48,49.15,51.45,4,Developing,4.42,8.8
2026-10-03,05:55:00,5334,54.9,Y,2026-10-03T05:30:00+08:00,11.013954086535062,3,1.0,dow,11,50.48,49.15,51.45,4,Developing,4.42,8.8
2026-10-03,05:55:00,5490,41.1,Y,2026-10-03T05:30:00+08:00,10.88470098344469,3,1.0,dow,11,36.83,35.2,38.79,4,Developing,4.27,11.6
2026-10-03,05:55:00,5550,41.1,Y,2026-10-03T05:30:00+08:00,10.309153150987191,3,0.9999999999999991,dow,11,36.83,35.2,38.79,4,Developing,4.27,11.6
2026-10-03,05:55:00,1857,27.4,Y,2026-10-03T05:30:00+08:00,16.93097364454831,3,1.0,dow,11,41.25,35.88,43.93,4,Developing,-13.85,-33.6
2026-10-03,05:55:00,187,40.6,Y,2026-10-03T05:30:00+08:00,16.184955703117396,3,1.0,dow,11,43.7,43.3,44.6,4,Developing,-3.1,-7.1
2026-10-03,05:55:00,2718,39.2,Y,2026-10-03T05:30:00+08:00,16.158499220028784,3,1.0,dow,11,45.48,43.55,47.04,4,Developing,-6.28,-13.8
2026-10-03,05:55:00,275703,39.9,Y,2026-10-03T05:30:00+08:00,17.7093425534894,3,1.0,dow,11,43.85,42.42,45.35,4,Developing,-3.95,-9.0
2026-10-03,05:55:00,275705,39.9,Y,2026-10-03T05:30:00+08:00,17.85627634344163,3,1.0000000000000009,dow,11,43.85,42.42,45.35,4,Developing,-3.95,-9.0
2026-10-03,05:55:00,275708,37.9,Y,2026-10-03T05:30:00+08:00,16.37086409861042,3,1.0000000000000009,dow,11,44.08,37.88,46.76,4,Developing,-6.18,-14.0
2026-10-03,05:55:00,275726,41.6,Y,2026-10-03T05:30:00+08:00,16.59735014941888,3,1.0,dow,11,42.73,41.8,43.42,4,Developing,-1.13,-2.6
2026-10-03,05:55:00,275745,41.7,Y,2026-10-03T05:30:00+08:00,16.785587117355288,3,1.000000000000001,dow,11,42.3,41.12,43.45,4,Developing,-0.6,-1.4
2026-10-03,05:55:00,275753,11.0,Y,2026-10-03T05:30:00+08:00,17.857309975324082,3,1.0,dow,11,46.55,45.25,46.8,4,Developing,-35.55,-76.4
2026-10-03,05:55:00,275998,11.0,Y,2026-10-03T05:30:00+08:00,17.711145564776686,3,1.000000000000001,dow,11,46.55,45.25,46.8,4,Developing,-35.55,-76.4
2026-10-03,05:55:00,276003,39.9,Y,2026-10-03T05:30:00+08:00,17.986451542494805,3,1.0,dow,11,43.85,42.42,45.35,4,Developing,-3.95,-9.0
2026-10-03,05:55:00,276024,11.0,Y,2026-10-03T05:30:00+08:00,17.988812257811453,3,1.0,dow,11,46.55,45.25,46.8,4,Developing,-35.55,-76.4
2026-10-03,05:55:00,276026,31.3,Y,2026-10-03T05:30:00+08:00,18.193006858521365,3,1.0,dow,11,47.65,43.03,49.69,4,Developing,-16.35,-34.3
2026-10-03,05:55:00,276028,39.7,Y,2026-10-03T05:30:00+08:00,18.349119215348072,3,1.0,dow,11,47.95,41.95,50.8,4,Developing,-8.25,-17.2
2026-10-03,05:55:00,276030,39.7,Y,2026-10-03T05:30:00+08:00,16.15835029545132,3,1.0,dow,11,47.95,41.95,50.8,4,Developing,-8.25,-17.2
2026-10-03,05:55:00,276033,38.1,Y,2026-10-03T05:30:00+08:00,16.184413605321414,3,1.0,dow,11,44.5,38.6,48.58,4,Developing,-6.4,-14.4
2026-10-03,05:55:00,276037,38.2,Y,2026-10-03T05:30:00+08:00,16.59818578678585,3,1.0,dow,11,43.15,35.0,45.84,4,Developing,-4.95,-11.5
2026-10-03,05:55:00,276046,38.4,Y,2026-10-03T05:30:00+08:00,16.786090189328498,3,1.0,dow,11,43.1,34.42,45.86,4,Developing,-4.7,-10.9
2026-10-03,05:55:00,3213,27.4,Y,2026-10-03T05:30:00+08:00,16.91345010910479,3,1.0,dow,11,41.25,35.88,43.93,4,Developing,-13.85,-33.6
2026-10-03,05:55:00,3556,45.9,Y,2026-10-03T05:30:00+08:00,17.5463272246926,3,1.0,dow,11,39.65,24.12,50.89,4,Developing,6.25,15.8
2026-10-03,05:55:00,4132,46.2,Y,2026-10-03T05:30:00+08:00,16.935709416285086,3,1.0,dow,11,40.62,34.48,43.33,4,Developing,5.58,13.7
2026-10-03,05:55:00,4204,39.2,Y,2026-10-03T05:30:00+08:00,18.345383788473775,3,1.0,dow,11,45.48,43.55,47.04,4,Developing,-6.28,-13.8
2026-10-03,05:55:00,4328,39.4,Y,2026-10-03T05:30:00+08:00,18.188605084811282,3,1.0,dow,11,45.03,44.17,45.73,4,Developing,-5.63,-12.5
2026-10-03,05:55:00,4341,11.0,Y,2026-10-03T05:30:00+08:00,17.543808936241593,3,1.0,dow,11,13.0,12.43,21.8,4,Developing,-2.0,-15.4
2026-10-03,05:55:00,4812,41.1,Y,2026-10-03T05:30:00+08:00,16.37149694744021,3,1.0,dow,11,43.53,42.86,43.88,4,Developing,-2.43,-5.6
2026-10-03,05:55:00,5405,61.5,Y,2026-10-03T05:30:00+08:00,16.916299899001462,3,1.0,dow,11,36.48,29.46,39.25,4,Developing,25.02,68.6
2026-10-03,05:55:00,100533,52.7,Y,2026-10-03T05:30:00+08:00,17.59733084809668,3,0.999999999999999,dow,11,51.45,50.7,52.12,4,Developing,1.25,2.4
2026-10-03,05:55:00,100534,50.3,Y,2026-10-03T05:30:00+08:00,17.623134818532403,3,1.0,dow,11,49.8,48.6,51.05,4,Developing,0.5,1.0
2026-10-03,05:55:00,100536,52.7,Y,2026-10-03T05:30:00+08:00,17.609890107810248,3,1.0,dow,11,51.45,50.7,52.12,4,Developing,1.25,2.4
2026-10-03,05:55:00,100565,46.6,Y,2026-10-03T05:30:00+08:00,17.30235545997346,3,1.0000000000000009,dow,11,46.35,43.69,46.83,4,Developing,0.25,0.5
2026-10-03,05:55:00,100566,44.1,Y,2026-10-03T05:30:00+08:00,17.32156646659908,3,1.0,dow,11,45.05,43.64,45.48,4,Developing,-0.95,-2.1
2026-10-03,05:55:00,100585,38.9,Y,2026-10-03T05:30:00+08:00,17.34142710486097,3,1.0000000000000009,dow,11,36.08,30.72,37.33,4,Developing,2.82,7.8
2026-10-03,05:55:00,100601,41.5,Y,2026-10-03T05:30:00+08:00,17.38898706176461,3,1.0,dow,11,41.6,39.01,42.35,4,Developing,-0.1,-0.2
2026-10-03,05:55:00,100602,38.9,Y,2026-10-03T05:30:00+08:00,17.388565997650655,3,1.0,dow,11,36.08,30.72,37.33,4,Developing,2.82,7.8
2026-10-03,05:55:00,100606,38.9,Y,2026-10-03T05:30:00+08:00,17.37043154483299,3,1.0,dow,11,36.08,30.72,37.33,4,Developing,2.82,7.8
2026-10-03,05:55:00,100613,54.2,Y,2026-10-03T05:30:00+08:00,17.30433996919859,3,1.0,dow,11,56.33,51.02,57.56,4,Developing,-2.13,-3.8
2026-10-03,05:55:00,100614,32.5,Y,2026-10-03T05:30:00+08:00,17.351288936089514,3,1.0,dow,11,34.3,31.7,37.01,4,Developing,-1.8,-5.2
2026-10-03,05:55:00,100680,26.2,Y,2026-10-03T05:30:00+08:00,17.414185900524757,3,1.0,dow,11,57.2,56.02,59.8,4,Developing,-31.0,-54.2
2026-10-03,05:55:00,100681,26.2,Y,2026-10-03T05:30:00+08:00,17.398320766174887,3,1.0,dow,11,57.2,56.02,59.8,4,Developing,-31.0,-54.2
2026-10-03,05:55:00,100682,26.2,Y,2026-10-03T05:30:00+08:00,17.379114122920136,3,1.000000000000001,dow,11,57.2,56.02,59.8,4,Developing,-31.0,-54.2
2026-10-03,05:55:00,100683,59.5,Y,2026-10-03T05:30:00+08:00,17.4094628134732,3,1.0,dow,11,59.05,56.8,60.67,4,Developing,0.45,0.8
2026-10-03,05:55:00,100684,59.5,Y,2026-10-03T05:30:00+08:00,17.393187831240013,3,1.0,dow,11,59.05,56.8,60.67,4,Developing,0.45,0.8
2026-10-03,05:55:00,101021,27.2,Y,2026-10-03T05:30:00+08:00,17.618682809218956,3,1.0,dow,11,32.12,24.6,40.06,4,Developing,-4.92,-15.3
2026-10-03,05:55:00,101022,50.3,Y,2026-10-03T05:30:00+08:00,17.6333787661434,3,1.0,dow,11,49.8,48.6,51.05,4,Developing,0.5,1.0
2026-10-03,05:55:00,101023,52.7,Y,2026-10-03T05:30:00+08:00,17.595647276131576,3,0.999999999999999,dow,11,51.45,50.7,52.12,4,Developing,1.25,2.4
2026-10-03,05:55:00,101024,27.2,Y,2026-10-03T05:30:00+08:00,17.60519694261675,3,1.000000000000001,dow,11,32.12,24.6,40.06,4,Developing,-4.92,-15.3
2026-10-03,05:55:00,101029,50.3,Y,2026-10-03T05:30:00+08:00,17.62992466690664,3,1.0,dow,11,49.8,48.6,51.05,4,Developing,0.5,1.0
2026-10-03,05:55:00,101280,38.7,Y,2026-10-03T05:30:00+08:00,13.639144857436424,3,1.0,dow,11,37.4,36.91,37.73,4,Developing,1.3,3.5
2026-10-03,05:55:00,101281,38.7,Y,2026-10-03T05:30:00+08:00,13.608606585084644,3,1.0,dow,11,37.4,36.91,37.73,4,Developing,1.3,3.5
2026-10-03,05:55:00,101291,36.0,Y,2026-10-03T05:30:00+08:00,13.5959125028796,3,0.999999999999999,dow,11,38.4,37.62,38.8,4,Developing,-2.4,-6.2
2026-10-03,05:55:00,101295,33.2,Y,2026-10-03T05:30:00+08:00,13.64493734289507,3,1.0,dow,11,39.9,38.51,41.3,4,Developing,-6.7,-16.8
2026-10-03,05:55:00,101296,36.0,Y,2026-10-03T05:30:00+08:00,13.693870768761094,3,0.999999999999999,dow,11,38.4,37.62,38.8,4,Developing,-2.4,-6.2
2026-10-03,05:55:00,101297,38.7,Y,2026-10-03T05:30:00+08:00,13.719109853191503,3,1.0,dow,11,37.4,36.91,37.73,4,Developing,1.3,3.5
2026-10-03,05:55:00,110624,55.1,Y,2026-10-03T05:30:00+08:00,5.957605696540256,3,0.9999999999999999,dow,11,44.8,39.0,47.71,4,Developing,10.3,23.0
2026-10-03,05:55:00,110625,63.8,Y,2026-10-03T05:30:00+08:00,5.951060978496962,3,1.0,dow,11,48.25,39.2,52.55,4,Developing,15.55,32.2
2026-10-03,05:55:00,110626,46.3,Y,2026-10-03T05:30:00+08:00,5.934820491090944,3,1.0000000000000009,dow,11,38.45,37.35,44.12,4,Developing,7.85,20.4
2026-10-03,05:55:00,110627,55.1,Y,2026-10-03T05:30:00+08:00,5.935017320914948,3,1.0,dow,11,44.8,39.0,47.71,4,Developing,10.3,23.0
2026-10-03,05:55:00,110628,46.3,Y,2026-10-03T05:30:00+08:00,5.949157166364126,3,1.0,dow,11,38.45,37.35,44.12,4,Developing,7.85,20.4
2026-10-03,05:55:00,110671,39.8,Y,2026-10-03T05:30:00+08:00,0.285054878775363,3,1.0,dow,11,50.1,48.75,51.9,4,Developing,-10.3,-20.6
2026-10-03,05:55:00,110672,60.0,Y,2026-10-03T05:30:00+08:00,0.28507303024403075,3,1.0000000000000009,dow,11,54.3,50.17,57.35,4,Developing,5.7,10.5
2026-10-03,05:55:00,110673,60.0,Y,2026-10-03T05:30:00+08:00,0.2870320725772267,3,1.000000000000001,dow,11,54.3,50.17,57.35,4,Developing,5.7,10.5
2026-10-03,05:55:00,110674,60.0,Y,2026-10-03T05:30:00+08:00,0.286332151363375,3,1.0,dow,11,54.3,50.17,57.35,4,Developing,5.7,10.5
2026-10-03,05:55:00,110675,39.8,Y,2026-10-03T05:30:00+08:00,0.28734901270541,3,1.0,dow,11,50.1,48.75,51.9,4,Developing,-10.3,-20.6
2026-10-03,05:55:00,110676,34.6,Y,2026-10-03T05:30:00+08:00,0.2871751102591563,3,0.9999999999999989,dow,11,48.75,46.25,51.65,4,Developing,-14.15,-29.0
2026-10-03,05:55:00,110677,34.6,Y,2026-10-03T05:30:00+08:00,0.28650598328477,3,1.0,dow,11,48.75,46.25,51.65,4,Developing,-14.15,-29.0
2026-10-03,05:55:00,110678,34.6,Y,2026-10-03T05:30:00+08:00,0.2855787549903703,3,0.999999999999999,dow,11,48.75,46.25,51.65,4,Developing,-14.15,-29.0
2026-10-03,05:55:00,110681,59.0,Y,2026-10-03T05:30:00+08:00,3.0569574704357976,3,0.9999999999999989,dow,11,61.08,59.64,62.45,4,Developing,-2.08,-3.4
2026-10-03,05:55:00,110682,54.5,Y,2026-10-03T05:30:00+08:00,3.063727438467031,3,1.0000000000000009,dow,11,57.6,54.08,60.53,4,Developing,-3.1,-5.4
2026-10-03,05:55:00,110683,54.5,Y,2026-10-03T05:30:00+08:00,3.0719645321301488,3,1.0,dow,11,57.6,54.08,60.53,4,Developing,-3.1,-5.4
2026-10-03,05:55:00,110684,59.0,Y,2026-10-03T05:30:00+08:00,3.070113461277237,3,1.0,dow,11,61.08,59.64,62.45,4,Developing,-2.08,-3.4
2026-10-03,05:55:00,110685,63.4,Y,2026-10-03T05:30:00+08:00,3.057798813907307,3,1.0,dow,11,62.78,61.88,64.21,4,Developing,0.62,1.0
2026-10-03,05:55:00,110896,54.5,Y,2026-10-03T05:30:00+08:00,3.06806675248327,3,1.0,dow,11,57.6,54.08,60.53,4,Developing,-3.1,-5.4
2026-10-03,05:55:00,110902,60.0,Y,2026-10-03T05:30:00+08:00,0.285649225479619,3,1.0,dow,11,54.3,50.17,57.35,4,Developing,5.7,10.5
2026-10-03,05:55:00,1150,46.5,Y,2026-10-03T05:30:00+08:00,18.651762810222927,3,1.0000000000000009,dow,11,45.3,44.9,46.15,4,Developing,1.2,2.6
2026-10-03,05:55:00,164610,57.6,Y,2026-10-03T05:30:00+08:00,7.853817092471318,3,1.0,dow,11,60.97,60.75,63.29,4,Developing,-3.37,-5.5
2026-10-03,05:55:00,164611,57.9,Y,2026-10-03T05:30:00+08:00,7.82666835077851,3,1.0,dow,11,61.2,60.92,63.47,4,Developing,-3.3,-5.4
2026-10-03,05:55:00,164612,63.8,Y,2026-10-03T05:30:00+08:00,7.838197053332176,3,1.0,dow,11,64.05,63.54,64.44,4,Developing,-0.25,-0.4
2026-10-03,05:55:00,164991,42.7,Y,2026-10-03T05:30:00+08:00,16.614571841665768,3,1.0000000000000009,dow,11,46.25,44.5,48.8,4,Developing,-3.55,-7.7
2026-10-03,05:55:00,164993,42.7,Y,2026-10-03T05:30:00+08:00,16.615077708548736,3,1.0,dow,11,46.25,44.5,48.8,4,Developing,-3.55,-7.7
2026-10-03,05:55:00,164995,41.5,Y,2026-10-03T05:30:00+08:00,16.60604584980467,3,0.999999999999999,dow,11,44.23,42.12,46.2,4,Developing,-2.73,-6.2
2026-10-03,05:55:00,164997,41.5,Y,2026-10-03T05:30:00+08:00,16.60252993028722,3,1.0,dow,11,44.23,42.12,46.2,4,Developing,-2.73,-6.2
2026-10-03,05:55:00,164999,41.5,Y,2026-10-03T05:30:00+08:00,16.60701106827659,3,1.0,dow,11,44.23,42.12,46.2,4,Developing,-2.73,-6.2
2026-10-03,05:55:00,165001,42.8,Y,2026-10-03T05:30:00+08:00,16.6107532905187,3,1.0,dow,11,43.67,42.84,44.02,4,Developing,-0.87,-2.0
2026-10-03,05:55:00,165374,54.5,Y,2026-10-03T05:30:00+08:00,3.0603624198655317,3,1.0,dow,11,57.6,54.08,60.53,4,Developing,-3.1,-5.4
2026-10-03,05:55:00,2265,43.2,Y,2026-10-03T05:30:00+08:00,18.62887961771614,3,1.0000000000000009,dow,11,47.7,46.5,48.73,4,Developing,-4.5,-9.4
2026-10-03,05:55:00,2288,45.9,Y,2026-10-03T05:30:00+08:00,17.642098681116224,3,1.0,dow,11,39.65,24.12,50.89,4,Developing,6.25,15.8
2026-10-03,05:55:00,260231,35.9,Y,2026-10-03T05:30:00+08:00,0.0,3,0.9999999999999991,dow,11,37.5,35.6,39.8,4,Developing,-1.6,-4.3
2026-10-03,05:55:00,260232,35.9,Y,2026-10-03T05:30:00+08:00,0.0,3,1.0,dow,11,37.5,35.6,39.8,4,Developing,-1.6,-4.3
2026-10-03,05:55:00,260233,27.7,Y,2026-10-03T05:30:00+08:00,0.0,3,1.0,dow,11,39.75,38.23,43.25,4,Developing,-12.05,-30.3
2026-10-03,05:55:00,260234,27.7,Y,2026-10-03T05:30:00+08:00,0.0,3,1.0000000000000009,dow,11,39.75,38.23,43.25,4,Developing,-12.05,-30.3
2026-10-03,05:55:00,275687,45.9,Y,2026-10-03T05:30:00+08:00,17.650684474636794,3,1.0,dow,11,40.05,24.12,51.49,4,Developing,5.85,14.6
2026-10-03,05:55:00,275688,11.0,Y,2026-10-03T05:30:00+08:00,17.648949105001325,3,1.0,dow,11,46.55,45.25,46.8,4,Developing,-35.55,-76.4
2026-10-03,05:55:00,278783,60.9,Y,2026-10-03T05:30:00+08:00,7.826940592661127,3,0.999999999999999,dow,11,62.62,62.26,63.48,4,Developing,-1.72,-2.7
2026-10-03,05:55:00,278803,60.7,Y,2026-10-03T05:30:00+08:00,7.856218664027322,3,1.0000000000000009,dow,11,62.48,62.16,63.35,4,Developing,-1.78,-2.8
2026-10-03,05:55:00,290,29.0,Y,2026-10-03T05:30:00+08:00,18.69288831560212,3,1.0000000000000009,dow,11,32.1,31.88,33.23,4,Developing,-3.1,-9.7
2026-10-03,05:55:00,3116,43.2,Y,2026-10-03T05:30:00+08:00,18.678391731274317,3,1.0,dow,11,47.7,46.5,48.73,4,Developing,-4.5,-9.4
2026-10-03,05:55:00,3418,44.9,Y,2026-10-03T05:30:00+08:00,18.624759228885637,3,1.0,dow,11,47.27,45.6,48.79,4,Developing,-2.37,-5.0
2026-10-03,05:55:00,3640,44.9,Y,2026-10-03T05:30:00+08:00,18.70961254213609,3,0.999999999999999,dow,11,42.03,40.41,43.8,4,Developing,2.87,6.8
2026-10-03,05:55:00,4342,11.0,Y,2026-10-03T05:30:00+08:00,17.65220053437648,3,0.9999999999999999,dow,11,46.55,45.25,46.8,4,Developing,-35.55,-76.4
2026-10-03,05:55:00,4343,36.0,Y,2026-10-03T05:30:00+08:00,17.634771934910844,3,1.0,dow,11,36.0,36.0,36.0,4,Developing,0.0,0.0
2026-10-03,05:55:00,4862,11.0,Y,2026-10-03T05:30:00+08:00,17.64201218413474,3,1.0,dow,11,13.0,12.43,21.8,4,Developing,-2.0,-15.4
2026-10-03,05:55:00,58375,41.7,Y,2026-10-03T05:30:00+08:00,0.0,3,1.0,dow,11,38.52,37.73,39.34,4,Developing,3.18,8.3
2026-10-03,05:55:00,58955,41.7,Y,2026-10-03T05:30:00+08:00,0.0,3,1.0,dow,11,38.52,37.73,39.34,4,Developing,3.18,8.3
2026-10-03,05:55:00,59247,41.7,Y,2026-10-03T05:30:00+08:00,0.0,3,1.0,dow,11,38.52,37.73,39.34,4,Developing,3.18,8.3
2026-10-03,05:55:00,60454,50.4,Y,2026-10-03T05:30:00+08:00,3.963060844265564,3,1.0,dow,11,55.2,54.88,56.02,4,Developing,-4.8,-8.7
2026-10-03,05:55:00,61461,51.7,Y,2026-10-03T05:30:00+08:00,3.9576068647643323,3,1.0,dow,11,54.98,53.0,56.54,4,Developing,-3.28,-6.0
2026-10-03,05:55:00,62174,51.7,Y,2026-10-03T05:30:00+08:00,3.969522119217968,3,1.0,dow,11,54.98,53.0,56.54,4,Developing,-3.28,-6.0
2026-10-03,05:55:00,62175,52.9,Y,2026-10-03T05:30:00+08:00,3.9723163873969463,3,0.999999999999999,dow,11,54.65,51.24,57.14,4,Developing,-1.75,-3.2
2026-10-03,05:55:00,62911,49.9,Y,2026-10-03T05:30:00+08:00,8.884766064258299,3,0.9999999999999997,dow,11,51.02,50.05,51.67,4,Developing,-1.12,-2.2
2026-10-03,05:55:00,93482,49.6,Y,2026-10-03T05:30:00+08:00,0.0,3,1.0,dow,11,55.75,54.74,56.02,4,Developing,-6.15,-11.0
2026-10-03,05:55:00,93486,49.6,Y,2026-10-03T05:30:00+08:00,0.0,3,1.0,dow,11,55.75,54.74,56.02,4,Developing,-6.15,-11.0
2026-10-03,05:55:00,93543,49.6,Y,2026-10-03T05:30:00+08:00,0.0,3,1.0,dow,11,55.75,54.74,56.02,4,Developing,-6.15,-11.0
2026-10-03,05:55:00,93697,49.6,Y,2026-10-03T05:30:00+08:00,0.0,3,1.0,dow,11,55.75,54.74,56.02,4,Developing,-6.15,-11.0
2026-10-03,05:55:00,93704,49.6,Y,2026-10-03T05:30:00+08:00,0.0,3,1.0,dow,11,55.75,54.74,56.02,4,Developing,-6.15,-11.0
2026-10-03,05:55:00,94677,54.0,Y,2026-10-03T05:30:00+08:00,0.24307756438399925,3,0.999999999999999,dow,11,49.17,48.33,50.06,4,Developing,4.83,9.8
2026-10-03,05:55:00,94678,54.0,Y,2026-10-03T05:30:00+08:00,0.24387958367995,3,1.0,dow,11,49.17,48.33,50.06,4,Developing,4.83,9.8
2026-10-03,05:55:00,94687,50.1,Y,2026-10-03T05:30:00+08:00,0.242863964674626,3,1.0,dow,11,50.38,48.8,51.38,4,Developing,-0.28,-0.6
2026-10-03,05:55:00,94688,46.1,Y,2026-10-03T05:30:00+08:00,0.242995345543179,3,1.0,dow,11,50.98,48.51,53.18,4,Developing,-4.88,-9.6
2026-10-03,05:55:00,94689,50.1,Y,2026-10-03T05:30:00+08:00,0.243687234958571,3,1.0,dow,11,50.38,48.8,51.38,4,Developing,-0.28,-0.6
2026-10-03,05:55:00,94714,54.0,Y,2026-10-03T05:30:00+08:00,0.243589841714359,3,1.0,dow,11,49.17,48.33,50.06,4,Developing,4.83,9.8
2026-10-03,05:55:00,94928,46.5,Y,2026-10-03T05:30:00+08:00,0.217597752438399,3,1.0,dow,11,48.95,48.17,49.71,4,Developing,-2.45,-5.0
2026-10-03,05:55:00,94929,47.1,Y,2026-10-03T05:30:00+08:00,0.217758861646477,3,1.0,dow,11,49.55,48.2,50.88,4,Developing,-2.45,-4.9
2026-10-03,05:55:00,94930,46.5,Y,2026-10-03T05:30:00+08:00,0.218434225835454,3,1.0,dow,11,48.95,48.17,49.71,4,Developing,-2.45,-5.0
2026-10-03,05:55:00,94931,45.8,Y,2026-10-03T05:30:00+08:00,0.21840372340770203,3,0.9999999999999999,dow,11,46.9,45.92,48.77,4,Developing,-1.1,-2.3
2026-10-03,05:55:00,94932,45.8,Y,2026-10-03T05:30:00+08:00,0.21796249705734,3,1.0,dow,11,46.9,45.92,48.77,4,Developing,-1.1,-2.3
2026-10-03,05:55:00,96895,49.6,Y,2026-10-03T05:30:00+08:00,0.0,3,1.0,dow,11,55.75,54.74,56.02,4,Developing,-6.15,-11.0
2026-10-03,05:55:00,96896,49.6,Y,2026-10-03T05:30:00+08:00,0.0,3,1.0,dow,11,55.75,54.74,56.02,4,Developing,-6.15,-11.0
2026-10-03,05:55:00,275993,51.8,Y,2026-10-03T05:30:00+08:00,2.0304539741017384,3,1.0000000000000009,dow,11,57.7,55.71,58.22,4,Developing,-5.9,-10.2
2026-10-03,05:55:00,275995,54.6,Y,2026-10-03T05:30:00+08:00,2.033867491378719,3,1.0,dow,11,59.27,57.23,59.35,4,Developing,-4.67,-7.9
2026-10-03,05:55:00,275999,55.0,Y,2026-10-03T05:30:00+08:00,2.0336715538892163,3,1.0000000000000009,dow,11,57.98,55.14,60.09,4,Developing,-2.98,-5.1
2026-10-03,05:55:00,276002,55.3,Y,2026-10-03T05:30:00+08:00,2.031515794068935,3,1.0,dow,11,58.05,56.34,60.14,4,Developing,-2.75,-4.7
2026-10-03,05:55:00,276035,55.3,Y,2026-10-03T05:30:00+08:00,2.029239659074003,3,1.0,dow,11,58.05,56.34,60.14,4,Developing,-2.75,-4.7
2026-10-03,05:55:00,276045,55.9,Y,2026-10-03T05:30:00+08:00,2.0346165440829354,3,0.9999999999999999,dow,11,58.47,57.09,59.42,4,Developing,-2.57,-4.4
2026-10-03,05:55:00,276048,57.8,Y,2026-10-03T05:30:00+08:00,2.035856551489747,3,1.0,dow,11,57.1,55.5,58.74,4,Developing,0.7,1.2
2026-10-03,05:55:00,276063,50,N,2026-10-03T05:30:00+08:00,4.321988806478791,3,1.0,all,11,53.28,52.7,54.5,8,Established,,
2026-10-03,05:55:00,276168,44.7,Y,2026-10-03T05:30:00+08:00,4.653406490652339,3,1.0,dow,11,46.95,45.56,48.84,4,Developing,-2.25,-4.8
2026-10-03,05:55:00,276195,52.9,Y,2026-10-03T05:30:00+08:00,3.867738968981468,3,1.0,dow,11,54.65,51.24,57.14,4,Developing,-1.75,-3.2
2026-10-03,05:55:00,276196,52.9,Y,2026-10-03T05:30:00+08:00,3.927273050154284,3,1.0,dow,11,54.65,51.24,57.14,4,Developing,-1.75,-3.2
2026-10-03,05:55:00,281263,50,N,2026-10-03T05:30:00+08:00,4.568148470652647,3,1.0,,,,,,,,,
2026-10-03,05:55:00,281264,36.7,Y,2026-10-03T05:30:00+08:00,4.569324036375761,3,1.0,dow,11,39.28,38.79,40.2,4,Developing,-2.58,-6.6
2026-10-03,05:55:00,282434,50.4,Y,2026-10-03T05:30:00+08:00,3.8635229129192203,3,1.0,dow,11,55.2,54.88,56.02,4,Developing,-4.8,-8.7
2026-10-03,05:55:00,282435,50.4,Y,2026-10-03T05:30:00+08:00,3.8645399103097944,3,1.0,dow,11,55.2,54.88,56.02,4,Developing,-4.8,-8.7
2026-10-03,05:55:00,282436,50.4,Y,2026-10-03T05:30:00+08:00,3.8684627526849003,3,1.0,dow,11,55.2,54.88,56.02,4,Developing,-4.8,-8.7
2026-10-03,05:55:00,282437,52.9,Y,2026-10-03T05:30:00+08:00,3.8733537601850663,3,1.0,dow,11,54.65,51.24,57.14,4,Developing,-1.75,-3.2
2026-10-03,05:55:00,282438,52.9,Y,2026-10-03T05:30:00+08:00,3.8670393459189643,3,1.0,dow,11,54.65,51.24,57.14,4,Developing,-1.75,-3.2
2026-10-03,05:55:00,282446,50.4,Y,2026-10-03T05:30:00+08:00,3.863518747347114,3,1.0,dow,11,55.2,54.88,56.02,4,Developing,-4.8,-8.7
2026-10-03,05:55:00,282447,50.4,Y,2026-10-03T05:30:00+08:00,3.8634823198962476,3,1.0,dow,11,55.2,54.88,56.02,4,Developing,-4.8,-8.7
2026-10-03,05:55:00,282448,50.4,Y,2026-10-03T05:30:00+08:00,3.867966565848406,3,1.0,dow,11,55.2,54.88,56.02,4,Developing,-4.8,-8.7
2026-10-03,05:55:00,282449,52.9,Y,2026-10-03T05:30:00+08:00,3.872635239419364,3,1.0,dow,11,54.65,51.24,57.14,4,Developing,-1.75,-3.2
2026-10-03,05:55:00,282450,52.9,Y,2026-10-03T05:30:00+08:00,3.867288478224072,3,1.0,dow,11,54.65,51.24,57.14,4,Developing,-1.75,-3.2
2026-10-03,05:55:00,282466,50.4,Y,,,,,dow,11,55.2,54.88,56.02,4,Developing,-4.8,-8.7
2026-10-03,05:55:00,282486,52.9,Y,2026-10-03T05:30:00+08:00,3.86713921528963,3,1.0,dow,11,54.65,51.24,57.14,4,Developing,-1.75,-3.2
2026-10-03,05:55:00,282566,52.9,Y,2026-10-03T05:30:00+08:00,3.836790180246506,3,1.0,dow,11,54.65,51.24,57.14,4,Developing,-1.75,-3.2
2026-10-03,05:55:00,282567,50.4,Y,2026-10-03T05:30:00+08:00,3.8397446301887044,3,1.0,dow,11,55.2,54.88,56.02,4,Developing,-4.8,-8.7
2026-10-03,05:55:00,282568,51.7,Y,2026-10-03T05:30:00+08:00,3.832733452476618,3,0.9999999999999999,dow,11,54.98,53.0,56.54,4,Developing,-3.28,-6.0
2026-10-03,05:55:00,282569,51.7,Y,2026-10-03T05:30:00+08:00,3.8323813716040918,3,1.0,dow,11,54.98,53.0,56.54,4,Developing,-3.28,-6.0
2026-10-03,05:55:00,295907,52.9,Y,2026-10-03T05:30:00+08:00,3.8726833164388426,3,1.0000000000000009,dow,11,54.65,51.24,57.14,4,Developing,-1.75,-3.2
2026-10-03,05:55:00,295908,50.4,Y,2026-10-03T05:30:00+08:00,3.8645272795126457,3,1.0,dow,11,55.2,54.88,56.02,4,Developing,-4.8,-8.7
2026-10-03,05:55:00,295950,50.4,Y,2026-10-03T05:30:00+08:00,3.909527700486463,3,1.0000000000000009,dow,11,55.2,54.88,56.02,4,Developing,-4.8,-8.7
2026-10-03,05:55:00,295967,50.4,Y,2026-10-03T05:30:00+08:00,3.834402853769046,3,1.0,dow,11,55.2,54.88,56.02,4,Developing,-4.8,-8.7
2026-10-03,05:55:00,295969,50,N,2026-10-03T05:30:00+08:00,3.835929738445378,3,1.0,,,,,,,,,
2026-10-03,05:55:00,295970,52.9,Y,2026-10-03T05:30:00+08:00,3.8404936040354904,3,1.0000000000000009,dow,11,54.65,51.24,57.14,4,Developing,-1.75,-3.2
2026-10-03,05:55:00,295976,52.9,Y,2026-10-03T05:30:00+08:00,3.8510864525495716,3,1.0,dow,11,54.65,51.24,57.14,4,Developing,-1.75,-3.2
2026-10-03,05:55:00,295988,52.9,Y,2026-10-03T05:30:00+08:00,3.873390802102518,3,0.999999999999999,dow,11,54.65,51.24,57.14,4,Developing,-1.75,-3.2
2026-10-03,05:55:00,295989,50.4,Y,2026-10-03T05:30:00+08:00,3.870414840137428,3,1.0,dow,11,55.2,54.88,56.02,4,Developing,-4.8,-8.7
2026-10-03,05:55:00,295992,50.4,Y,2026-10-03T05:30:00+08:00,3.862020482806652,3,1.0,dow,11,55.2,54.88,56.02,4,Developing,-4.8,-8.7
2026-10-03,05:55:00,296030,50.4,Y,2026-10-03T05:30:00+08:00,3.95693442980153,3,1.0,dow,11,55.2,54.88,56.02,4,Developing,-4.8,-8.7
2026-10-03,05:55:00,60464,47.9,Y,2026-10-03T05:30:00+08:00,4.043314581298693,3,1.0,dow,11,54.23,53.92,54.65,4,Developing,-6.33,-11.7
2026-10-03,05:55:00,60466,50.4,Y,2026-10-03T05:30:00+08:00,3.9338173111651162,3,1.0,dow,11,55.2,54.88,56.02,4,Developing,-4.8,-8.7
2026-10-03,05:55:00,60475,50.4,Y,2026-10-03T05:30:00+08:00,3.9003757005804185,3,1.0,dow,11,55.2,54.88,56.02,4,Developing,-4.8,-8.7
2026-10-03,05:55:00,60481,43.2,Y,2026-10-03T05:30:00+08:00,2.007172682403078,3,1.0,dow,11,52.1,51.04,53.08,4,Developing,-8.9,-17.1
2026-10-03,05:55:00,60496,80.2,Y,2026-10-03T05:30:00+08:00,4.0981553490682785,3,1.0,dow,11,79.28,76.34,79.94,4,Developing,0.92,1.2
2026-10-03,05:55:00,60817,53.0,Y,2026-10-03T05:30:00+08:00,2.0294179030128734,3,0.9999999999999999,dow,11,60.6,60.35,60.83,4,Developing,-7.6,-12.5
2026-10-03,05:55:00,60938,50.4,Y,2026-10-03T05:30:00+08:00,3.8623673714445603,3,1.0,dow,11,55.2,54.88,56.02,4,Developing,-4.8,-8.7
2026-10-03,05:55:00,61007,42.1,Y,2026-10-03T05:30:00+08:00,4.656359676727082,3,1.0,dow,11,41.9,41.74,41.92,4,Developing,0.2,0.5
2026-10-03,05:55:00,61125,50.4,Y,2026-10-03T05:30:00+08:00,3.859999353108342,3,1.000000000000001,dow,11,55.2,54.88,56.02,4,Developing,-4.8,-8.7
2026-10-03,05:55:00,61318,52.7,Y,2026-10-03T05:30:00+08:00,2.030646667211527,3,1.0,dow,11,58.25,57.64,58.9,4,Developing,-5.55,-9.5
2026-10-03,05:55:00,61490,54.7,Y,2026-10-03T05:30:00+08:00,2.0344882974492875,3,0.999999999999999,dow,11,56.95,54.84,59.16,4,Developing,-2.25,-4.0
2026-10-03,05:55:00,62050,37.1,Y,2026-10-03T05:30:00+08:00,4.3214404566275,3,1.0,dow,11,41.42,40.7,41.91,4,Developing,-4.32,-10.4
2026-10-03,05:55:00,62205,53.3,Y,2026-10-03T05:30:00+08:00,2.0338060038927446,3,1.000000000000001,dow,11,60.32,59.91,60.65,4,Developing,-7.02,-11.6
2026-10-03,05:55:00,62206,53.7,Y,2026-10-03T05:30:00+08:00,2.0340392301017225,3,0.9999999999999999,dow,11,60.15,59.38,60.67,4,Developing,-6.45,-10.7
2026-10-03,05:55:00,62516,50.4,Y,2026-10-03T05:30:00+08:00,3.866940531430129,3,1.0000000000000009,dow,11,55.2,54.88,56.02,4,Developing,-4.8,-8.7
2026-10-03,05:55:00,62523,54.3,Y,2026-10-03T05:30:00+08:00,2.0356711875072238,3,0.9999999999999991,dow,11,55.6,55.4,56.33,4,Developing,-1.3,-2.3
2026-10-03,05:55:00,62532,53.0,Y,2026-10-03T05:30:00+08:00,2.0316448047604654,3,0.9999999999999999,dow,11,60.6,60.35,60.83,4,Developing,-7.6,-12.5
2026-10-03,05:55:00,62556,43.2,Y,2026-10-03T05:30:00+08:00,1.9985782457399932,3,0.9999999999999989,dow,11,52.1,51.04,53.08,4,Developing,-8.9,-17.1
2026-10-03,05:55:00,62876,50.4,Y,2026-10-03T05:30:00+08:00,3.8894784785766783,3,1.0,dow,11,55.2,54.88,56.02,4,Developing,-4.8,-8.7
2026-10-03,05:55:00,62884,50.9,Y,2026-10-03T05:30:00+08:00,2.006452672364658,3,1.0,dow,11,50.23,47.81,51.1,4,Developing,0.67,1.3
2026-10-03,05:55:00,104135,24.5,Y,2026-10-03T05:30:00+08:00,18.198916614534834,3,1.0,dow,11,25.8,24.23,26.56,4,Developing,-1.3,-5.0
2026-10-03,05:55:00,104136,24.5,Y,2026-10-03T05:30:00+08:00,18.117289435100695,3,0.9999999999999989,dow,11,25.8,24.23,26.56,4,Developing,-1.3,-5.0
2026-10-03,05:55:00,104137,24.5,Y,2026-10-03T05:30:00+08:00,17.997465511674708,3,0.9999999999999999,dow,11,25.8,24.23,26.56,4,Developing,-1.3,-5.0
2026-10-03,05:55:00,104153,27.7,Y,2026-10-03T05:30:00+08:00,17.901711520323246,3,1.0,dow,11,32.45,29.53,35.32,4,Developing,-4.75,-14.6
2026-10-03,05:55:00,104154,24.5,Y,2026-10-03T05:30:00+08:00,17.903955829178468,3,1.0,dow,11,25.8,24.23,26.56,4,Developing,-1.3,-5.0
2026-10-03,05:55:00,104162,24.5,Y,2026-10-03T05:30:00+08:00,22.304157070842585,3,0.9999999999999999,dow,11,25.8,24.23,26.56,4,Developing,-1.3,-5.0
2026-10-03,05:55:00,104169,27.7,Y,2026-10-03T05:30:00+08:00,18.12753939314444,3,1.0,dow,11,32.45,29.53,35.32,4,Developing,-4.75,-14.6
2026-10-03,05:55:00,104171,27.7,Y,2026-10-03T05:30:00+08:00,17.98108828519113,3,0.999999999999999,dow,11,32.45,29.53,35.32,4,Developing,-4.75,-14.6
2026-10-03,05:55:00,104174,24.5,Y,2026-10-03T05:30:00+08:00,17.830995589854012,3,1.000000000000001,dow,11,25.8,24.23,26.56,4,Developing,-1.3,-5.0
2026-10-03,05:55:00,104175,27.7,Y,2026-10-03T05:30:00+08:00,18.05136847950268,3,1.0,dow,11,32.45,29.53,35.32,4,Developing,-4.75,-14.6
2026-10-03,05:55:00,104178,27.7,Y,2026-10-03T05:30:00+08:00,18.060238576284178,3,1.0,dow,11,32.45,29.53,35.32,4,Developing,-4.75,-14.6
2026-10-03,05:55:00,104179,24.5,Y,2026-10-03T05:30:00+08:00,22.351598845625617,3,0.999999999999999,dow,11,25.8,24.23,26.56,4,Developing,-1.3,-5.0
2026-10-03,05:55:00,104180,24.5,Y,2026-10-03T05:30:00+08:00,18.42689102423106,3,1.0,dow,11,25.8,24.23,26.56,4,Developing,-1.3,-5.0
2026-10-03,05:55:00,104309,24.5,Y,2026-10-03T05:30:00+08:00,18.10350473738606,3,1.0,dow,11,25.8,24.23,26.56,4,Developing,-1.3,-5.0
2026-10-03,05:55:00,104312,24.5,Y,2026-10-03T05:30:00+08:00,18.07746224982523,3,1.0,dow,11,25.8,24.23,26.56,4,Developing,-1.3,-5.0
2026-10-03,05:55:00,104323,24.5,Y,2026-10-03T05:30:00+08:00,22.268610792678945,3,1.0,dow,11,25.8,24.23,26.56,4,Developing,-1.3,-5.0
2026-10-03,05:55:00,104337,27.7,Y,2026-10-03T05:30:00+08:00,22.296903391505666,3,0.9999999999999999,dow,11,32.45,29.53,35.32,4,Developing,-4.75,-14.6
2026-10-03,05:55:00,104362,27.7,Y,2026-10-03T05:30:00+08:00,22.247614676856756,3,1.0,dow,11,32.45,29.53,35.32,4,Developing,-4.75,-14.6
2026-10-03,05:55:00,104378,27.7,Y,2026-10-03T05:30:00+08:00,22.251135505104816,3,1.0,dow,11,32.45,29.53,35.32,4,Developing,-4.75,-14.6
2026-10-03,05:55:00,104381,27.7,Y,2026-10-03T05:30:00+08:00,18.424666699394244,3,1.0,dow,11,32.45,29.53,35.32,4,Developing,-4.75,-14.6
2026-10-03,05:55:00,104943,24.5,Y,2026-10-03T05:30:00+08:00,18.41696013921716,3,1.0,dow,11,25.8,24.23,26.56,4,Developing,-1.3,-5.0
2026-10-03,05:55:00,104944,24.5,Y,2026-10-03T05:30:00+08:00,18.33338782348207,3,1.0,dow,11,25.8,24.23,26.56,4,Developing,-1.3,-5.0
2026-10-03,05:55:00,104950,27.7,Y,2026-10-03T05:30:00+08:00,18.22970755643647,3,1.0,dow,11,32.45,29.53,35.32,4,Developing,-4.75,-14.6
2026-10-03,05:55:00,105130,27.7,Y,2026-10-03T05:30:00+08:00,22.24537654069786,3,1.0,dow,11,32.45,29.53,35.32,4,Developing,-4.75,-14.6
2026-10-03,05:55:00,105149,24.5,Y,2026-10-03T05:30:00+08:00,22.26122206002803,3,0.9999999999999989,dow,11,25.8,24.23,26.56,4,Developing,-1.3,-5.0
2026-10-03,05:55:00,109852,24.5,Y,2026-10-03T05:30:00+08:00,17.952422521423088,3,0.9999999999999989,dow,11,25.8,24.23,26.56,4,Developing,-1.3,-5.0
2026-10-03,05:55:00,109863,27.7,Y,2026-10-03T05:30:00+08:00,18.041449265189563,3,1.0,dow,11,32.45,29.53,35.32,4,Developing,-4.75,-14.6
2026-10-03,05:55:00,119626,24.5,Y,2026-10-03T05:30:00+08:00,17.843360277092998,3,1.0,dow,11,25.8,24.23,26.56,4,Developing,-1.3,-5.0
2026-10-03,05:55:00,280623,24.5,Y,2026-10-03T05:30:00+08:00,18.09050605659687,3,1.0,dow,11,25.8,24.23,26.56,4,Developing,-1.3,-5.0
2026-10-03,05:55:00,280624,24.5,Y,2026-10-03T05:30:00+08:00,18.053076053566016,3,1.0,dow,11,25.8,24.23,26.56,4,Developing,-1.3,-5.0
2026-10-03,05:55:00,93488,49.6,Y,2026-10-03T05:30:00+08:00,0.0,3,1.0,dow,11,55.75,54.74,56.02,4,Developing,-6.15,-11.0
2026-10-03,05:55:00,93489,49.6,Y,2026-10-03T05:30:00+08:00,0.0,3,1.0,dow,11,55.75,54.74,56.02,4,Developing,-6.15,-11.0
2026-10-03,05:55:00,60658,73.2,Y,2026-10-03T05:30:00+08:00,16.667922244403893,3,0.9999999999999989,dow,11,58.28,54.99,60.35,4,Developing,14.92,25.6
2026-10-03,05:55:00,60660,81.4,Y,2026-10-03T05:30:00+08:00,15.044932951531301,3,1.0,dow,11,82.2,80.54,83.66,4,Developing,-0.8,-1.0
2026-10-03,05:55:00,60898,73.1,Y,2026-10-03T05:30:00+08:00,16.012514342663323,3,1.0,dow,11,80.32,80.22,80.74,4,Developing,-7.22,-9.0
2026-10-03,05:55:00,60905,84.8,Y,2026-10-03T05:30:00+08:00,16.17283637996131,3,1.0,dow,11,85.05,84.43,85.25,4,Developing,-0.25,-0.3
2026-10-03,05:55:00,61477,40.0,Y,2026-10-03T05:30:00+08:00,16.68261008597544,3,0.9999999999999989,dow,11,42.17,36.17,48.75,4,Developing,-2.17,-5.1
2026-10-03,05:55:00,61579,51.1,Y,2026-10-03T05:30:00+08:00,16.505694582716686,3,1.0,dow,11,48.8,43.3,54.04,4,Developing,2.3,4.7
2026-10-03,05:55:00,61580,83.2,Y,2026-10-03T05:30:00+08:00,15.45687572795221,3,0.999999999999999,dow,11,80.28,78.89,81.29,4,Developing,2.92,3.6
2026-10-03,05:55:00,61679,84.1,Y,2026-10-03T05:30:00+08:00,15.624518977220632,3,1.0,dow,11,86.8,85.91,87.85,4,Developing,-2.7,-3.1
2026-10-03,05:55:00,61680,84.1,Y,2026-10-03T05:30:00+08:00,15.460344200078657,3,0.999999999999999,dow,11,86.8,85.91,87.85,4,Developing,-2.7,-3.1
2026-10-03,05:55:00,61681,81.9,Y,2026-10-03T05:30:00+08:00,15.35944972827042,3,1.0,dow,11,82.8,81.15,84.24,4,Developing,-0.9,-1.1
2026-10-03,05:55:00,61682,71.4,Y,2026-10-03T05:30:00+08:00,15.336538136858445,3,1.0,dow,11,75.72,75.5,76.61,4,Developing,-4.32,-5.7
2026-10-03,05:55:00,61933,55.2,Y,2026-10-03T05:30:00+08:00,16.989712395122908,3,1.0,dow,11,54.58,54.46,54.81,4,Developing,0.62,1.1
2026-10-03,05:55:00,62028,81.4,Y,2026-10-03T05:30:00+08:00,15.252226569256246,3,1.0,dow,11,82.2,80.54,83.66,4,Developing,-0.8,-1.0
2026-10-03,05:55:00,62037,75.9,Y,2026-10-03T05:30:00+08:00,15.673185352010988,3,1.0000000000000009,dow,11,80.9,80.45,81.2,4,Developing,-5.0,-6.2
2026-10-03,05:55:00,62123,66.6,Y,2026-10-03T05:30:00+08:00,11.793623345862668,3,0.9999999999999999,dow,11,69.55,68.78,69.86,4,Developing,-2.95,-4.2
2026-10-03,05:55:00,62290,75.2,Y,2026-10-03T05:30:00+08:00,16.673195108237394,3,1.0,dow,11,77.03,77.0,77.56,4,Developing,-1.83,-2.4
2026-10-03,05:55:00,62717,71.4,Y,2026-10-03T05:30:00+08:00,15.550381793889628,3,1.0,dow,11,75.72,75.5,76.61,4,Developing,-4.32,-5.7
2026-10-03,05:55:00,63037,48.3,Y,2026-10-03T05:30:00+08:00,16.75905056653881,3,1.0,dow,11,39.45,38.54,40.16,4,Developing,8.85,22.4
2026-10-03,05:55:00,63040,75.9,Y,2026-10-03T05:30:00+08:00,15.884631484046551,3,1.0,dow,11,80.9,80.45,81.2,4,Developing,-5.0,-6.2
2026-10-03,05:55:00,63043,64.1,Y,2026-10-03T05:30:00+08:00,17.38206107428454,3,1.0,dow,11,67.6,66.9,68.67,4,Developing,-3.5,-5.2
2026-10-03,05:55:00,63052,76.5,Y,2026-10-03T05:30:00+08:00,16.823992955667247,3,1.0,dow,11,75.95,74.74,76.64,4,Developing,0.55,0.7
2026-10-03,05:55:00,283072,33.3,Y,2026-10-03T05:30:00+08:00,16.554050692557603,3,1.0000000000000009,dow,11,37.9,37.21,39.36,4,Developing,-4.6,-12.1
2026-10-03,05:55:00,283086,66.7,Y,2026-10-03T05:30:00+08:00,16.563508590200655,3,1.0,dow,11,71.33,70.72,72.54,4,Developing,-4.63,-6.5
2026-10-03,05:55:00,283089,30.2,Y,2026-10-03T05:30:00+08:00,16.536115410287344,3,1.000000000000001,dow,11,37.12,35.16,37.84,4,Developing,-6.92,-18.6
2026-10-03,05:55:00,283186,50,N,2026-10-03T05:30:00+08:00,16.541605568469908,3,0.9999999999999999,dow,11,36.77,34.15,39.33,4,Developing,,
2026-10-03,05:55:00,60559,15.6,Y,2026-10-03T05:30:00+08:00,16.72775453495058,3,0.9999999999999999,dow,11,24.35,22.35,27.77,4,Developing,-8.75,-35.9
2026-10-03,05:55:00,60560,17.1,Y,2026-10-03T05:30:00+08:00,16.71239726049963,3,1.0,dow,11,22.5,20.71,24.98,4,Developing,-5.4,-24.0
2026-10-03,05:55:00,60813,30.2,Y,,,,,dow,11,37.12,35.16,37.84,4,Developing,-6.92,-18.6
2026-10-03,05:55:00,61111,35.5,Y,2026-10-03T05:30:00+08:00,16.629877949850165,3,1.0,dow,11,41.25,39.27,42.3,4,Developing,-5.75,-13.9
2026-10-03,05:55:00,61199,17.1,Y,2026-10-03T05:30:00+08:00,16.750865350829898,3,1.0,dow,11,22.5,20.71,24.98,4,Developing,-5.4,-24.0
2026-10-03,05:55:00,61200,15.6,Y,2026-10-03T05:30:00+08:00,16.639475227239256,3,1.0,dow,11,24.35,22.35,27.77,4,Developing,-8.75,-35.9
2026-10-03,05:55:00,61575,21.3,Y,2026-10-03T05:30:00+08:00,16.660346493996876,3,1.0,dow,11,27.0,25.81,29.03,4,Developing,-5.7,-21.1
2026-10-03,05:55:00,61911,35.5,Y,2026-10-03T05:30:00+08:00,16.626174882682616,3,1.0,dow,11,41.25,39.27,42.3,4,Developing,-5.75,-13.9
2026-10-03,05:55:00,61929,35.5,Y,2026-10-03T05:30:00+08:00,16.614252583110623,3,1.0,dow,11,41.25,39.27,42.3,4,Developing,-5.75,-13.9
2026-10-03,05:55:00,62345,51.2,Y,2026-10-03T05:30:00+08:00,16.531905773601217,3,1.0,dow,11,47.4,44.83,50.12,4,Developing,3.8,8.0
2026-10-03,05:55:00,62563,15.6,Y,2026-10-03T05:30:00+08:00,16.740949113033892,3,1.0,dow,11,24.35,22.35,27.77,4,Developing,-8.75,-35.9
2026-10-03,05:55:00,62687,35.5,Y,2026-10-03T05:30:00+08:00,16.582354286727465,3,0.9999999999999991,dow,11,41.25,39.27,42.3,4,Developing,-5.75,-13.9
2026-10-03,05:55:00,62950,51.2,Y,2026-10-03T05:30:00+08:00,16.590379101959005,3,1.0,dow,11,47.4,44.83,50.12,4,Developing,3.8,8.0
2026-10-03,05:55:00,62951,15.6,Y,2026-10-03T05:30:00+08:00,16.68971535256199,3,0.9999999999999999,dow,11,24.35,22.35,27.77,4,Developing,-8.75,-35.9
2026-10-03,05:55:00,63794,30.2,Y,,,,,dow,11,37.12,35.16,37.84,4,Developing,-6.92,-18.6
2026-10-03,05:55:00,63796,35.5,Y,,,,,dow,11,41.25,39.27,42.3,4,Developing,-5.75,-13.9
2026-10-03,05:55:00,60441,15.6,Y,2026-10-03T05:30:00+08:00,16.791274159950945,3,1.000000000000001,dow,11,24.35,22.35,27.77,4,Developing,-8.75,-35.9
2026-10-03,05:55:00,60544,14.6,Y,2026-10-03T05:30:00+08:00,16.747411588716336,3,1.0000000000000009,dow,11,28.15,24.25,34.26,4,Developing,-13.55,-48.1
2026-10-03,05:55:00,60859,15.2,Y,2026-10-03T05:30:00+08:00,16.83153022000554,3,1.0,dow,11,25.38,22.88,28.11,4,Developing,-10.18,-40.1
2026-10-03,05:55:00,60860,15.6,Y,2026-10-03T05:30:00+08:00,16.85329548734234,3,1.0,dow,11,24.35,22.35,27.77,4,Developing,-8.75,-35.9
2026-10-03,05:55:00,61167,15.6,Y,2026-10-03T05:30:00+08:00,16.74470926912171,3,1.0,dow,11,24.35,22.35,27.77,4,Developing,-8.75,-35.9
2026-10-03,05:55:00,61189,39.9,Y,2026-10-03T05:30:00+08:00,16.779229974789455,3,1.0,dow,11,32.6,29.7,35.02,4,Developing,7.3,22.4
2026-10-03,05:55:00,61431,14.6,Y,2026-10-03T05:30:00+08:00,16.646405849720974,3,1.0,dow,11,28.15,24.25,34.26,4,Developing,-13.55,-48.1
2026-10-03,05:55:00,61492,14.6,Y,2026-10-03T05:30:00+08:00,16.77549938519637,3,1.0,dow,11,28.15,24.25,34.26,4,Developing,-13.55,-48.1
2026-10-03,05:55:00,61532,39.9,Y,2026-10-03T05:30:00+08:00,16.6073490769441,3,1.0,dow,11,32.6,29.7,35.02,4,Developing,7.3,22.4
2026-10-03,05:55:00,61540,17.1,Y,2026-10-03T05:30:00+08:00,16.861675143574985,3,1.0,dow,11,22.5,20.71,24.98,4,Developing,-5.4,-24.0
2026-10-03,05:55:00,61855,39.9,Y,2026-10-03T05:30:00+08:00,16.796619550929332,3,1.0,dow,11,32.6,29.7,35.02,4,Developing,7.3,22.4
2026-10-03,05:55:00,62249,15.6,Y,2026-10-03T05:30:00+08:00,16.853354807209374,3,1.0,dow,11,24.35,22.35,27.77,4,Developing,-8.75,-35.9
2026-10-03,05:55:00,62277,14.6,Y,2026-10-03T05:30:00+08:00,16.79190065419506,3,1.0,dow,11,28.15,24.25,34.26,4,Developing,-13.55,-48.1
2026-10-03,05:55:00,62597,31.4,Y,2026-10-03T05:30:00+08:00,16.84048277779531,3,1.0,dow,11,28.22,27.67,29.84,4,Developing,3.18,11.3
2026-10-03,05:55:00,62826,17.1,Y,2026-10-03T05:30:00+08:00,16.813482426432877,3,1.0000000000000009,dow,11,22.5,20.71,24.98,4,Developing,-5.4,-24.0
2026-10-03,05:55:00,62917,15.6,Y,2026-10-03T05:30:00+08:00,16.840900777703467,3,1.0,dow,11,24.35,22.35,27.77,4,Developing,-8.75,-35.9
2026-10-03,05:55:00,62918,17.1,Y,2026-10-03T05:30:00+08:00,16.864330239717354,3,1.0,dow,11,22.5,20.71,24.98,4,Developing,-5.4,-24.0
2026-10-03,05:55:00,92592,39.9,Y,2026-10-03T05:30:00+08:00,16.807551303871833,3,1.0,dow,11,32.6,29.7,35.02,4,Developing,7.3,22.4
2026-10-03,05:55:00,295809,20.1,Y,2026-10-03T05:30:00+08:00,0.0,3,0.9999999999999991,dow,11,20.48,20.09,25.38,4,Developing,-0.38,-1.9
2026-10-03,05:55:00,95482,55.1,Y,2026-10-03T05:30:00+08:00,0.0,3,1.0,dow,11,56.33,55.77,56.85,4,Developing,-1.23,-2.2
2026-10-03,05:55:00,95713,20.1,Y,2026-10-03T05:30:00+08:00,0.0,3,1.0000000000000009,dow,11,20.48,20.09,25.38,4,Developing,-0.38,-1.9
2026-10-03,05:55:00,95747,20.1,Y,2026-10-03T05:30:00+08:00,0.0,3,1.0,dow,11,20.48,20.09,25.38,4,Developing,-0.38,-1.9
2026-10-03,05:55:00,95748,20.1,Y,2026-10-03T05:30:00+08:00,0.0,3,1.0,dow,11,20.48,20.09,25.38,4,Developing,-0.38,-1.9
2026-10-03,05:55:00,95772,16.1,Y,2026-10-03T05:30:00+08:00,0.0,3,1.0,dow,11,12.15,9.64,15.41,4,Developing,3.95,32.5
2026-10-03,05:55:00,95773,63.5,Y,2026-10-03T05:30:00+08:00,0.0,3,1.0,dow,11,58.9,50.95,64.74,4,Developing,4.6,7.8
2026-10-03,05:55:00,95964,37.6,Y,2026-10-03T05:30:00+08:00,0.0,3,0.9999999999999991,dow,11,38.4,38.0,40.95,4,Developing,-0.8,-2.1
2026-10-03,05:55:00,95965,37.6,Y,2026-10-03T05:30:00+08:00,0.0,3,1.0,dow,11,38.4,38.0,40.95,4,Developing,-0.8,-2.1
2026-10-03,05:55:00,97730,20.1,Y,2026-10-03T05:30:00+08:00,0.0,3,1.0,dow,11,20.48,20.09,25.38,4,Developing,-0.38,-1.9
2026-10-03,05:55:00,97731,55.1,Y,2026-10-03T05:30:00+08:00,0.0,3,1.0,dow,11,56.33,55.77,56.85,4,Developing,-1.23,-2.2
2026-10-03,05:55:00,1456,60.7,Y,2026-10-03T05:30:00+08:00,15.670822917005307,3,0.9999999999999991,dow,11,61.75,60.41,63.0,4,Developing,-1.05,-1.7
2026-10-03,05:55:00,1700,56.7,Y,2026-10-03T05:30:00+08:00,15.673707880089989,3,1.0,dow,11,58.7,56.34,60.54,4,Developing,-2.0,-3.4
2026-10-03,05:55:00,1881,58.6,Y,2026-10-03T05:30:00+08:00,15.706467997752654,3,1.0,dow,11,60.35,59.31,61.01,4,Developing,-1.75,-2.9
2026-10-03,05:55:00,2847,62.8,Y,2026-10-03T05:30:00+08:00,15.716321411195242,3,1.0000000000000009,dow,11,60.2,60.1,60.65,4,Developing,2.6,4.3
2026-10-03,05:55:00,3498,60.7,Y,2026-10-03T05:30:00+08:00,15.686372548474505,3,1.0,dow,11,61.75,60.41,63.0,4,Developing,-1.05,-1.7
2026-10-03,05:55:00,3613,60.3,Y,2026-10-03T05:30:00+08:00,15.682638038554833,3,0.999999999999999,dow,11,58.15,57.35,59.51,4,Developing,2.15,3.7
2026-10-03,05:55:00,4100,65.1,Y,2026-10-03T05:30:00+08:00,15.694891617405613,3,1.0,dow,11,62.58,62.04,62.77,4,Developing,2.52,4.0
2026-10-03,05:55:00,634,65.7,Y,2026-10-03T05:30:00+08:00,15.679459992833163,3,0.9999999999999991,dow,11,63.17,62.46,63.47,4,Developing,2.53,4.0
2026-10-03,05:55:00,271733,51.3,Y,2026-10-03T05:30:00+08:00,0.0,3,1.0000000000000002,dow,11,52.7,49.81,53.86,4,Developing,-1.4,-2.7
2026-10-03,05:55:00,95763,44.7,Y,2026-10-03T05:30:00+08:00,0.0,3,0.9999999999999991,dow,11,41.27,40.96,41.88,4,Developing,3.43,8.3
2026-10-03,05:55:00,95768,52.3,Y,2026-10-03T05:30:00+08:00,0.0,3,0.9999999999999993,dow,11,54.62,51.16,55.98,4,Developing,-2.32,-4.2
2026-10-03,05:55:00,261801,50.0,Y,2026-10-03T05:30:00+08:00,1.611197341802923,3,1.0,dow,11,50.0,48.5,50.0,4,Developing,0.0,0.0
2026-10-03,05:55:00,261826,50.0,Y,2026-10-03T05:30:00+08:00,1.6292452638866879,3,1.0,dow,11,50.0,48.5,50.0,4,Developing,0.0,0.0
2026-10-03,05:55:00,270625,35.7,Y,2026-10-03T05:30:00+08:00,1.6505696999051664,3,1.0000000000000009,dow,11,42.8,34.98,54.35,4,Developing,-7.1,-16.6
2026-10-03,05:55:00,270663,46.7,Y,2026-10-03T05:30:00+08:00,1.642130440948508,3,1.0,dow,11,48.38,46.5,51.04,4,Developing,-1.68,-3.5
2026-10-03,05:55:00,261768,68.3,Y,2026-10-03T05:30:00+08:00,2.200780770278209,3,1.0,dow,11,80.0,78.55,80.0,4,Developing,-11.7,-14.6
2026-10-03,05:55:00,261770,62.2,Y,2026-10-03T05:30:00+08:00,2.206647074366956,3,1.0,dow,11,99.0,88.0,110.0,4,Developing,-36.8,-37.2
2026-10-03,05:55:00,261772,104.2,Y,2026-10-03T05:30:00+08:00,2.2712525888571964,3,1.0,dow,11,81.28,73.58,93.3,4,Developing,22.92,28.2
2026-10-03,05:55:00,261776,94.0,Y,2026-10-03T05:30:00+08:00,2.253230028113253,3,1.0,dow,11,101.38,100.45,101.46,4,Developing,-7.38,-7.3
2026-10-03,05:55:00,261778,90.2,Y,2026-10-03T05:30:00+08:00,2.135623587229898,3,1.0,dow,11,96.7,92.38,97.0,4,Developing,-6.5,-6.7
2026-10-03,05:55:00,261780,68.2,Y,2026-10-03T05:30:00+08:00,2.13652537626848,3,1.0,dow,11,82.62,75.33,94.44,4,Developing,-14.42,-17.5
2026-10-03,05:55:00,261782,63.2,Y,2026-10-03T05:30:00+08:00,1.7824752785402644,3,0.9999999999999999,dow,11,66.62,66.15,70.14,4,Developing,-3.42,-5.1
2026-10-03,05:55:00,261784,45.1,Y,2026-10-03T05:30:00+08:00,1.713497212229068,3,1.0,dow,11,46.38,46.06,54.95,4,Developing,-1.28,-2.8
2026-10-03,05:55:00,261786,80.0,Y,2026-10-03T05:30:00+08:00,1.6888045415795103,3,1.0000000000000009,dow,11,80.0,80.0,80.0,4,Developing,0.0,0.0
2026-10-03,05:55:00,261787,79.0,Y,2026-10-03T05:30:00+08:00,1.7918349066794679,3,1.0,dow,11,78.62,78.38,82.81,4,Developing,0.38,0.5
2026-10-03,05:55:00,261828,64.5,Y,2026-10-03T05:30:00+08:00,1.664419900002125,3,1.0,dow,11,64.7,64.7,68.53,4,Developing,-0.2,-0.3
2026-10-03,05:55:00,261832,98.4,Y,2026-10-03T05:30:00+08:00,2.1916496492262016,3,1.0,dow,11,100.1,93.78,106.55,4,Developing,-1.7,-1.7
2026-10-03,05:55:00,261833,62.9,Y,2026-10-03T05:30:00+08:00,2.190200317918533,3,1.0,dow,11,95.18,85.18,106.21,4,Developing,-32.28,-33.9
2026-10-03,05:55:00,261834,73.3,Y,2026-10-03T05:30:00+08:00,2.2126143313724933,3,1.0,dow,11,80.0,79.15,80.0,4,Developing,-6.7,-8.4
2026-10-03,05:55:00,261835,80.8,Y,2026-10-03T05:30:00+08:00,2.2160036396598892,3,1.0,dow,11,86.7,84.04,89.42,4,Developing,-5.9,-6.8
2026-10-03,05:55:00,267205,78.0,Y,2026-10-03T05:30:00+08:00,2.0808027924132793,3,0.999999999999999,dow,11,71.75,65.62,85.62,4,Developing,6.25,8.7
2026-10-03,05:55:00,267269,80.0,Y,2026-10-03T05:30:00+08:00,1.698912633882303,3,1.0,dow,11,80.0,80.0,80.08,4,Developing,0.0,0.0
2026-10-03,05:55:00,267270,79.8,Y,2026-10-03T05:30:00+08:00,1.71176002117463,3,1.0,dow,11,79.8,79.78,80.45,4,Developing,0.0,0.0
2026-10-03,05:55:00,267272,79.6,Y,2026-10-03T05:30:00+08:00,1.7332266702423893,3,0.9999999999999999,dow,11,79.45,79.35,81.12,4,Developing,0.15,0.2
2026-10-03,05:55:00,262590,59.1,Y,2026-10-03T05:30:00+08:00,1.476938738692466,3,1.0,dow,11,57.25,55.03,58.12,4,Developing,1.85,3.2
2026-10-03,05:55:00,7874,76.8,Y,2026-10-03T05:30:00+08:00,1.316062849606624,3,1.0,dow,11,67.7,66.54,67.7,4,Developing,9.1,13.4
2026-10-03,05:55:00,8159,61.1,Y,2026-10-03T05:30:00+08:00,1.3229441145235978,3,1.0,dow,11,46.55,46.11,46.55,4,Developing,14.55,31.3
2026-10-03,05:55:00,102892,68.7,Y,2026-10-03T05:30:00+08:00,20.965445786408427,3,1.000000000000001,dow,11,67.78,67.49,67.99,4,Developing,0.92,1.4
2026-10-03,05:55:00,103653,53.3,Y,2026-10-03T05:30:00+08:00,20.657575421312856,3,1.0,dow,11,57.23,53.45,57.8,4,Developing,-3.93,-6.9
2026-10-03,05:55:00,103654,58.7,Y,2026-10-03T05:30:00+08:00,20.656978744994596,3,1.0,dow,11,63.7,61.35,65.3,4,Developing,-5.0,-7.8
2026-10-03,05:55:00,104050,53.3,Y,2026-10-03T05:30:00+08:00,20.168696196710442,3,1.0,dow,11,57.23,53.45,57.8,4,Developing,-3.93,-6.9
2026-10-03,05:55:00,104051,58.7,Y,2026-10-03T05:30:00+08:00,20.173661159060256,3,1.0,dow,11,63.7,61.35,65.3,4,Developing,-5.0,-7.8
2026-10-03,05:55:00,104054,53.3,Y,2026-10-03T05:30:00+08:00,21.11163527312521,3,1.0,dow,11,57.23,53.45,57.8,4,Developing,-3.93,-6.9
2026-10-03,05:55:00,104055,58.7,Y,2026-10-03T05:30:00+08:00,21.117740651141965,3,1.0,dow,11,63.7,61.35,65.3,4,Developing,-5.0,-7.8
2026-10-03,05:55:00,105088,50.0,Y,2026-10-03T05:30:00+08:00,21.741637480405473,3,1.0,dow,11,55.0,54.62,55.0,4,Developing,-5.0,-9.1
2026-10-03,05:55:00,105210,50.0,Y,2026-10-03T05:30:00+08:00,21.79408514510986,3,1.0,dow,11,55.0,54.62,55.0,4,Developing,-5.0,-9.1
2026-10-03,05:55:00,105212,48.6,Y,2026-10-03T05:30:00+08:00,21.778749186682177,3,1.0,dow,11,55.05,54.44,55.45,4,Developing,-6.45,-11.7
2026-10-03,05:55:00,127915,50.4,Y,2026-10-03T05:30:00+08:00,17.425535704608635,3,1.0,dow,11,58.6,56.02,59.52,4,Developing,-8.2,-14.0
2026-10-03,05:55:00,127916,50.4,Y,2026-10-03T05:30:00+08:00,17.384778255392607,3,1.0,dow,11,58.6,56.02,59.52,4,Developing,-8.2,-14.0
2026-10-03,05:55:00,261655,71.5,Y,2026-10-03T05:30:00+08:00,17.53622950603873,3,1.0,dow,11,74.47,73.9,75.54,4,Developing,-2.97,-4.0
2026-10-03,05:55:00,261670,61.7,Y,2026-10-03T05:30:00+08:00,17.538011011117028,3,1.0,dow,11,59.98,59.86,60.08,4,Developing,1.72,2.9
2026-10-03,05:55:00,262805,71.5,Y,2026-10-03T05:30:00+08:00,17.53273463491536,3,1.0,dow,11,74.47,73.9,75.54,4,Developing,-2.97,-4.0
2026-10-03,05:55:00,262806,61.7,Y,2026-10-03T05:30:00+08:00,17.533743633056417,3,1.0,dow,11,59.98,59.86,60.08,4,Developing,1.72,2.9
2026-10-03,05:55:00,262807,61.7,Y,2026-10-03T05:30:00+08:00,17.532019882762278,3,1.0,dow,11,59.98,59.86,60.08,4,Developing,1.72,2.9
2026-10-03,05:55:00,271742,100.0,Y,2026-10-03T05:30:00+08:00,0.5913703911274637,3,1.0000000000000004,dow,11,100.0,100.0,100.0,4,Developing,0.0,0.0
2026-10-03,05:55:00,271807,50.2,Y,2026-10-03T05:30:00+08:00,0.5421356116172671,3,0.9999999999999998,dow,11,51.0,50.6,51.21,4,Developing,-0.8,-1.6
2026-10-03,05:55:00,2868,58.7,Y,2026-10-03T05:30:00+08:00,17.16733537155025,3,1.000000000000001,dow,11,56.8,56.5,58.2,4,Developing,1.9,3.3
2026-10-03,05:55:00,3373,65.6,Y,2026-10-03T05:30:00+08:00,16.87295142807168,3,1.0,dow,11,70.5,69.33,71.95,4,Developing,-4.9,-7.0
2026-10-03,05:55:00,4728,65.6,Y,2026-10-03T05:30:00+08:00,16.463607945734125,3,1.0,dow,11,70.5,69.33,71.95,4,Developing,-4.9,-7.0
2026-10-03,05:55:00,4734,65.6,Y,2026-10-03T05:30:00+08:00,16.623434849299347,3,1.0,dow,11,70.5,69.33,71.95,4,Developing,-4.9,-7.0
2026-10-03,05:55:00,484,58.9,Y,2026-10-03T05:30:00+08:00,17.17501813123281,3,1.0,dow,11,59.88,58.46,61.99,4,Developing,-0.98,-1.6
2026-10-03,05:55:00,5021,50.4,Y,2026-10-03T05:30:00+08:00,17.33568721053379,3,1.0,dow,11,58.6,56.02,59.52,4,Developing,-8.2,-14.0
2026-10-03,05:55:00,5164,55.0,Y,2026-10-03T05:30:00+08:00,11.359077492261935,3,1.0,dow,11,55.0,55.0,55.0,4,Developing,0.0,0.0
2026-10-03,05:55:00,5364,55.0,Y,2026-10-03T05:30:00+08:00,11.502626061308831,3,1.0,dow,11,55.0,55.0,55.0,4,Developing,0.0,0.0
2026-10-03,05:55:00,56784,62.2,Y,2026-10-03T05:30:00+08:00,20.304963367593512,3,1.0000000000000009,dow,11,62.45,61.98,62.52,4,Developing,-0.25,-0.4
2026-10-03,05:55:00,56821,41.0,Y,,,,,dow,11,45.78,43.92,46.73,4,Developing,-4.78,-10.4
2026-10-03,05:55:00,57102,14.6,Y,2026-10-03T05:30:00+08:00,0.8085255290384793,3,0.9999999999999996,dow,11,22.3,10.22,44.35,4,Developing,-7.7,-34.5
2026-10-03,05:55:00,57119,100.0,Y,2026-10-03T05:30:00+08:00,0.4722875341117709,3,1.0000000000000002,dow,11,100.0,100.0,100.0,4,Developing,0.0,0.0
2026-10-03,05:55:00,57121,14.6,Y,2026-10-03T05:30:00+08:00,0.6739873925018732,3,0.9999999999999997,dow,11,22.3,10.22,44.35,4,Developing,-7.7,-34.5
2026-10-03,05:55:00,58312,34.6,Y,2026-10-03T05:30:00+08:00,1.34077495940671,3,1.0,dow,11,36.4,31.05,49.35,4,Developing,-1.8,-4.9
2026-10-03,05:55:00,59436,14.6,Y,2026-10-03T05:30:00+08:00,0.9730137015656461,3,0.9999999999999999,dow,11,22.3,10.22,44.35,4,Developing,-7.7,-34.5
2026-10-03,05:55:00,60729,69.3,Y,2026-10-03T05:30:00+08:00,0.8608213008560691,3,0.9999999999999999,dow,11,69.35,68.53,69.8,4,Developing,-0.05,-0.1
2026-10-03,05:55:00,62005,33.3,Y,2026-10-03T05:30:00+08:00,16.86539760308643,3,1.0,dow,11,37.9,37.21,39.36,4,Developing,-4.6,-12.1
2026-10-03,05:55:00,62016,30.2,Y,2026-10-03T05:30:00+08:00,16.348829189023952,3,1.0,dow,11,37.12,35.16,37.84,4,Developing,-6.92,-18.6
2026-10-03,05:55:00,62702,51.2,Y,2026-10-03T05:30:00+08:00,16.273404383829188,3,1.0,dow,11,47.4,44.83,50.12,4,Developing,3.8,8.0
2026-10-03,05:55:00,7552,90.3,Y,2026-10-03T05:30:00+08:00,3.3771492235264478,3,1.0,dow,11,91.12,89.67,91.3,4,Developing,-0.82,-0.9
2026-10-03,05:55:00,7566,83.3,Y,2026-10-03T05:30:00+08:00,3.1283794561391836,3,1.0000000000000009,dow,11,78.07,74.8,79.71,4,Developing,5.23,6.7
2026-10-03,05:55:00,7951,85.8,Y,2026-10-03T05:30:00+08:00,3.3848264210156476,3,1.0,dow,11,86.25,86.14,86.47,4,Developing,-0.45,-0.5
2026-10-03,05:55:00,8197,81.3,Y,2026-10-03T05:30:00+08:00,3.1128606626406,3,1.0,dow,11,84.17,83.92,84.51,4,Developing,-2.87,-3.4
2026-10-03,05:55:00,8226,80.9,Y,2026-10-03T05:30:00+08:00,3.196146270200096,3,1.0,dow,11,77.62,75.66,77.9,4,Developing,3.28,4.2
2026-10-03,05:55:00,8845,82.5,Y,2026-10-03T05:30:00+08:00,3.190640094655339,3,1.0,dow,11,76.95,74.1,78.62,4,Developing,5.55,7.2
2026-10-03,05:55:00,8931,83.6,Y,2026-10-03T05:30:00+08:00,3.053672284637339,3,1.0000000000000009,dow,11,79.0,75.23,80.95,4,Developing,4.6,5.8
2026-10-03,05:55:00,8940,85.8,Y,2026-10-03T05:30:00+08:00,3.676931723130004,3,1.0,dow,11,86.25,86.14,86.47,4,Developing,-0.45,-0.5
2026-10-03,05:55:00,94375,61.7,Y,2026-10-03T05:30:00+08:00,0.0,3,0.9999999999999991,dow,11,61.9,61.38,62.6,4,Developing,-0.2,-0.3
2026-10-03,05:55:00,95295,49.0,Y,2026-10-03T05:30:00+08:00,0.0,3,1.0,dow,11,49.5,49.0,50.5,4,Developing,-0.5,-1.0
2026-10-03,05:55:00,95298,64.0,Y,2026-10-03T05:30:00+08:00,0.0,3,1.0,dow,11,64.35,64.15,64.62,4,Developing,-0.35,-0.5
2026-10-03,05:55:00,95317,64.0,Y,2026-10-03T05:30:00+08:00,0.0,3,1.0,dow,11,68.88,68.71,69.1,4,Developing,-4.88,-7.1
2026-10-03,05:55:00,95330,60.4,Y,2026-10-03T05:30:00+08:00,0.0,3,1.0,dow,11,63.58,63.06,64.12,4,Developing,-3.18,-5.0
2026-10-03,05:55:00,96654,69.5,Y,2026-10-03T05:30:00+08:00,0.0,3,1.0,dow,11,70.85,70.5,71.5,4,Developing,-1.35,-1.9
2026-10-03,05:55:00,96667,38.7,Y,2026-10-03T05:30:00+08:00,0.0,3,0.9999999999999999,dow,11,41.38,40.9,42.21,4,Developing,-2.68,-6.5
2026-10-03,05:55:00,96674,55.3,Y,2026-10-03T05:30:00+08:00,0.0,3,1.0,dow,11,61.35,60.24,62.27,4,Developing,-6.05,-9.9
2026-10-03,05:55:00,96707,59.9,Y,2026-10-03T05:30:00+08:00,0.0,3,1.0,dow,11,58.9,58.71,59.08,4,Developing,1.0,1.7
2026-10-03,05:55:00,96709,49.0,Y,2026-10-03T05:30:00+08:00,0.0,3,0.999999999999999,dow,11,49.5,49.0,50.5,4,Developing,-0.5,-1.0
2026-10-03,05:55:00,96710,69.6,Y,2026-10-03T05:30:00+08:00,0.0,3,1.0,dow,11,69.12,68.26,69.92,4,Developing,0.48,0.7
2026-10-03,05:55:00,96711,76.0,Y,2026-10-03T05:30:00+08:00,0.0,3,0.9999999999999991,dow,11,71.5,69.88,74.0,4,Developing,4.5,6.3
2026-10-03,05:55:00,96951,62.2,Y,2026-10-03T05:30:00+08:00,0.0,3,1.0,dow,11,60.47,60.32,60.74,4,Developing,1.73,2.9
2026-10-03,05:55:00,96952,55.3,Y,2026-10-03T05:30:00+08:00,0.0,3,1.0,dow,11,61.35,60.24,62.27,4,Developing,-6.05,-9.9
2026-10-03,05:55:00,96954,70.5,Y,2026-10-03T05:30:00+08:00,0.0,3,0.9999999999999989,dow,11,68.58,68.11,69.4,4,Developing,1.92,2.8
2026-10-03,05:55:00,96955,69.1,Y,2026-10-03T05:30:00+08:00,0.0,3,1.0,dow,11,72.08,71.62,72.65,4,Developing,-2.98,-4.1
2026-10-03,05:55:00,97102,73.7,Y,2026-10-03T05:30:00+08:00,0.0,3,1.0,dow,11,72.62,70.58,74.38,4,Developing,1.08,1.5
2026-10-03,05:55:00,9799,85.8,Y,2026-10-03T05:30:00+08:00,3.256553625868274,3,1.0,dow,11,86.25,86.14,86.47,4,Developing,-0.45,-0.5
2026-10-03,05:55:00,9850,85.8,Y,2026-10-03T05:30:00+08:00,3.1803597927221214,3,1.0000000000000009,dow,11,86.25,86.14,86.47,4,Developing,-0.45,-0.5
2026-10-03,05:55:00,9877,90.3,Y,2026-10-03T05:30:00+08:00,3.2687511011569055,3,0.9999999999999989,dow,11,91.12,89.67,91.3,4,Developing,-0.82,-0.9
2026-10-03,05:55:00,1080,43.1,Y,2026-10-03T05:30:00+08:00,20.948016926101616,3,0.999999999999999,dow,11,40.5,39.3,42.01,4,Developing,2.6,6.4
2026-10-03,05:55:00,1288,44.6,Y,2026-10-03T05:30:00+08:00,18.363421823431832,3,1.0,dow,11,47.88,46.8,48.99,4,Developing,-3.28,-6.9
2026-10-03,05:55:00,1835,39.5,Y,2026-10-03T05:30:00+08:00,19.616191078234657,3,1.0,dow,11,39.95,39.42,40.75,4,Developing,-0.45,-1.1
2026-10-03,05:55:00,2163,39.5,Y,2026-10-03T05:30:00+08:00,20.905462713864456,3,0.9999999999999999,dow,11,39.95,39.42,40.75,4,Developing,-0.45,-1.1
2026-10-03,05:55:00,2202,44.8,Y,2026-10-03T05:30:00+08:00,19.94228919370672,3,1.0,dow,11,48.8,48.05,49.33,4,Developing,-4.0,-8.2
2026-10-03,05:55:00,272545,40.7,Y,2026-10-03T05:30:00+08:00,20.77067088058549,3,1.0,dow,11,42.05,41.85,42.58,4,Developing,-1.35,-3.2
2026-10-03,05:55:00,272546,49.8,Y,2026-10-03T05:30:00+08:00,19.956384892657997,3,1.0000000000000009,dow,11,46.7,45.35,48.55,4,Developing,3.1,6.6
2026-10-03,05:55:00,276783,44.6,Y,2026-10-03T05:30:00+08:00,20.791774360503577,3,1.0,dow,11,42.1,41.25,43.08,4,Developing,2.5,5.9
2026-10-03,05:55:00,276784,43.1,Y,2026-10-03T05:30:00+08:00,21.19624416748627,3,1.0,dow,11,40.5,39.3,42.01,4,Developing,2.6,6.4
2026-10-03,05:55:00,276803,39.5,Y,2026-10-03T05:30:00+08:00,21.155368509898043,3,1.0,dow,11,39.95,39.42,40.75,4,Developing,-0.45,-1.1
2026-10-03,05:55:00,276823,46.3,Y,2026-10-03T05:30:00+08:00,18.143756144212112,3,0.999999999999999,dow,11,42.62,41.44,43.66,4,Developing,3.68,8.6
2026-10-03,05:55:00,281343,46.3,Y,2026-10-03T05:30:00+08:00,18.373417668667233,3,1.0000000000000009,dow,11,42.62,41.44,43.66,4,Developing,3.68,8.6
2026-10-03,05:55:00,281344,44.6,Y,2026-10-03T05:30:00+08:00,18.257699479609037,3,1.0,dow,11,47.88,46.8,48.99,4,Developing,-3.28,-6.9
2026-10-03,05:55:00,2859,44.6,Y,2026-10-03T05:30:00+08:00,18.539673638882118,3,1.0,dow,11,47.88,46.8,48.99,4,Developing,-3.28,-6.9
2026-10-03,05:55:00,32,43.2,Y,2026-10-03T05:30:00+08:00,18.713978306421314,3,1.0,dow,11,47.7,46.5,48.73,4,Developing,-4.5,-9.4
2026-10-03,05:55:00,332,43.2,Y,2026-10-03T05:30:00+08:00,18.79426882635999,3,0.999999999999999,dow,11,47.7,46.5,48.73,4,Developing,-4.5,-9.4
2026-10-03,05:55:00,343,24.0,Y,2026-10-03T05:30:00+08:00,17.51139798862483,3,1.0000000000000009,dow,11,30.25,27.62,34.14,4,Developing,-6.25,-20.7
2026-10-03,05:55:00,344,37.9,Y,2026-10-03T05:30:00+08:00,17.646995010947684,3,1.0,dow,11,34.6,33.09,36.05,4,Developing,3.3,9.5
2026-10-03,05:55:00,347,38.5,Y,2026-10-03T05:30:00+08:00,17.564767325269372,3,1.0,dow,11,29.55,18.97,40.8,4,Developing,8.95,30.3
2026-10-03,05:55:00,348,33.5,Y,2026-10-03T05:30:00+08:00,17.561316491548354,3,1.0,dow,11,34.12,33.36,34.83,4,Developing,-0.62,-1.8
2026-10-03,05:55:00,355,38.5,Y,2026-10-03T05:30:00+08:00,16.706139204157424,3,1.0,dow,11,35.12,33.61,36.69,4,Developing,3.38,9.6
2026-10-03,05:55:00,356,44.6,Y,2026-10-03T05:30:00+08:00,18.09376735235994,3,1.0,dow,11,47.88,46.8,48.99,4,Developing,-3.28,-6.9
2026-10-03,05:55:00,357,30.1,Y,2026-10-03T05:30:00+08:00,16.675765680727608,3,1.0,dow,11,33.0,32.9,34.02,4,Developing,-2.9,-8.8
2026-10-03,05:55:00,4905,29.0,Y,2026-10-03T05:30:00+08:00,17.538951564969658,3,1.0,dow,11,32.1,31.88,33.23,4,Developing,-3.1,-9.7
2026-10-03,05:55:00,5629,43.1,Y,2026-10-03T05:30:00+08:00,19.631776440340335,3,0.9999999999999991,dow,11,40.5,39.3,42.01,4,Developing,2.6,6.4
2026-10-03,05:55:00,5797,43.2,Y,2026-10-03T05:30:00+08:00,19.268705566139023,3,1.0,dow,11,47.7,46.5,48.73,4,Developing,-4.5,-9.4
2026-10-03,05:55:00,6114,39.5,Y,2026-10-03T05:30:00+08:00,19.237363284837606,3,1.0,dow,11,39.95,39.42,40.75,4,Developing,-0.45,-1.1
2026-10-03,05:55:00,915,46.0,Y,2026-10-03T05:30:00+08:00,18.510117961933616,3,1.0,dow,11,42.4,41.25,43.35,4,Developing,3.6,8.5
2026-10-03,05:55:00,60438,58.8,Y,2026-10-03T05:30:00+08:00,15.054486976454838,3,0.999999999999999,dow,11,42.95,42.2,43.88,4,Developing,15.85,36.9
2026-10-03,05:55:00,60515,42.1,Y,2026-10-03T05:30:00+08:00,16.755296696149134,3,1.0,dow,11,50.3,49.98,51.38,4,Developing,-8.2,-16.3
2026-10-03,05:55:00,60516,40.8,Y,2026-10-03T05:30:00+08:00,15.258035162990144,3,1.0,dow,11,42.5,41.59,43.62,4,Developing,-1.7,-4.0
2026-10-03,05:55:00,60769,55.4,Y,2026-10-03T05:30:00+08:00,15.005700719756586,3,1.000000000000001,dow,11,55.77,54.64,57.0,4,Developing,-0.37,-0.7
2026-10-03,05:55:00,60856,50.3,Y,2026-10-03T05:30:00+08:00,15.458763942903479,3,1.0,dow,11,44.8,44.35,45.8,4,Developing,5.5,12.3
2026-10-03,05:55:00,60857,51.8,Y,2026-10-03T05:30:00+08:00,15.26327269294878,3,0.9999999999999991,dow,11,48.38,47.91,49.62,4,Developing,3.42,7.1
2026-10-03,05:55:00,60858,44.8,Y,2026-10-03T05:30:00+08:00,16.4722303490509,3,1.0,dow,11,50.05,49.58,51.0,4,Developing,-5.25,-10.5
2026-10-03,05:55:00,61166,35.5,Y,2026-10-03T05:30:00+08:00,17.333406669672282,3,1.0,dow,11,49.25,48.38,50.35,4,Developing,-13.75,-27.9
2026-10-03,05:55:00,61168,49.5,Y,2026-10-03T05:30:00+08:00,15.830786215743185,3,1.0,dow,11,48.12,47.58,49.34,4,Developing,1.38,2.9
2026-10-03,05:55:00,61538,38.7,Y,2026-10-03T05:30:00+08:00,15.823282004318393,3,1.0,dow,11,40.48,38.98,42.17,4,Developing,-1.78,-4.4
2026-10-03,05:55:00,61897,62.0,Y,2026-10-03T05:30:00+08:00,17.327187253361718,3,1.0,dow,11,50.18,50.01,50.35,4,Developing,11.82,23.6
2026-10-03,05:55:00,61898,50.2,Y,2026-10-03T05:30:00+08:00,16.196332159272167,3,1.0,dow,11,45.08,44.65,46.05,4,Developing,5.12,11.4
2026-10-03,05:55:00,61899,50.3,Y,2026-10-03T05:30:00+08:00,15.443646245787184,3,1.0,dow,11,44.77,44.31,45.8,4,Developing,5.53,12.4
2026-10-03,05:55:00,61900,58.6,Y,2026-10-03T05:30:00+08:00,15.071550402149702,3,0.9999999999999999,dow,11,43.05,42.3,44.0,4,Developing,15.55,36.1
2026-10-03,05:55:00,62154,57.1,Y,2026-10-03T05:30:00+08:00,14.66092715392811,3,0.999999999999999,dow,11,58.3,58.09,58.73,4,Developing,-1.2,-2.1
2026-10-03,05:55:00,62247,42.2,Y,2026-10-03T05:30:00+08:00,16.73624752381725,3,0.9999999999999989,dow,11,50.3,49.98,51.4,4,Developing,-8.1,-16.1
2026-10-03,05:55:00,62361,47.1,Y,2026-10-03T05:30:00+08:00,14.766843333855748,3,1.000000000000001,dow,11,50.83,50.33,51.3,4,Developing,-3.73,-7.3
2026-10-03,05:55:00,62565,50.2,Y,2026-10-03T05:30:00+08:00,16.183799850933852,3,1.0,dow,11,45.08,44.65,46.05,4,Developing,5.12,11.4
2026-10-03,05:55:00,62915,63.7,Y,2026-10-03T05:30:00+08:00,16.467740370481195,3,1.0,dow,11,46.5,45.44,47.69,4,Developing,17.2,37.0
2026-10-03,05:55:00,1962,46.5,Y,2026-10-03T05:30:00+08:00,18.621923146203812,3,1.0,dow,11,45.3,44.9,46.15,4,Developing,1.2,2.6
2026-10-03,05:55:00,102874,68.7,Y,2026-10-03T05:30:00+08:00,20.964802239633205,3,1.0000000000000009,dow,11,67.78,67.49,67.99,4,Developing,0.92,1.4
2026-10-03,05:55:00,102890,68.7,Y,2026-10-03T05:30:00+08:00,20.977656613795542,3,0.9999999999999991,dow,11,67.78,67.49,67.99,4,Developing,0.92,1.4
2026-10-03,05:55:00,109011,43.2,Y,2026-10-03T05:30:00+08:00,1.9953601754765842,3,1.0,dow,11,49.8,48.88,50.55,4,Developing,-6.6,-13.3
2026-10-03,05:55:00,275908,38.7,Y,2026-10-03T05:30:00+08:00,1.9880515484729562,3,1.0000000000000004,dow,11,45.0,43.7,46.5,4,Developing,-6.3,-14.0
2026-10-03,05:55:00,275911,39.8,Y,2026-10-03T05:30:00+08:00,1.9832719384264699,3,1.0,dow,11,38.45,30.25,44.73,4,Developing,1.35,3.5
2026-10-03,05:55:00,275912,44.5,Y,2026-10-03T05:30:00+08:00,1.9804701973036007,3,0.999999999999999,dow,11,41.95,33.51,45.15,4,Developing,2.55,6.1
2026-10-03,05:55:00,275917,40.4,Y,2026-10-03T05:30:00+08:00,1.98047018591354,3,1.0,dow,11,37.3,24.91,45.48,4,Developing,3.1,8.3
2026-10-03,05:55:00,275924,40.4,Y,2026-10-03T05:30:00+08:00,1.979465339695432,3,1.0,dow,11,37.3,24.91,45.48,4,Developing,3.1,8.3
2026-10-03,05:55:00,275927,54.0,Y,2026-10-03T05:30:00+08:00,1.9780695824811558,3,0.9999999999999991,dow,11,19.9,17.12,20.8,3,Provisional,34.1,171.4
2026-10-03,05:55:00,275964,50.8,Y,2026-10-03T05:30:00+08:00,1.9807075873729953,3,1.0,dow,11,20.9,20.0,23.05,3,Provisional,29.9,143.1
2026-10-03,05:55:00,275966,49.3,Y,2026-10-03T05:30:00+08:00,1.987708974632695,3,1.0,dow,11,40.7,39.88,41.15,4,Developing,8.6,21.1
2026-10-03,05:55:00,275967,45.4,Y,2026-10-03T05:30:00+08:00,1.987519843721933,3,1.0,dow,11,45.25,44.18,46.55,4,Developing,0.15,0.3
2026-10-03,05:55:00,60850,43.2,Y,2026-10-03T05:30:00+08:00,1.9963819330536892,3,0.999999999999999,dow,11,49.8,48.88,50.55,4,Developing,-6.6,-13.3
2026-10-03,05:55:00,61135,43.2,Y,2026-10-03T05:30:00+08:00,1.997251421712293,3,1.0,dow,11,52.1,51.04,53.08,4,Developing,-8.9,-17.1
2026-10-03,05:55:00,61136,43.2,Y,2026-10-03T05:30:00+08:00,1.9967303276396267,3,0.9999999999999991,dow,11,52.1,51.04,53.08,4,Developing,-8.9,-17.1
2026-10-03,05:55:00,61503,50.9,Y,2026-10-03T05:30:00+08:00,1.9978119004937,3,1.0,dow,11,50.23,47.81,51.1,4,Developing,0.67,1.3
2026-10-03,05:55:00,61505,47.1,Y,2026-10-03T05:30:00+08:00,1.9969544150991871,3,0.9999999999999999,dow,11,50.6,49.79,50.99,4,Developing,-3.5,-6.9
2026-10-03,05:55:00,61521,31.6,Y,2026-10-03T05:30:00+08:00,1.9879477540023358,3,0.9999999999999998,dow,11,45.9,43.56,47.9,4,Developing,-14.3,-31.2
2026-10-03,05:55:00,61522,51.2,Y,2026-10-03T05:30:00+08:00,1.995347757312689,3,1.0,dow,11,50.9,48.17,52.58,4,Developing,0.3,0.6
2026-10-03,05:55:00,61700,48.9,Y,2026-10-03T05:30:00+08:00,1.978021619573366,3,1.0,dow,11,41.5,39.1,43.52,4,Developing,7.4,17.8
2026-10-03,05:55:00,61861,47.1,Y,2026-10-03T05:30:00+08:00,1.9981504440668774,3,1.0000000000000009,dow,11,50.6,49.79,50.99,4,Developing,-3.5,-6.9
2026-10-03,05:55:00,61874,44.7,Y,2026-10-03T05:30:00+08:00,1.978495230767237,3,1.0,dow,11,36.08,29.09,43.26,4,Developing,8.62,23.9
2026-10-03,05:55:00,62208,43.2,Y,2026-10-03T05:30:00+08:00,1.9978360278374552,3,1.0,dow,11,52.1,51.04,53.08,4,Developing,-8.9,-17.1
2026-10-03,05:55:00,62213,51.2,Y,2026-10-03T05:30:00+08:00,1.9970069136956732,3,1.0,dow,11,50.9,48.17,52.58,4,Developing,0.3,0.6
2026-10-03,05:55:00,62384,48.9,Y,2026-10-03T05:30:00+08:00,1.98062215387146,3,1.0,dow,11,41.5,39.1,43.52,4,Developing,7.4,17.8
2026-10-03,05:55:00,62724,44.5,Y,2026-10-03T05:30:00+08:00,1.9794672963719409,3,1.0,dow,11,41.95,33.51,45.15,4,Developing,2.55,6.1
2026-10-03,05:55:00,62896,51.5,Y,2026-10-03T05:30:00+08:00,1.978888620036018,3,1.0,dow,11,33.5,27.38,33.75,3,Provisional,18.0,53.7
2026-10-03,05:55:00,63055,39.6,Y,2026-10-03T05:30:00+08:00,1.9832534595119118,3,1.0000000000000002,dow,11,43.25,39.74,44.3,4,Developing,-3.65,-8.4
2026-10-03,05:55:00,106669,50,N,2026-10-03T05:30:00+08:00,19.029802430421817,3,1.0,,,,,,,,,
2026-10-03,05:55:00,106671,50,N,2026-10-03T05:30:00+08:00,18.211757605314446,3,1.0,,,,,,,,,
2026-10-03,05:55:00,106679,70,N,2026-10-03T05:30:00+08:00,18.92514210604111,3,1.0,,,,,,,,,
2026-10-03,05:55:00,106702,50,N,2026-10-03T05:30:00+08:00,19.323255764634617,3,1.0,,,,,,,,,
2026-10-03,05:55:00,106703,50,N,2026-10-03T05:30:00+08:00,19.39345949699113,3,1.0,,,,,,,,,
2026-10-03,05:55:00,106861,50,N,2026-10-03T05:30:00+08:00,19.2352246786881,3,1.000000000000001,,,,,,,,,
2026-10-03,05:55:00,107132,50,N,2026-10-03T05:30:00+08:00,19.408730722665535,3,1.0,,,,,,,,,
2026-10-03,05:55:00,107133,70,N,2026-10-03T05:30:00+08:00,18.766130681622418,3,1.0,,,,,,,,,
2026-10-03,05:55:00,7388,50,N,2026-10-03T05:30:00+08:00,18.027420295546992,3,1.0,,,,,,,,,
2026-10-03,05:55:00,9651,50,N,2026-10-03T05:30:00+08:00,17.360087807787988,3,1.0,,,,,,,,,
2026-10-03,05:55:00,278750,58.0,Y,2026-10-03T05:30:00+08:00,5.92928105614721,3,1.0,dow,11,67.5,65.6,69.25,4,Developing,-9.5,-14.1
2026-10-03,05:55:00,278804,55.5,Y,2026-10-03T05:30:00+08:00,8.460134353343644,3,1.0000000000000004,dow,11,58.7,58.65,58.73,3,Provisional,-3.2,-5.5
2026-10-03,05:55:00,61212,47.8,Y,2026-10-03T05:30:00+08:00,8.897458181274477,3,1.0000000000000002,dow,11,49.48,48.46,50.49,4,Developing,-1.68,-3.4
2026-10-03,05:55:00,61449,53.4,Y,2026-10-03T05:30:00+08:00,8.46111180947084,3,0.9999999999999996,dow,11,55.2,54.1,55.62,4,Developing,-1.8,-3.3
2026-10-03,05:55:00,61807,65.9,Y,2026-10-03T05:30:00+08:00,6.461289785909611,3,0.9999999999999999,dow,11,69.03,68.41,69.59,4,Developing,-3.13,-4.5
2026-10-03,05:55:00,62169,66.3,Y,2026-10-03T05:30:00+08:00,7.430371832555786,3,1.0,dow,11,66.45,66.08,66.84,4,Developing,-0.15,-0.2
2026-10-03,05:55:00,62650,41.2,Y,2026-10-03T05:30:00+08:00,5.44531300252042,3,1.0,dow,11,58.33,56.04,62.2,4,Developing,-17.13,-29.4
2026-10-03,05:55:00,62809,43.0,Y,2026-10-03T05:30:00+08:00,5.920698534490116,3,0.999999999999999,dow,11,53.08,51.01,58.6,4,Developing,-10.08,-19.0
2026-10-03,05:55:00,62823,61.1,Y,2026-10-03T05:30:00+08:00,6.45397796483902,3,1.0,dow,11,63.67,61.49,66.25,4,Developing,-2.57,-4.0
2026-10-03,05:55:00,62842,49.8,Y,2026-10-03T05:30:00+08:00,8.882818653490425,3,1.0,dow,11,50.72,49.75,51.5,4,Developing,-0.92,-1.8
2026-10-03,05:55:00,64138,63.8,Y,2026-10-03T05:30:00+08:00,7.615585015715754,3,1.0,dow,11,67.22,65.88,69.02,4,Developing,-3.42,-5.1
2026-10-03,05:55:00,64139,63.9,Y,2026-10-03T05:30:00+08:00,7.613252179546513,3,0.999999999999999,dow,11,64.2,63.66,64.62,4,Developing,-0.3,-0.5
2026-10-03,05:55:00,64140,70.0,Y,2026-10-03T05:30:00+08:00,7.439779739853426,3,0.9999999999999999,dow,11,71.17,70.45,71.85,4,Developing,-1.17,-1.6
2026-10-03,05:55:00,64141,66.6,Y,2026-10-03T05:30:00+08:00,7.3112493662433184,3,1.000000000000001,dow,11,66.75,66.41,67.12,4,Developing,-0.15,-0.2
2026-10-03,05:55:00,64142,70.0,Y,2026-10-03T05:30:00+08:00,7.313673592916286,3,1.0,dow,11,70.43,70.22,70.83,4,Developing,-0.43,-0.6
2026-10-03,05:55:00,106678,53.7,Y,2026-10-03T05:30:00+08:00,15.727772667494385,3,1.0,dow,11,60.23,59.81,60.76,4,Developing,-6.53,-10.8
2026-10-03,05:55:00,276296,57.7,Y,2026-10-03T05:30:00+08:00,18.71370318530743,3,1.000000000000001,dow,11,60.17,58.21,62.06,4,Developing,-2.47,-4.1
2026-10-03,05:55:00,276297,57.7,Y,2026-10-03T05:30:00+08:00,15.332258403860154,3,1.0,dow,11,60.17,58.21,62.06,4,Developing,-2.47,-4.1
2026-10-03,05:55:00,276303,50,N,2026-10-03T05:30:00+08:00,14.813418867573674,3,1.0,,,,,,,,,
2026-10-03,05:55:00,7374,53.7,Y,2026-10-03T05:30:00+08:00,15.319035805252899,3,1.0,dow,11,60.23,59.81,60.76,4,Developing,-6.53,-10.8
2026-10-03,05:55:00,7690,50,N,2026-10-03T05:30:00+08:00,14.786912113726599,3,1.0,,,,,,,,,
2026-10-03,05:55:00,61272,48.2,Y,2026-10-03T05:30:00+08:00,8.905883053924113,3,0.9999999999999997,dow,11,49.88,48.86,50.86,4,Developing,-1.68,-3.4
2026-10-03,05:55:00,61496,54.7,Y,2026-10-03T05:30:00+08:00,9.101772300994135,3,0.9999999999999998,dow,11,55.0,54.19,55.79,4,Developing,-0.3,-0.5
2026-10-03,05:55:00,62204,49.4,Y,2026-10-03T05:30:00+08:00,8.958488591979673,3,1.0000000000000004,dow,11,50.93,49.98,51.79,4,Developing,-1.53,-3.0
2026-10-03,05:55:00,62299,50.2,Y,2026-10-03T05:30:00+08:00,9.0611679969702,3,1.0000000000000004,dow,11,51.7,50.8,52.48,4,Developing,-1.5,-2.9
2026-10-03,05:55:00,62805,57.7,Y,2026-10-03T05:30:00+08:00,9.000690789553154,3,1.0000000000000004,dow,11,57.15,56.32,57.95,4,Developing,0.55,1.0
2026-10-03,05:55:00,106677,53.7,Y,2026-10-03T05:30:00+08:00,17.65250075894852,3,1.0000000000000009,dow,11,60.23,59.81,60.76,4,Developing,-6.53,-10.8
2026-10-03,05:55:00,141386,49.5,Y,2026-10-03T05:30:00+08:00,19.27636225635035,3,1.0000000000000009,dow,11,51.17,50.64,52.18,4,Developing,-1.67,-3.3
2026-10-03,05:55:00,141387,55.8,Y,2026-10-03T05:30:00+08:00,19.114440291134137,3,1.0000000000000009,dow,11,59.48,57.78,61.31,4,Developing,-3.68,-6.2
2026-10-03,05:55:00,141388,51.3,Y,2026-10-03T05:30:00+08:00,19.2264153600178,3,1.0,dow,11,55.45,54.65,56.04,4,Developing,-4.15,-7.5
2026-10-03,05:55:00,141389,46.0,Y,2026-10-03T05:30:00+08:00,19.263688190821128,3,1.0,dow,11,59.55,58.66,60.12,4,Developing,-13.55,-22.8
2026-10-03,05:55:00,141391,50.8,Y,2026-10-03T05:30:00+08:00,19.279023509729427,3,1.0,dow,11,54.65,53.6,55.21,4,Developing,-3.85,-7.0
2026-10-03,05:55:00,143002,63.1,Y,2026-10-03T05:30:00+08:00,19.398951310611967,3,1.0,dow,11,55.6,53.85,57.8,4,Developing,7.5,13.5
2026-10-03,05:55:00,143007,44.5,Y,2026-10-03T05:30:00+08:00,19.578511882881504,3,1.0,dow,11,60.15,59.84,60.97,4,Developing,-15.65,-26.0
2026-10-03,05:55:00,143008,44.5,Y,2026-10-03T05:30:00+08:00,19.40063037265668,3,1.0,dow,11,60.15,59.84,60.97,4,Developing,-15.65,-26.0
2026-10-03,05:55:00,143009,63.4,Y,2026-10-03T05:30:00+08:00,19.560653160351528,3,1.0,dow,11,57.1,55.46,59.38,4,Developing,6.3,11.0
2026-10-03,05:55:00,143611,44.5,Y,2026-10-03T05:30:00+08:00,19.484182850183444,3,0.9999999999999989,dow,11,60.15,59.84,60.97,4,Developing,-15.65,-26.0
2026-10-03,05:55:00,272890,63.1,Y,2026-10-03T05:30:00+08:00,19.396266730572865,3,1.000000000000001,dow,11,55.6,53.85,57.8,4,Developing,7.5,13.5
2026-10-03,05:55:00,276294,57.7,Y,2026-10-03T05:30:00+08:00,17.713734018226138,3,1.0,dow,11,60.17,58.21,62.06,4,Developing,-2.47,-4.1
2026-10-03,05:55:00,276323,44.5,Y,2026-10-03T05:30:00+08:00,19.405248598959776,3,1.0,dow,11,60.15,59.84,60.97,4,Developing,-15.65,-26.0
2026-10-03,05:55:00,276325,67.7,Y,2026-10-03T05:30:00+08:00,18.903600663251865,3,1.0,dow,11,62.47,62.15,63.55,4,Developing,5.23,8.4
2026-10-03,05:55:00,285348,67.7,Y,2026-10-03T05:30:00+08:00,18.683206750526683,3,1.000000000000001,dow,11,62.47,62.15,63.55,4,Developing,5.23,8.4
2026-10-03,05:55:00,285349,67.7,Y,2026-10-03T05:30:00+08:00,18.695755923022094,3,1.0,dow,11,62.47,62.15,63.55,4,Developing,5.23,8.4
2026-10-03,05:55:00,285469,67.7,Y,2026-10-03T05:30:00+08:00,18.884751721805884,3,1.0,dow,11,62.47,62.15,63.55,4,Developing,5.23,8.4
2026-10-03,05:55:00,285470,67.7,Y,2026-10-03T05:30:00+08:00,18.89258637422013,3,1.0,dow,11,62.47,62.15,63.55,4,Developing,5.23,8.4
2026-10-03,05:55:00,57225,51.8,Y,2026-10-03T05:30:00+08:00,19.112242301211282,3,1.0000000000000009,dow,11,56.48,55.35,57.26,4,Developing,-4.68,-8.3
2026-10-03,05:55:00,57671,44.5,Y,2026-10-03T05:30:00+08:00,19.61504700519085,3,1.000000000000001,dow,11,60.15,59.84,60.97,4,Developing,-15.65,-26.0
2026-10-03,05:55:00,57674,52.5,Y,2026-10-03T05:30:00+08:00,18.93671678020392,3,1.0,dow,11,57.8,56.59,59.09,4,Developing,-5.3,-9.2
2026-10-03,05:55:00,57675,53.2,Y,2026-10-03T05:30:00+08:00,18.407121467041343,3,0.999999999999999,dow,11,58.2,57.26,59.49,4,Developing,-5.0,-8.6
2026-10-03,05:55:00,57677,49.5,Y,2026-10-03T05:30:00+08:00,19.41996073118225,3,1.0,dow,11,51.17,50.64,52.18,4,Developing,-1.67,-3.3
2026-10-03,05:55:00,57692,52.5,Y,2026-10-03T05:30:00+08:00,18.85082236149021,3,1.0,dow,11,57.8,56.59,59.09,4,Developing,-5.3,-9.2
2026-10-03,05:55:00,58051,49.5,Y,2026-10-03T05:30:00+08:00,19.38387476717922,3,1.0,dow,11,51.17,50.64,52.18,4,Developing,-1.67,-3.3
2026-10-03,05:55:00,58125,63.1,Y,2026-10-03T05:30:00+08:00,19.403584814791937,3,1.0,dow,11,55.6,53.85,57.8,4,Developing,7.5,13.5
2026-10-03,05:55:00,58501,65.0,Y,2026-10-03T05:30:00+08:00,18.488961459884905,3,1.0000000000000009,dow,11,61.12,60.3,62.36,4,Developing,3.88,6.3
2026-10-03,05:55:00,58583,46.0,Y,2026-10-03T05:30:00+08:00,19.28239217984974,3,0.999999999999999,dow,11,59.55,58.66,60.12,4,Developing,-13.55,-22.8
2026-10-03,05:55:00,59209,44.5,Y,2026-10-03T05:30:00+08:00,19.409038508817435,3,1.0,dow,11,60.15,59.84,60.97,4,Developing,-15.65,-26.0
2026-10-03,05:55:00,59446,46.0,Y,2026-10-03T05:30:00+08:00,19.403054214443394,3,0.999999999999999,dow,11,59.55,58.66,60.12,4,Developing,-13.55,-22.8
2026-10-03,05:55:00,60716,52.9,Y,2026-10-03T05:30:00+08:00,18.64805636845678,3,0.9999999999999989,dow,11,57.67,56.01,59.39,4,Developing,-4.77,-8.3
2026-10-03,05:55:00,62446,46.0,Y,2026-10-03T05:30:00+08:00,19.32962679625995,3,1.0,dow,11,59.55,58.66,60.12,4,Developing,-13.55,-22.8
2026-10-03,05:55:00,63691,45.5,Y,2026-10-03T05:30:00+08:00,19.421582930481513,3,1.0,dow,11,58.9,58.17,60.35,4,Developing,-13.4,-22.8
2026-10-03,05:55:00,63693,49.5,Y,2026-10-03T05:30:00+08:00,19.429657328175004,3,1.0000000000000009,dow,11,51.17,50.64,52.18,4,Developing,-1.67,-3.3
2026-10-03,05:55:00,64682,52.5,Y,2026-10-03T05:30:00+08:00,18.78462199708482,3,1.0,dow,11,57.8,56.59,59.09,4,Developing,-5.3,-9.2
2026-10-03,05:55:00,64684,67.7,Y,2026-10-03T05:30:00+08:00,18.83542478595608,3,1.0,dow,11,62.47,62.15,63.55,4,Developing,5.23,8.4
2026-10-03,05:55:00,64686,67.7,Y,2026-10-03T05:30:00+08:00,18.728396754802997,3,0.9999999999999999,dow,11,62.47,62.15,63.55,4,Developing,5.23,8.4
2026-10-03,05:55:00,64893,52.5,Y,2026-10-03T05:30:00+08:00,18.90731787204876,3,0.999999999999999,dow,11,57.8,56.59,59.09,4,Developing,-5.3,-9.2
2026-10-03,05:55:00,64894,52.5,Y,2026-10-03T05:30:00+08:00,18.896304711293563,3,0.999999999999999,dow,11,57.8,56.59,59.09,4,Developing,-5.3,-9.2
2026-10-03,05:55:00,65255,52.5,Y,2026-10-03T05:30:00+08:00,18.71724955354691,3,1.0,dow,11,57.8,56.59,59.09,4,Developing,-5.3,-9.2
2026-10-03,05:55:00,265465,50.2,Y,2026-10-03T05:30:00+08:00,5.0753700389528,3,1.0,dow,11,50.0,49.51,50.12,4,Developing,0.2,0.4
2026-10-03,05:55:00,265466,52.6,Y,2026-10-03T05:30:00+08:00,5.07707413644516,3,1.0,dow,11,56.0,56.0,56.38,4,Developing,-3.4,-6.1
2026-10-03,05:55:00,265468,53.2,Y,2026-10-03T05:30:00+08:00,5.020640429742775,3,1.000000000000001,dow,11,55.4,55.4,55.95,4,Developing,-2.2,-4.0
2026-10-03,05:55:00,271845,47.0,Y,2026-10-03T05:30:00+08:00,1.9999911144354299,3,1.0,dow,11,44.38,42.0,46.89,4,Developing,2.62,5.9
2026-10-03,05:55:00,271896,63.1,Y,2026-10-03T05:30:00+08:00,4.26695890956004,3,1.0,dow,11,44.07,43.14,45.85,4,Developing,19.03,43.2
2026-10-03,05:55:00,272027,43.4,Y,2026-10-03T05:30:00+08:00,3.5827301763087798,3,1.0,dow,11,49.65,48.2,50.1,4,Developing,-6.25,-12.6
2026-10-03,05:55:00,272245,48.4,Y,2026-10-03T05:30:00+08:00,0.9904612009023274,3,0.9999999999999997,dow,11,42.25,42.02,42.88,4,Developing,6.15,14.6
2026-10-03,05:55:00,278666,56.4,Y,2026-10-03T05:30:00+08:00,0.992258351215607,3,1.0,dow,11,56.4,56.4,56.4,4,Developing,0.0,0.0
2026-10-03,05:55:00,278684,54.1,Y,2026-10-03T05:30:00+08:00,1.1358885205957405,3,0.9999999999999996,dow,11,53.6,53.6,53.6,4,Developing,0.5,0.9
2026-10-03,05:55:00,278686,52.2,Y,2026-10-03T05:30:00+08:00,1.33887691730635,3,1.0,dow,11,50.0,50.0,50.0,4,Developing,2.2,4.4
2026-10-03,05:55:00,278688,52.8,Y,2026-10-03T05:30:00+08:00,1.5610877141361,3,1.0,dow,11,50.0,50.0,50.0,4,Developing,2.8,5.6
2026-10-03,05:55:00,278703,48.0,Y,2026-10-03T05:30:00+08:00,1.93451473999973,3,1.0,dow,11,49.5,49.36,49.7,4,Developing,-1.5,-3.0
2026-10-03,05:55:00,278705,46.9,Y,2026-10-03T05:30:00+08:00,1.96209999756345,3,1.0,dow,11,49.5,49.25,49.78,4,Developing,-2.6,-5.3
2026-10-03,05:55:00,278707,46.1,Y,2026-10-03T05:30:00+08:00,1.99595023996492,3,1.0,dow,11,49.4,48.92,49.85,4,Developing,-3.3,-6.7
2026-10-03,05:55:00,278709,45.9,Y,2026-10-03T05:30:00+08:00,2.02863893860225,3,1.0,dow,11,49.4,48.92,49.85,4,Developing,-3.5,-7.1
2026-10-03,05:55:00,278724,44.7,Y,2026-10-03T05:30:00+08:00,2.3629630470368097,3,1.0,dow,11,49.82,49.55,49.89,4,Developing,-5.12,-10.3
2026-10-03,05:55:00,278726,44.7,Y,2026-10-03T05:30:00+08:00,2.7464095968194573,3,1.000000000000001,dow,11,50.0,49.9,50.0,4,Developing,-5.3,-10.6
2026-10-03,05:55:00,278727,44.8,Y,2026-10-03T05:30:00+08:00,2.8963581982272704,3,1.0,dow,11,50.0,49.92,50.0,4,Developing,-5.2,-10.4
2026-10-03,05:55:00,278728,44.9,Y,2026-10-03T05:30:00+08:00,3.0319106698126004,3,1.0,dow,11,50.0,49.98,50.0,4,Developing,-5.1,-10.2
2026-10-03,05:55:00,278732,46.9,Y,2026-10-03T05:30:00+08:00,3.121383666111673,3,0.999999999999999,dow,11,50.0,49.98,50.0,4,Developing,-3.1,-6.2
2026-10-03,05:55:00,278733,48.3,Y,2026-10-03T05:30:00+08:00,3.3552508774048966,3,1.000000000000001,dow,11,50.0,50.0,50.0,4,Developing,-1.7,-3.4
2026-10-03,05:55:00,278735,49.2,Y,2026-10-03T05:30:00+08:00,3.5853152928932603,3,1.0,dow,11,50.0,50.0,50.0,4,Developing,-0.8,-1.6
2026-10-03,05:55:00,278737,49.3,Y,2026-10-03T05:30:00+08:00,3.722176252597,3,1.0,dow,11,50.0,50.0,50.0,4,Developing,-0.7,-1.4
2026-10-03,05:55:00,278744,40.6,Y,2026-10-03T05:30:00+08:00,4.047861032273737,3,1.0000000000000009,dow,11,49.65,48.88,50.0,4,Developing,-9.05,-18.2
2026-10-03,05:55:00,278745,35.8,Y,2026-10-03T05:30:00+08:00,4.26567091773823,3,1.0,dow,11,49.73,49.06,50.0,4,Developing,-13.93,-28.0
2026-10-03,05:55:00,278746,48.4,Y,2026-10-03T05:30:00+08:00,4.6883201957548595,3,1.0,dow,11,50.0,49.85,50.17,4,Developing,-1.6,-3.2
2026-10-03,05:55:00,57472,63.1,Y,2026-10-03T05:30:00+08:00,3.02821251605996,3,1.0,dow,11,44.6,42.65,47.12,4,Developing,18.5,41.5
2026-10-03,05:55:00,57984,63.1,Y,2026-10-03T05:30:00+08:00,2.89410034860338,3,1.0,dow,11,44.47,42.61,46.97,4,Developing,18.63,41.9
2026-10-03,05:55:00,58315,47.0,Y,2026-10-03T05:30:00+08:00,2.74385967649473,3,1.0,dow,11,50.0,50.0,50.23,4,Developing,-3.0,-6.0
2026-10-03,05:55:00,58327,51.5,Y,2026-10-03T05:30:00+08:00,1.1348653861973201,3,0.9999999999999998,dow,11,43.27,43.12,43.57,4,Developing,8.23,19.0
2026-10-03,05:55:00,58952,27.2,Y,2026-10-03T05:30:00+08:00,2.0329448918909483,3,1.0000000000000009,dow,11,31.23,30.48,34.06,4,Developing,-4.03,-12.9
2026-10-03,05:55:00,59304,40.3,Y,2026-10-03T05:30:00+08:00,2.36270058439403,3,1.0,dow,11,49.05,48.69,49.55,4,Developing,-8.75,-17.8
2026-10-03,05:55:00,60135,47.6,Y,2026-10-03T05:30:00+08:00,1.9676138098105,3,1.0,dow,11,44.67,42.31,47.2,4,Developing,2.93,6.6
2026-10-03,05:55:00,60157,61.1,Y,2026-10-03T05:30:00+08:00,1.3388922107465684,3,1.000000000000001,dow,11,49.58,49.08,50.09,4,Developing,11.52,23.2
2026-10-03,05:55:00,60419,46.0,Y,2026-10-03T05:30:00+08:00,3.7228188779887703,3,0.9999999999999999,dow,11,50.0,49.54,50.65,4,Developing,-4.0,-8.0
2026-10-03,05:55:00,60422,60.2,Y,2026-10-03T05:30:00+08:00,4.04971644955412,3,1.0,dow,11,47.28,46.27,47.86,4,Developing,12.92,27.3
2026-10-03,05:55:00,60720,49.7,Y,2026-10-03T05:30:00+08:00,1.93851373917027,3,1.0,dow,11,45.7,43.41,48.29,4,Developing,4.0,8.8
2026-10-03,05:55:00,60730,50.1,Y,2026-10-03T05:30:00+08:00,1.8062885569811102,3,0.9999999999999999,dow,11,49.7,49.25,50.0,4,Developing,0.4,0.8
2026-10-03,05:55:00,60763,61.1,Y,2026-10-03T05:30:00+08:00,3.35275159721145,3,1.0,dow,11,45.12,43.16,47.56,4,Developing,15.98,35.4
2026-10-03,05:55:00,61968,61.5,Y,2026-10-03T05:30:00+08:00,5.451080491495645,3,0.999999999999999,dow,11,66.0,65.38,66.0,4,Developing,-4.5,-6.8
2026-10-03,05:55:00,62067,53.8,Y,2026-10-03T05:30:00+08:00,1.7147262051260082,3,1.000000000000001,dow,11,50.0,50.0,50.0,4,Developing,3.8,7.6
2026-10-03,05:55:00,62083,51.8,Y,2026-10-03T05:30:00+08:00,1.5948243564681486,3,1.0000000000000009,dow,11,45.22,44.31,46.17,4,Developing,6.58,14.6
2026-10-03,05:55:00,62127,60.6,Y,2026-10-03T05:30:00+08:00,4.65492788651018,3,1.0,dow,11,47.48,46.48,48.19,4,Developing,13.12,27.6
2026-10-03,05:55:00,62462,63.1,Y,2026-10-03T05:30:00+08:00,3.11673997839456,3,1.0,dow,11,44.47,43.74,45.85,4,Developing,18.63,41.9
2026-10-03,05:55:00,278664,57.8,Y,2026-10-03T05:30:00+08:00,0.9317793337975451,3,0.9999999999999999,dow,11,57.8,57.8,57.8,4,Developing,0.0,0.0
2026-10-03,05:55:00,278923,37.6,Y,2026-10-03T05:30:00+08:00,0.738478301116432,3,1.0,dow,11,37.1,36.6,38.23,4,Developing,0.5,1.3
2026-10-03,05:55:00,56961,47.4,Y,2026-10-03T05:30:00+08:00,0.9326073787404668,3,1.0000000000000002,dow,11,41.85,41.62,42.5,4,Developing,5.55,13.3
2026-10-03,05:55:00,57024,42.6,Y,2026-10-03T05:30:00+08:00,0.739591574080317,3,1.0000000000000002,dow,11,39.8,39.4,40.78,4,Developing,2.8,7.0
2026-10-03,05:55:00,57117,40.4,Y,2026-10-03T05:30:00+08:00,0.6703678406564001,3,0.9999999999999999,dow,11,38.85,38.17,39.86,4,Developing,1.55,4.0
2026-10-03,05:55:00,57493,63.6,Y,2026-10-03T05:30:00+08:00,0.799085443305504,3,1.0,dow,11,63.6,63.6,63.6,4,Developing,0.0,0.0
2026-10-03,05:55:00,57550,46.7,Y,2026-10-03T05:30:00+08:00,0.7913822281251636,3,1.0000000000000004,dow,11,41.48,41.21,42.23,4,Developing,5.22,12.6
2026-10-03,05:55:00,57592,50.0,Y,2026-10-03T05:30:00+08:00,0.7402793115910976,3,1.0000000000000004,dow,11,50.0,50.0,50.0,4,Developing,0.0,0.0
2026-10-03,05:55:00,57912,41.5,Y,2026-10-03T05:30:00+08:00,0.7222809868984248,3,1.0000000000000002,dow,11,39.3,38.83,40.28,4,Developing,2.2,5.6
2026-10-03,05:55:00,58292,50.0,Y,2026-10-03T05:30:00+08:00,0.5496026061487902,3,0.9999999999999997,dow,11,50.0,50.0,50.0,4,Developing,0.0,0.0
2026-10-03,05:55:00,58335,50.0,Y,2026-10-03T05:30:00+08:00,0.6141167364970379,3,1.0000000000000002,dow,11,50.0,50.0,50.0,4,Developing,0.0,0.0
2026-10-03,05:55:00,58814,50,N,2026-10-03T05:30:00+08:00,0.4631798103783051,3,0.9999999999999998,,,,,,,,,
2026-10-03,05:55:00,59244,41.1,Y,2026-10-03T05:30:00+08:00,0.7053197148555007,3,1.0000000000000004,dow,11,39.15,38.55,40.16,4,Developing,1.95,5.0
2026-10-03,05:55:00,59267,38.9,Y,2026-10-03T05:30:00+08:00,0.5701384330205108,3,1.0000000000000004,dow,11,37.8,37.55,38.55,4,Developing,1.1,2.9
2026-10-03,05:55:00,59437,50.0,Y,2026-10-03T05:30:00+08:00,0.7238924205803043,3,0.9999999999999997,dow,11,50.0,50.0,50.0,4,Developing,0.0,0.0
2026-10-03,05:55:00,59855,50.0,Y,2026-10-03T05:30:00+08:00,0.48114684705876115,3,0.9999999999999997,dow,11,50.0,50.0,50.0,4,Developing,0.0,0.0
2026-10-03,05:55:00,59871,42.2,Y,2026-10-03T05:30:00+08:00,0.731564587574162,3,1.0000000000000002,dow,11,39.6,39.2,40.59,4,Developing,2.6,6.6
2026-10-03,05:55:00,60175,50.0,Y,2026-10-03T05:30:00+08:00,0.6878857178976528,3,1.0000000000000002,dow,11,50.0,50.0,50.0,4,Developing,0.0,0.0
2026-10-03,05:55:00,57415,53.7,Y,2026-10-03T05:30:00+08:00,0.9732936003726678,3,1.0000000000000002,dow,11,55.45,54.33,55.92,4,Developing,-1.75,-3.2
2026-10-03,05:55:00,57580,43.9,Y,2026-10-03T05:30:00+08:00,0.7823112913415021,3,0.9999999999999999,dow,11,49.1,48.83,49.3,4,Developing,-5.2,-10.6
2026-10-03,05:55:00,58780,50.1,Y,2026-10-03T05:30:00+08:00,0.897946774874815,3,1.0,dow,11,50.9,50.17,51.08,4,Developing,-0.8,-1.6
2026-10-03,05:55:00,58796,49.3,Y,2026-10-03T05:30:00+08:00,0.7944572699976484,3,0.9999999999999996,dow,11,51.35,50.25,51.91,4,Developing,-2.05,-4.0
2026-10-03,05:55:00,59278,50.6,Y,2026-10-03T05:30:00+08:00,0.829573908912251,3,1.0,dow,11,53.35,53.15,53.65,4,Developing,-2.75,-5.2
2026-10-03,05:55:00,59349,51.1,Y,2026-10-03T05:30:00+08:00,0.7800233890302167,3,1.0000000000000004,dow,11,51.0,50.74,51.31,4,Developing,0.1,0.2
2026-10-03,05:55:00,59411,60.8,Y,2026-10-03T05:30:00+08:00,0.9752228380747672,3,0.9999999999999998,dow,11,61.88,61.41,62.3,4,Developing,-1.08,-1.7
2026-10-03,05:55:00,59707,61.1,Y,2026-10-03T05:30:00+08:00,0.8069954079092793,3,0.9999999999999998,dow,11,49.65,49.12,50.08,4,Developing,11.45,23.1
2026-10-03,05:55:00,59709,58.7,Y,2026-10-03T05:30:00+08:00,1.0318716992552301,3,0.9999999999999999,dow,11,53.6,52.88,54.38,4,Developing,5.1,9.5
2026-10-03,05:55:00,59794,51.1,Y,2026-10-03T05:30:00+08:00,0.7814536943333302,3,0.9999999999999997,dow,11,50.25,49.89,50.6,4,Developing,0.85,1.7
2026-10-03,05:55:00,59808,55.0,Y,2026-10-03T05:30:00+08:00,0.786626142486412,3,0.9999999999999999,dow,11,62.4,61.65,63.12,4,Developing,-7.4,-11.9
2026-10-03,05:55:00,60479,85.0,Y,2026-10-03T05:30:00+08:00,7.7334286254289495,3,0.9999999999999991,dow,11,80.0,80.0,80.58,4,Developing,5.0,6.2
2026-10-03,05:55:00,60978,84.7,Y,2026-10-03T05:30:00+08:00,8.050717620794446,3,1.0000000000000009,dow,11,80.0,80.0,80.55,4,Developing,4.7,5.9
2026-10-03,05:55:00,60989,71.4,Y,2026-10-03T05:30:00+08:00,15.888003057201534,3,1.0,dow,11,75.72,75.5,76.61,4,Developing,-4.32,-5.7
2026-10-03,05:55:00,61586,81.8,Y,2026-10-03T05:30:00+08:00,7.412572743472816,3,1.0,dow,11,76.53,75.7,76.86,4,Developing,5.27,6.9
2026-10-03,05:55:00,62349,84.8,Y,2026-10-03T05:30:00+08:00,8.041571262947006,3,1.0,dow,11,80.0,80.0,80.55,4,Developing,4.8,6.0
2026-10-03,05:55:00,62371,71.4,Y,2026-10-03T05:30:00+08:00,15.784720022677263,3,1.0,dow,11,75.72,75.5,76.61,4,Developing,-4.32,-5.7
2026-10-03,05:55:00,63021,85.0,Y,2026-10-03T05:30:00+08:00,8.029536864111572,3,1.0,dow,11,80.0,80.0,80.58,4,Developing,5.0,6.2
2026-10-03,05:55:00,63047,71.4,Y,2026-10-03T05:30:00+08:00,15.639002845098332,3,1.0,dow,11,75.72,75.5,76.61,4,Developing,-4.32,-5.7
2026-10-03,05:55:00,94466,69.5,Y,2026-10-03T05:30:00+08:00,0.0,3,1.0,dow,11,70.0,69.92,70.11,4,Developing,-0.5,-0.7
2026-10-03,05:55:00,94469,57.5,Y,2026-10-03T05:30:00+08:00,0.0,3,1.0000000000000009,dow,11,56.17,55.38,57.36,4,Developing,1.33,2.4
2026-10-03,05:55:00,95042,64.8,Y,2026-10-03T05:30:00+08:00,0.0,3,1.0,dow,11,58.48,57.59,59.35,4,Developing,6.32,10.8
2026-10-03,05:55:00,95043,66.9,Y,2026-10-03T05:30:00+08:00,0.0,3,1.0000000000000009,dow,11,66.62,66.19,67.21,4,Developing,0.28,0.4
2026-10-03,05:55:00,95044,67.7,Y,2026-10-03T05:30:00+08:00,0.0,3,0.999999999999999,dow,11,60.55,59.71,61.79,4,Developing,7.15,11.8
2026-10-03,05:55:00,95045,64.8,Y,2026-10-03T05:30:00+08:00,0.0,3,1.0,dow,11,58.48,57.59,59.35,4,Developing,6.32,10.8
2026-10-03,05:55:00,96554,56.3,Y,2026-10-03T05:30:00+08:00,0.0,3,1.0000000000000009,dow,11,58.58,57.48,59.54,4,Developing,-2.28,-3.9
2026-10-03,05:55:00,97232,51.5,Y,2026-10-03T05:30:00+08:00,0.0,3,1.0,dow,11,53.9,53.47,54.36,4,Developing,-2.4,-4.5
2026-10-03,05:55:00,97233,62.2,Y,2026-10-03T05:30:00+08:00,0.0,3,0.9999999999999999,dow,11,61.62,60.77,62.44,4,Developing,0.58,0.9
2026-10-03,05:55:00,164058,70.1,Y,2026-10-03T05:30:00+08:00,2.086630623002658,3,1.0000000000000009,dow,11,69.65,69.0,70.58,4,Developing,0.45,0.6
2026-10-03,05:55:00,164059,56.7,Y,2026-10-03T05:30:00+08:00,2.113226327917188,3,1.0000000000000009,dow,11,61.12,60.84,61.48,4,Developing,-4.42,-7.2
2026-10-03,05:55:00,164060,50.6,Y,2026-10-03T05:30:00+08:00,2.0862713819725403,3,1.0,dow,11,57.97,56.59,59.65,4,Developing,-7.37,-12.7
2026-10-03,05:55:00,164061,56.7,Y,2026-10-03T05:30:00+08:00,2.113977234177398,3,1.0000000000000009,dow,11,61.12,60.84,61.48,4,Developing,-4.42,-7.2
2026-10-03,05:55:00,164062,55.6,Y,2026-10-03T05:30:00+08:00,2.1656384672941003,3,1.0,dow,11,61.8,60.65,62.96,4,Developing,-6.2,-10.0
2026-10-03,05:55:00,164063,63.2,Y,2026-10-03T05:30:00+08:00,2.2169174297116685,3,1.0000000000000009,dow,11,62.95,62.58,63.9,4,Developing,0.25,0.4
2026-10-03,05:55:00,164064,66.1,Y,2026-10-03T05:30:00+08:00,2.25044990534608,3,1.0,dow,11,65.85,65.53,66.41,4,Developing,0.25,0.4
2026-10-03,05:55:00,164065,63.2,Y,2026-10-03T05:30:00+08:00,2.21802992171161,3,1.0,dow,11,62.95,62.58,63.9,4,Developing,0.25,0.4
2026-10-03,05:55:00,260047,66.2,Y,2026-10-03T05:30:00+08:00,0.0,3,1.0,dow,11,61.3,59.35,63.32,4,Developing,4.9,8.0
2026-10-03,05:55:00,56993,74.2,Y,2026-10-03T05:30:00+08:00,1.6368482907812902,3,0.9999999999999999,dow,11,61.2,60.25,61.94,4,Developing,13.0,21.2
2026-10-03,05:55:00,57011,54.3,Y,2026-10-03T05:30:00+08:00,0.0,3,1.0,dow,11,54.22,53.83,54.64,4,Developing,0.08,0.1
2026-10-03,05:55:00,57067,53.4,Y,2026-10-03T05:30:00+08:00,0.0,3,1.000000000000001,dow,11,52.23,52.06,53.6,4,Developing,1.17,2.2
2026-10-03,05:55:00,57430,50.3,Y,2026-10-03T05:30:00+08:00,1.93784826087477,3,1.0,dow,11,63.72,62.16,65.31,4,Developing,-13.42,-21.1
2026-10-03,05:55:00,57486,51.3,Y,2026-10-03T05:30:00+08:00,0.0,3,1.0,dow,11,39.48,39.24,39.93,4,Developing,11.82,29.9
2026-10-03,05:55:00,57519,47.3,Y,2026-10-03T05:30:00+08:00,1.4205855826460787,3,1.0000000000000009,dow,11,46.97,46.01,48.0,4,Developing,0.33,0.7
2026-10-03,05:55:00,57537,67.6,Y,2026-10-03T05:30:00+08:00,0.0,3,1.0,dow,11,57.65,57.3,58.49,4,Developing,9.95,17.3
2026-10-03,05:55:00,57920,54.7,Y,2026-10-03T05:30:00+08:00,0.0,3,1.0,dow,11,60.42,59.55,61.17,4,Developing,-5.72,-9.5
2026-10-03,05:55:00,57924,51.9,Y,2026-10-03T05:30:00+08:00,0.0,3,0.9999999999999991,dow,11,45.73,45.12,46.38,4,Developing,6.17,13.5
2026-10-03,05:55:00,57990,51.2,Y,2026-10-03T05:30:00+08:00,0.0,3,1.0,dow,11,39.27,39.02,39.73,4,Developing,11.93,30.4
2026-10-03,05:55:00,58304,61.5,Y,2026-10-03T05:30:00+08:00,1.8021351468672202,3,0.9999999999999999,dow,11,70.5,70.33,70.62,4,Developing,-9.0,-12.8
2026-10-03,05:55:00,58342,51.3,Y,2026-10-03T05:30:00+08:00,0.0,3,1.0,dow,11,39.38,39.14,39.83,4,Developing,11.92,30.3
2026-10-03,05:55:00,58459,51.4,Y,2026-10-03T05:30:00+08:00,1.96084646162983,3,1.0,dow,11,55.93,55.51,56.51,4,Developing,-4.53,-8.1
2026-10-03,05:55:00,58830,63.2,Y,2026-10-03T05:30:00+08:00,0.0,3,1.0,dow,11,56.08,55.59,56.2,4,Developing,7.12,12.7
2026-10-03,05:55:00,58833,67.9,Y,2026-10-03T05:30:00+08:00,1.66358272728476,3,1.0,dow,11,64.35,63.01,64.88,4,Developing,3.55,5.5
2026-10-03,05:55:00,58919,65.8,Y,2026-10-03T05:30:00+08:00,1.80389348909268,3,1.0,dow,11,63.9,63.26,64.97,4,Developing,1.9,3.0
2026-10-03,05:55:00,59311,61.4,Y,2026-10-03T05:30:00+08:00,1.6331234120618,3,1.0,dow,11,63.95,61.88,66.6,4,Developing,-2.55,-4.0
2026-10-03,05:55:00,59325,55.3,Y,2026-10-03T05:30:00+08:00,1.4168968206635013,3,0.999999999999999,dow,11,46.95,46.39,47.62,4,Developing,8.35,17.8
2026-10-03,05:55:00,59470,67.9,Y,2026-10-03T05:30:00+08:00,1.66158195609788,3,1.0,dow,11,64.35,63.0,64.88,4,Developing,3.55,5.5
2026-10-03,05:55:00,59777,52.3,Y,2026-10-03T05:30:00+08:00,0.0,3,0.999999999999999,dow,11,48.33,47.86,48.7,4,Developing,3.97,8.2
2026-10-03,05:55:00,59792,47.5,Y,2026-10-03T05:30:00+08:00,1.91431203849052,3,1.0,dow,11,58.9,57.25,59.5,4,Developing,-11.4,-19.4
2026-10-03,05:55:00,60200,47.5,Y,2026-10-03T05:30:00+08:00,1.91567338879466,3,1.0,dow,11,58.9,57.26,59.5,4,Developing,-11.4,-19.4
2026-10-03,05:55:00,60219,66.2,Y,2026-10-03T05:30:00+08:00,0.0,3,1.0,dow,11,61.3,59.35,63.32,4,Developing,4.9,8.0
2026-10-03,05:55:00,60280,53.9,Y,2026-10-03T05:30:00+08:00,1.93861091566979,3,1.0,dow,11,61.2,60.6,62.46,4,Developing,-7.3,-11.9
2026-10-03,05:55:00,60292,53.8,Y,2026-10-03T05:30:00+08:00,0.0,3,1.0,dow,11,56.1,55.96,56.25,4,Developing,-2.3,-4.1
2026-10-03,05:55:00,60511,63.7,Y,2026-10-03T05:30:00+08:00,2.1647390286214203,3,0.9999999999999999,dow,11,64.88,64.59,65.16,4,Developing,-1.18,-1.8
2026-10-03,05:55:00,60819,59.4,Y,2026-10-03T05:30:00+08:00,2.2476685436179498,3,1.0,dow,11,65.6,63.34,68.22,4,Developing,-6.2,-9.5
2026-10-03,05:55:00,61227,48.0,Y,2026-10-03T05:30:00+08:00,2.0116422244597922,3,0.999999999999999,dow,11,59.38,57.69,61.54,4,Developing,-11.38,-19.2
2026-10-03,05:55:00,61509,56.6,Y,2026-10-03T05:30:00+08:00,2.05833083969377,3,1.0,dow,11,61.1,60.77,61.48,4,Developing,-4.5,-7.4
2026-10-03,05:55:00,61958,49.4,Y,2026-10-03T05:30:00+08:00,2.0559447488133604,3,0.9999999999999999,dow,11,59.5,58.59,59.81,4,Developing,-10.1,-17.0
2026-10-03,05:55:00,62301,51.4,Y,2026-10-03T05:30:00+08:00,1.96327822553486,3,1.0,dow,11,55.95,55.55,56.53,4,Developing,-4.55,-8.1
2026-10-03,05:55:00,62966,68.7,Y,2026-10-03T05:30:00+08:00,2.0123717319880003,3,0.9999999999999999,dow,11,69.97,69.72,70.96,4,Developing,-1.27,-1.8
2026-10-03,05:55:00,59734,65.2,Y,2026-10-03T05:30:00+08:00,0.7265747680801297,3,1.0000000000000004,dow,11,65.2,65.2,65.2,4,Developing,0.0,0.0
2026-10-03,05:55:00,59766,40.1,Y,2026-10-03T05:30:00+08:00,0.7166971118920639,3,1.0000000000000002,dow,11,39.6,39.1,40.69,4,Developing,0.5,1.3
2026-10-03,05:55:00,60177,68.5,Y,2026-10-03T05:30:00+08:00,0.49938176577467275,3,1.0000000000000004,dow,11,68.25,68.0,68.81,4,Developing,0.25,0.4
2026-10-03,05:55:00,100658,11.5,Y,2026-10-03T05:30:00+08:00,17.254612460066102,3,1.0000000000000009,dow,11,16.1,14.1,19.36,4,Developing,-4.6,-28.6
2026-10-03,05:55:00,100659,11.5,Y,2026-10-03T05:30:00+08:00,17.23401048001384,3,0.999999999999999,dow,11,16.1,14.1,19.36,4,Developing,-4.6,-28.6
2026-10-03,05:55:00,100661,13.8,Y,2026-10-03T05:30:00+08:00,17.26099436064077,3,1.0,dow,11,18.15,15.05,20.73,4,Developing,-4.35,-24.0
2026-10-03,05:55:00,100693,11.5,Y,2026-10-03T05:30:00+08:00,17.32678785612078,3,1.0000000000000009,dow,11,16.1,14.1,19.36,4,Developing,-4.6,-28.6
2026-10-03,05:55:00,100694,11.5,Y,2026-10-03T05:30:00+08:00,17.281913575242463,3,1.0,dow,11,16.1,14.1,19.36,4,Developing,-4.6,-28.6
2026-10-03,05:55:00,100695,13.8,Y,2026-10-03T05:30:00+08:00,17.29165297158475,3,1.0,dow,11,18.15,15.05,20.73,4,Developing,-4.35,-24.0
2026-10-03,05:55:00,100701,11.5,Y,2026-10-03T05:30:00+08:00,17.22929891619982,3,1.000000000000001,dow,11,16.1,14.1,19.36,4,Developing,-4.6,-28.6
2026-10-03,05:55:00,100702,13.8,Y,2026-10-03T05:30:00+08:00,17.24009286772089,3,1.0,dow,11,18.15,15.05,20.73,4,Developing,-4.35,-24.0
2026-10-03,05:55:00,101728,11.5,Y,2026-10-03T05:30:00+08:00,17.25143381012186,3,1.0,dow,11,16.1,14.1,19.36,4,Developing,-4.6,-28.6
2026-10-03,05:55:00,101729,11.5,Y,2026-10-03T05:30:00+08:00,17.25385969463434,3,1.0,dow,11,16.1,14.1,19.36,4,Developing,-4.6,-28.6
2026-10-03,05:55:00,101836,13.8,Y,2026-10-03T05:30:00+08:00,17.302438790522103,3,1.0000000000000009,dow,11,18.15,15.05,20.73,4,Developing,-4.35,-24.0
2026-10-03,05:55:00,101840,11.5,Y,2026-10-03T05:30:00+08:00,17.299855925095823,3,1.0,dow,11,16.1,14.1,19.36,4,Developing,-4.6,-28.6
2026-10-03,05:55:00,110855,68.7,Y,2026-10-03T05:30:00+08:00,0.0,3,1.0,dow,11,81.42,78.69,84.2,4,Developing,-12.72,-15.6
2026-10-03,05:55:00,110856,68.7,Y,2026-10-03T05:30:00+08:00,0.0,3,1.0,dow,11,85.35,83.08,86.8,4,Developing,-16.65,-19.5
2026-10-03,05:55:00,95973,77.8,Y,2026-10-03T05:30:00+08:00,0.0,3,0.9999999999999999,dow,11,77.8,77.8,77.8,4,Developing,0.0,0.0
2026-10-03,05:55:00,96259,83.9,Y,2026-10-03T05:30:00+08:00,0.0,3,1.0,dow,11,81.9,80.86,83.15,4,Developing,2.0,2.4
2026-10-03,05:55:00,96264,64.2,Y,2026-10-03T05:30:00+08:00,0.0,3,1.000000000000001,dow,11,68.45,66.07,70.75,4,Developing,-4.25,-6.2
2026-10-03,05:55:00,96749,63.1,Y,2026-10-03T05:30:00+08:00,0.0,3,0.999999999999999,dow,11,68.25,65.38,70.45,4,Developing,-5.15,-7.5
2026-10-03,05:55:00,96751,78.6,Y,2026-10-03T05:30:00+08:00,0.0,3,1.0,dow,11,78.6,78.6,78.6,4,Developing,0.0,0.0
2026-10-03,05:55:00,97155,62.3,Y,2026-10-03T05:30:00+08:00,0.0,3,1.0,dow,11,66.62,65.79,67.49,4,Developing,-4.32,-6.5
2026-10-03,05:55:00,97156,76.5,Y,2026-10-03T05:30:00+08:00,0.0,3,1.0,dow,11,76.5,76.5,76.5,4,Developing,0.0,0.0
2026-10-03,05:55:00,97257,63.1,Y,2026-10-03T05:30:00+08:00,0.0,3,1.0,dow,11,68.25,65.35,70.42,4,Developing,-5.15,-7.5
2026-10-03,05:55:00,277033,42.5,Y,2026-10-03T05:30:00+08:00,18.036230057678384,3,1.0,dow,11,51.77,50.83,54.31,4,Developing,-9.27,-17.9
2026-10-03,05:55:00,278083,42.5,Y,2026-10-03T05:30:00+08:00,18.01910303662721,3,1.0000000000000009,dow,11,51.77,50.83,54.31,4,Developing,-9.27,-17.9
2026-10-03,05:55:00,278084,42.5,Y,2026-10-03T05:30:00+08:00,17.986021919343028,3,0.9999999999999999,dow,11,51.77,50.83,54.31,4,Developing,-9.27,-17.9
2026-10-03,05:55:00,278087,42.5,Y,2026-10-03T05:30:00+08:00,17.84466456791027,3,1.0,dow,11,51.77,50.83,54.31,4,Developing,-9.27,-17.9
2026-10-03,05:55:00,278104,51.0,Y,2026-10-03T05:30:00+08:00,17.785453308474843,3,1.0,dow,11,58.17,56.48,60.31,4,Developing,-7.17,-12.3
2026-10-03,05:55:00,278107,42.5,Y,2026-10-03T05:30:00+08:00,17.93149674763902,3,0.999999999999999,dow,11,51.77,50.83,54.31,4,Developing,-9.27,-17.9
2026-10-03,05:55:00,278108,51.0,Y,2026-10-03T05:30:00+08:00,17.872952521962528,3,0.9999999999999999,dow,11,58.17,56.48,60.31,4,Developing,-7.17,-12.3
2026-10-03,05:55:00,278109,51.0,Y,2026-10-03T05:30:00+08:00,17.974147459060422,3,0.9999999999999999,dow,11,58.17,56.48,60.31,4,Developing,-7.17,-12.3
2026-10-03,05:55:00,278110,51.0,Y,2026-10-03T05:30:00+08:00,18.017400719054375,3,0.999999999999999,dow,11,58.17,56.48,60.31,4,Developing,-7.17,-12.3
2026-10-03,05:55:00,278111,51.0,Y,2026-10-03T05:30:00+08:00,18.022490720427456,3,1.0,dow,11,58.17,56.48,60.31,4,Developing,-7.17,-12.3
2026-10-03,05:55:00,278225,38.9,Y,2026-10-03T05:30:00+08:00,17.746455821835845,3,1.0000000000000009,dow,11,36.08,30.72,37.33,4,Developing,2.82,7.8
2026-10-03,05:55:00,101736,41.9,Y,2026-10-03T05:30:00+08:00,16.664978284333404,3,1.0000000000000002,dow,11,40.48,39.55,41.16,4,Developing,1.42,3.5
2026-10-03,05:55:00,101758,54.9,Y,2026-10-03T05:30:00+08:00,16.868248734240353,3,1.0000000000000004,dow,11,63.72,62.09,64.36,4,Developing,-8.82,-13.8
2026-10-03,05:55:00,101981,54.9,Y,2026-10-03T05:30:00+08:00,17.195464150768977,3,1.0,dow,11,63.72,62.09,64.36,4,Developing,-8.82,-13.8
2026-10-03,05:55:00,109505,41.9,Y,2026-10-03T05:30:00+08:00,16.748340159510803,3,0.9999999999999997,dow,11,40.48,39.55,41.16,4,Developing,1.42,3.5
2026-10-03,05:55:00,111958,47.8,Y,2026-10-03T05:30:00+08:00,17.033351384754933,3,1.0000000000000004,dow,11,64.0,63.75,64.54,4,Developing,-16.2,-25.3
2026-10-03,05:55:00,265802,45.3,Y,2026-10-03T05:30:00+08:00,16.97352420333443,3,0.9999999999999998,dow,11,63.28,57.59,63.8,4,Developing,-17.98,-28.4
2026-10-03,05:55:00,8113,72.2,Y,2026-10-03T05:30:00+08:00,7.781207760966127,3,1.0000000000000009,dow,11,74.3,74.12,74.55,4,Developing,-2.1,-2.8
2026-10-03,05:55:00,9453,72.2,Y,2026-10-03T05:30:00+08:00,8.107919435009451,3,0.999999999999999,dow,11,74.3,74.12,74.55,4,Developing,-2.1,-2.8
2026-10-03,05:55:00,9755,72.2,Y,2026-10-03T05:30:00+08:00,7.905953230241519,3,0.9999999999999999,dow,11,74.3,74.12,74.55,4,Developing,-2.1,-2.8
2026-10-03,05:55:00,9777,72.2,Y,2026-10-03T05:30:00+08:00,8.178119042569863,3,1.0,dow,11,74.3,74.12,74.55,4,Developing,-2.1,-2.8
2026-10-03,05:55:00,109129,78.8,Y,2026-10-03T05:30:00+08:00,6.029526421262393,3,1.0,dow,11,74.42,73.97,75.3,4,Developing,4.38,5.9
2026-10-03,05:55:00,93850,78.8,Y,2026-10-03T05:30:00+08:00,6.176103568642192,3,1.000000000000001,dow,11,74.42,73.97,75.3,4,Developing,4.38,5.9
2026-10-03,05:55:00,96610,65.1,Y,2026-10-03T05:30:00+08:00,4.0052130943759785,3,1.0,dow,11,74.55,73.6,75.14,4,Developing,-9.45,-12.7
2026-10-03,05:55:00,96616,78.8,Y,2026-10-03T05:30:00+08:00,4.064097382020189,3,1.0000000000000009,dow,11,74.42,73.97,75.3,4,Developing,4.38,5.9
2026-10-03,05:55:00,96617,78.8,Y,2026-10-03T05:30:00+08:00,5.9514333021615045,3,1.0,dow,11,74.42,73.97,75.3,4,Developing,4.38,5.9
2026-10-03,05:55:00,96882,65.1,Y,2026-10-03T05:30:00+08:00,4.001302039023081,3,1.0000000000000009,dow,11,74.55,73.6,75.3,4,Developing,-9.45,-12.7
2026-10-03,05:55:00,97293,78.8,Y,2026-10-03T05:30:00+08:00,4.0482933436888615,3,1.0,dow,11,74.42,73.97,75.3,4,Developing,4.38,5.9
2026-10-03,05:55:00,112018,51.4,Y,2026-10-03T05:30:00+08:00,19.620562707443,3,1.0,dow,11,53.15,52.9,54.02,4,Developing,-1.75,-3.3
2026-10-03,05:55:00,112072,84.0,Y,2026-10-03T05:30:00+08:00,14.323949432647563,3,1.0,dow,11,87.75,85.62,89.62,4,Developing,-3.75,-4.3
2026-10-03,05:55:00,143006,45.4,Y,2026-10-03T05:30:00+08:00,19.12183065646386,3,1.0,dow,11,64.78,61.92,67.75,4,Developing,-19.38,-29.9
2026-10-03,05:55:00,143612,66.0,Y,2026-10-03T05:30:00+08:00,19.250608939917345,3,1.0000000000000009,dow,11,73.18,72.18,74.34,4,Developing,-7.18,-9.8
2026-10-03,05:55:00,145514,66.0,Y,2026-10-03T05:30:00+08:00,19.084592537874595,3,1.0000000000000009,dow,11,73.18,72.18,74.34,4,Developing,-7.18,-9.8
2026-10-03,05:55:00,95294,55.7,Y,2026-10-03T05:30:00+08:00,0.0,3,1.0000000000000009,dow,11,56.0,55.72,56.54,4,Developing,-0.3,-0.5
2026-10-03,05:55:00,95318,51.3,Y,2026-10-03T05:30:00+08:00,0.0,3,1.0,dow,11,52.5,51.61,53.3,4,Developing,-1.2,-2.3
2026-10-03,05:55:00,95319,66.6,Y,2026-10-03T05:30:00+08:00,0.0,3,1.0,dow,11,66.58,66.16,67.21,4,Developing,0.02,0.0
2026-10-03,05:55:00,95320,62.1,Y,2026-10-03T05:30:00+08:00,0.0,3,1.0000000000000009,dow,11,63.55,63.0,64.42,4,Developing,-1.45,-2.3
2026-10-03,05:55:00,95321,53.1,Y,2026-10-03T05:30:00+08:00,0.0,3,1.000000000000001,dow,11,54.0,53.24,54.74,4,Developing,-0.9,-1.7
2026-10-03,05:55:00,95322,56.7,Y,2026-10-03T05:30:00+08:00,0.0,3,1.0,dow,11,55.4,54.85,56.25,4,Developing,1.3,2.3
2026-10-03,05:55:00,96681,65.8,Y,2026-10-03T05:30:00+08:00,0.0,3,0.9999999999999989,dow,11,65.95,65.75,66.5,4,Developing,-0.15,-0.2
2026-10-03,05:55:00,96682,53.9,Y,2026-10-03T05:30:00+08:00,0.0,3,1.0,dow,11,54.35,53.62,55.1,4,Developing,-0.45,-0.8
2026-10-03,05:55:00,96708,63.1,Y,2026-10-03T05:30:00+08:00,0.0,3,1.0,dow,11,59.75,58.78,61.06,4,Developing,3.35,5.6
2026-10-03,05:55:00,96712,50.4,Y,2026-10-03T05:30:00+08:00,0.0,3,0.999999999999999,dow,11,52.25,51.4,52.85,4,Developing,-1.85,-3.5
2026-10-03,05:55:00,97027,69.3,Y,2026-10-03T05:30:00+08:00,0.0,3,1.0,dow,11,68.2,67.62,68.64,4,Developing,1.1,1.6
2026-10-03,05:55:00,97030,66.3,Y,2026-10-03T05:30:00+08:00,0.0,3,1.0,dow,11,62.5,60.88,63.2,4,Developing,3.8,6.1
2026-10-03,05:55:00,279283,65.9,Y,2026-10-03T05:30:00+08:00,4.332495443541741,3,1.0,dow,11,73.33,73.08,73.89,4,Developing,-7.43,-10.1
2026-10-03,05:55:00,7796,72.2,Y,2026-10-03T05:30:00+08:00,7.756070908771728,3,1.0,dow,11,74.3,74.12,74.55,4,Developing,-2.1,-2.8
2026-10-03,05:55:00,266983,96.0,Y,2026-10-03T05:30:00+08:00,1.7814869759760898,3,1.000000000000001,dow,11,100.25,95.0,100.88,4,Developing,-4.25,-4.2
2026-10-03,05:55:00,266986,96.0,Y,2026-10-03T05:30:00+08:00,1.699561163695661,3,1.0,dow,11,100.25,95.0,100.88,4,Developing,-4.25,-4.2
2026-10-03,05:55:00,267005,62.3,Y,2026-10-03T05:30:00+08:00,1.68319366513802,3,1.0,dow,11,50.0,45.46,55.64,4,Developing,12.3,24.6
2026-10-03,05:55:00,267006,64.4,Y,2026-10-03T05:30:00+08:00,1.7082345135867691,3,1.0,dow,11,54.6,50.45,59.49,4,Developing,9.8,17.9
2026-10-03,05:55:00,267007,76.3,Y,2026-10-03T05:30:00+08:00,1.692614631229389,3,1.0,dow,11,78.5,78.05,78.69,4,Developing,-2.2,-2.8
2026-10-03,05:55:00,267008,76.3,Y,2026-10-03T05:30:00+08:00,0.193512519322031,3,1.0,dow,11,78.5,78.05,78.69,4,Developing,-2.2,-2.8
2026-10-03,05:55:00,267009,76.3,Y,2026-10-03T05:30:00+08:00,0.0,3,1.0,dow,11,78.5,78.05,78.69,4,Developing,-2.2,-2.8
2026-10-03,05:55:00,267123,76.3,Y,2026-10-03T05:30:00+08:00,0.0,3,0.999999999999999,dow,11,78.5,78.05,78.69,4,Developing,-2.2,-2.8
2026-10-03,05:55:00,267124,76.3,Y,2026-10-03T05:30:00+08:00,0.0,3,1.0,dow,11,78.5,78.05,78.69,4,Developing,-2.2,-2.8
2026-10-03,05:55:00,267132,76.3,Y,2026-10-03T05:30:00+08:00,0.0,3,1.000000000000001,dow,11,78.5,78.05,78.69,4,Developing,-2.2,-2.8
2026-10-03,05:55:00,267133,76.3,Y,2026-10-03T05:30:00+08:00,0.0,3,0.9999999999999991,dow,11,78.5,78.05,78.69,4,Developing,-2.2,-2.8
2026-10-03,05:55:00,267140,76.3,Y,2026-10-03T05:30:00+08:00,0.0,3,1.0000000000000009,dow,11,78.5,78.05,78.69,4,Developing,-2.2,-2.8
2026-10-03,05:55:00,267183,74.3,Y,2026-10-03T05:30:00+08:00,0.0,3,0.9999999999999999,dow,11,75.45,74.95,75.81,4,Developing,-1.15,-1.5
2026-10-03,05:55:00,267184,52.1,Y,2026-10-03T05:30:00+08:00,0.0,3,0.999999999999999,dow,11,57.55,56.58,58.38,4,Developing,-5.45,-9.5
2026-10-03,05:55:00,267186,69.1,Y,2026-10-03T05:30:00+08:00,0.0,3,1.0,dow,11,70.57,70.32,71.1,4,Developing,-1.47,-2.1
2026-10-03,05:55:00,267187,69.1,Y,2026-10-03T05:30:00+08:00,0.0,3,1.0,dow,11,70.57,70.32,71.1,4,Developing,-1.47,-2.1
2026-10-03,05:55:00,267188,69.1,Y,2026-10-03T05:30:00+08:00,0.0,3,1.0,dow,11,70.57,70.32,71.1,4,Developing,-1.47,-2.1
2026-10-03,05:55:00,267189,69.1,Y,2026-10-03T05:30:00+08:00,0.0,3,0.999999999999999,dow,11,70.57,70.32,71.1,4,Developing,-1.47,-2.1
2026-10-03,05:55:00,267192,69.1,Y,2026-10-03T05:30:00+08:00,0.0,3,1.0,dow,11,70.57,70.32,71.1,4,Developing,-1.47,-2.1
2026-10-03,05:55:00,267200,69.1,Y,2026-10-03T05:30:00+08:00,0.19397544932143176,3,1.000000000000001,dow,11,70.57,70.32,71.1,4,Developing,-1.47,-2.1
2026-10-03,05:55:00,267201,70.4,Y,2026-10-03T05:30:00+08:00,1.702890972269109,3,1.0,dow,11,74.68,72.68,76.75,4,Developing,-4.28,-5.7
2026-10-03,05:55:00,267202,103.0,Y,2026-10-03T05:30:00+08:00,1.708181843965898,3,1.0,dow,11,90.0,87.5,91.25,4,Developing,13.0,14.4
2026-10-03,05:55:00,267203,110.0,Y,2026-10-03T05:30:00+08:00,1.7160561312438252,3,1.0,dow,11,104.0,98.0,110.0,4,Developing,6.0,5.8
2026-10-03,05:55:00,267204,78.0,Y,2026-10-03T05:30:00+08:00,1.776753765404037,3,1.0,dow,11,71.75,65.62,85.62,4,Developing,6.25,8.7
2026-10-03,05:55:00,267206,70.4,Y,2026-10-03T05:30:00+08:00,1.734904545182522,3,1.0,dow,11,74.68,72.68,76.75,4,Developing,-4.28,-5.7
2026-10-03,05:55:00,267207,70.4,Y,2026-10-03T05:30:00+08:00,1.694310134469428,3,1.0,dow,11,74.68,72.68,76.75,4,Developing,-4.28,-5.7
2026-10-03,05:55:00,267266,68.0,Y,2026-10-03T05:30:00+08:00,1.704602960304412,3,1.0,dow,11,50.0,50.0,50.0,4,Developing,18.0,36.0
2026-10-03,05:55:00,267267,96.0,Y,2026-10-03T05:30:00+08:00,1.706834836627079,3,1.000000000000001,dow,11,100.25,95.0,100.88,4,Developing,-4.25,-4.2
2026-10-03,05:55:00,267268,96.0,Y,2026-10-03T05:30:00+08:00,1.713020545788375,3,1.000000000000001,dow,11,100.25,95.0,100.88,4,Developing,-4.25,-4.2
2026-10-03,05:55:00,267271,62.3,Y,2026-10-03T05:30:00+08:00,1.7117519861393071,3,1.0,dow,11,50.0,45.46,55.64,4,Developing,12.3,24.6
2026-10-03,05:55:00,267273,96.0,Y,2026-10-03T05:30:00+08:00,1.7271577922345687,3,0.9999999999999991,dow,11,100.25,95.0,100.88,4,Developing,-4.25,-4.2
2026-10-03,05:55:00,267274,76.3,Y,2026-10-03T05:30:00+08:00,0.0,3,1.0,dow,11,78.5,78.05,78.69,4,Developing,-2.2,-2.8
2026-10-03,05:55:00,267275,69.1,Y,2026-10-03T05:30:00+08:00,0.0,3,0.999999999999999,dow,11,70.57,70.32,71.1,4,Developing,-1.47,-2.1
2026-10-03,05:55:00,267283,76.3,Y,2026-10-03T05:30:00+08:00,1.6581988278047919,3,1.0,dow,11,78.5,78.05,78.69,4,Developing,-2.2,-2.8
2026-10-03,05:55:00,267284,69.1,Y,2026-10-03T05:30:00+08:00,1.6600477032958785,3,0.9999999999999991,dow,11,70.57,70.32,71.1,4,Developing,-1.47,-2.1
2026-10-03,05:55:00,267285,76.3,Y,2026-10-03T05:30:00+08:00,1.685675459586426,3,1.0,dow,11,78.5,78.05,78.69,4,Developing,-2.2,-2.8
2026-10-03,05:55:00,267286,67.2,Y,2026-10-03T05:30:00+08:00,1.690951966226264,3,1.0,dow,11,76.8,76.09,77.15,4,Developing,-9.6,-12.5
2026-10-03,05:55:00,267304,64.4,Y,2026-10-03T05:30:00+08:00,1.659960320336857,3,1.0,dow,11,50.0,49.96,50.0,4,Developing,14.4,28.8
2026-10-03,05:55:00,267305,68.0,Y,2026-10-03T05:30:00+08:00,1.684787375369539,3,0.9999999999999999,dow,11,50.0,50.0,50.0,4,Developing,18.0,36.0
2026-10-03,05:55:00,95355,67.0,Y,2026-10-03T05:30:00+08:00,0.310769078404534,3,1.0,dow,11,85.0,85.0,85.0,4,Developing,-18.0,-21.2
2026-10-03,05:55:00,261079,67.0,Y,2026-10-03T05:30:00+08:00,1.257140545473036,3,1.0,dow,11,50.0,50.0,56.0,4,Developing,17.0,34.0
2026-10-03,05:55:00,261090,80.4,Y,2026-10-03T05:30:00+08:00,1.328139281293664,3,1.0,dow,11,80.0,80.0,80.05,4,Developing,0.4,0.5
2026-10-03,05:55:00,261092,67.1,Y,2026-10-03T05:30:00+08:00,1.4154642362653815,3,0.999999999999999,dow,11,58.45,53.5,65.67,4,Developing,8.65,14.8
2026-10-03,05:55:00,276484,80.9,Y,2026-10-03T05:30:00+08:00,1.47316472066869,3,1.0,dow,11,80.0,80.0,80.12,4,Developing,0.9,1.1
2026-10-03,05:55:00,1415,62.1,Y,2026-10-03T05:30:00+08:00,16.47854926019974,3,0.999999999999999,dow,11,67.97,67.7,68.44,4,Developing,-5.87,-8.6
2026-10-03,05:55:00,163680,3.0,Y,2026-10-03T05:30:00+08:00,0.0,3,1.0,dow,11,10.5,9.5,11.25,4,Developing,-7.5,-71.4
2026-10-03,05:55:00,163684,3.1,Y,2026-10-03T05:30:00+08:00,0.0,3,1.0,dow,11,10.52,9.46,11.32,4,Developing,-7.42,-70.5
2026-10-03,05:55:00,163686,17.5,Y,2026-10-03T05:30:00+08:00,0.0,3,1.0,dow,11,17.75,15.12,19.88,4,Developing,-0.25,-1.4
2026-10-03,05:55:00,163687,3.0,Y,2026-10-03T05:30:00+08:00,0.0,3,1.0,dow,11,14.25,12.38,16.88,4,Developing,-11.25,-78.9
2026-10-03,05:55:00,163689,3.0,Y,2026-10-03T05:30:00+08:00,0.0,3,1.0,dow,11,14.25,12.38,16.88,4,Developing,-11.25,-78.9
2026-10-03,05:55:00,163888,46.5,Y,2026-10-03T05:30:00+08:00,18.78828770050995,3,1.0,dow,11,45.3,44.9,46.15,4,Developing,1.2,2.6
2026-10-03,05:55:00,163889,46.5,Y,2026-10-03T05:30:00+08:00,18.912658220422415,3,1.0,dow,11,45.3,44.9,46.15,4,Developing,1.2,2.6
2026-10-03,05:55:00,1817,61.2,Y,2026-10-03T05:30:00+08:00,13.46644873677009,3,1.0,dow,11,63.65,63.4,63.96,4,Developing,-2.45,-3.8
2026-10-03,05:55:00,2176,46.5,Y,2026-10-03T05:30:00+08:00,19.408352064930007,3,0.999999999999999,dow,11,45.3,44.9,46.15,4,Developing,1.2,2.6
2026-10-03,05:55:00,2486,65.6,Y,2026-10-03T05:30:00+08:00,16.20245218357309,3,1.000000000000001,dow,11,70.5,69.33,71.95,4,Developing,-4.9,-7.0
2026-10-03,05:55:00,261080,68.7,Y,2026-10-03T05:30:00+08:00,1.211202373739491,3,1.0,dow,11,64.62,63.62,67.85,4,Developing,4.08,6.3
2026-10-03,05:55:00,261081,67.0,Y,2026-10-03T05:30:00+08:00,1.238819777709059,3,1.0,dow,11,50.0,50.0,56.0,4,Developing,17.0,34.0
2026-10-03,05:55:00,261804,77.7,Y,2026-10-03T05:30:00+08:00,1.61418479601302,3,1.0,dow,11,80.0,80.0,80.0,4,Developing,-2.3,-2.9
2026-10-03,05:55:00,261820,70.5,Y,2026-10-03T05:30:00+08:00,1.6856985809545963,3,1.000000000000001,dow,11,65.0,65.0,65.5,4,Developing,5.5,8.5
2026-10-03,05:55:00,261821,56.2,Y,2026-10-03T05:30:00+08:00,1.63227023896566,3,1.0,dow,11,50.0,49.96,50.0,4,Developing,6.2,12.4
2026-10-03,05:55:00,261822,63.1,Y,2026-10-03T05:30:00+08:00,1.661438163258244,3,1.0,dow,11,55.4,55.4,56.0,4,Developing,7.7,13.9
2026-10-03,05:55:00,261824,76.3,Y,2026-10-03T05:30:00+08:00,1.599891526832018,3,1.0,dow,11,80.0,80.0,80.0,4,Developing,-3.7,-4.6
2026-10-03,05:55:00,261825,76.5,Y,2026-10-03T05:30:00+08:00,1.5654681539898296,3,1.0000000000000009,dow,11,83.08,82.18,83.44,4,Developing,-6.58,-7.9
2026-10-03,05:55:00,261827,70.0,Y,2026-10-03T05:30:00+08:00,1.7211750572483882,3,0.9999999999999999,dow,11,80.2,78.38,81.08,4,Developing,-10.2,-12.7
2026-10-03,05:55:00,261836,79.8,Y,2026-10-03T05:30:00+08:00,1.620787997259872,3,1.0,dow,11,80.0,80.0,80.0,4,Developing,-0.2,-0.3
2026-10-03,05:55:00,262803,50.4,Y,2026-10-03T05:30:00+08:00,22.299303690853606,3,1.0000000000000009,dow,11,58.6,56.02,59.52,4,Developing,-8.2,-14.0
2026-10-03,05:55:00,263123,86.0,Y,2026-10-03T05:30:00+08:00,0.0,3,1.0,dow,11,86.25,85.17,87.2,4,Developing,-0.25,-0.3
2026-10-03,05:55:00,275216,38.7,Y,2026-10-03T05:30:00+08:00,11.772869573535726,3,1.0,dow,11,37.4,36.91,37.73,4,Developing,1.3,3.5
2026-10-03,05:55:00,275218,33.2,Y,2026-10-03T05:30:00+08:00,11.826301636841384,3,1.000000000000001,dow,11,39.9,38.51,41.3,4,Developing,-6.7,-16.8
2026-10-03,05:55:00,276171,52.9,Y,2026-10-03T05:30:00+08:00,3.862346523423362,3,1.0,dow,11,54.65,51.24,57.14,4,Developing,-1.75,-3.2
2026-10-03,05:55:00,276183,52.9,Y,2026-10-03T05:30:00+08:00,3.870625404035102,3,1.0,dow,11,54.65,51.24,57.14,4,Developing,-1.75,-3.2
2026-10-03,05:55:00,276194,52.9,Y,2026-10-03T05:30:00+08:00,3.967483751648472,3,1.0,dow,11,54.65,51.24,57.14,4,Developing,-1.75,-3.2
2026-10-03,05:55:00,282927,33.3,Y,2026-10-03T05:30:00+08:00,16.5733586507309,3,0.9999999999999999,dow,11,37.9,37.21,39.36,4,Developing,-4.6,-12.1
2026-10-03,05:55:00,3910,62.1,Y,2026-10-03T05:30:00+08:00,16.543980123275446,3,1.0,dow,11,67.97,67.7,68.44,4,Developing,-5.87,-8.6
2026-10-03,05:55:00,4694,61.5,Y,2026-10-03T05:30:00+08:00,17.08107157321097,3,1.0,dow,11,36.48,29.46,39.74,4,Developing,25.02,68.6
2026-10-03,05:55:00,4697,61.5,Y,2026-10-03T05:30:00+08:00,17.061314496887,3,1.0,dow,11,36.48,29.46,39.74,4,Developing,25.02,68.6
2026-10-03,05:55:00,4723,65.6,Y,2026-10-03T05:30:00+08:00,15.911654458055889,3,1.000000000000001,dow,11,70.5,69.33,71.95,4,Developing,-4.9,-7.0
2026-10-03,05:55:00,5480,62.1,Y,2026-10-03T05:30:00+08:00,16.465741571077178,3,1.0,dow,11,67.97,67.7,68.44,4,Developing,-5.87,-8.6
2026-10-03,05:55:00,58097,48.9,Y,2026-10-03T05:30:00+08:00,20.13074269805445,3,1.0000000000000009,dow,11,49.58,48.79,50.3,4,Developing,-0.68,-1.4
2026-10-03,05:55:00,62850,50.4,Y,2026-10-03T05:30:00+08:00,3.954754843629356,3,1.0,dow,11,55.2,54.88,56.02,4,Developing,-4.8,-8.7
2026-10-03,05:55:00,93545,52.5,Y,2026-10-03T05:30:00+08:00,0.0,3,1.0,dow,11,52.55,52.29,53.6,4,Developing,-0.05,-0.1
2026-10-03,05:55:00,1243,39.9,Y,2026-10-03T05:30:00+08:00,17.426678959064517,3,1.0000000000000009,dow,11,56.45,52.6,59.05,4,Developing,-16.55,-29.3
2026-10-03,05:55:00,125047,58.7,Y,2026-10-03T05:30:00+08:00,17.381154614193388,3,1.0,dow,11,56.8,56.5,58.2,4,Developing,1.9,3.3
2026-10-03,05:55:00,125049,58.7,Y,2026-10-03T05:30:00+08:00,17.370946578257644,3,1.0000000000000009,dow,11,56.8,56.5,58.2,4,Developing,1.9,3.3
2026-10-03,05:55:00,125050,58.7,Y,2026-10-03T05:30:00+08:00,17.411895192770643,3,1.0,dow,11,56.8,56.5,58.2,4,Developing,1.9,3.3
2026-10-03,05:55:00,127917,39.9,Y,2026-10-03T05:30:00+08:00,17.41155234558438,3,0.9999999999999991,dow,11,56.45,52.6,59.05,4,Developing,-16.55,-29.3
2026-10-03,05:55:00,163847,49.8,Y,2026-10-03T05:30:00+08:00,17.451909184092873,3,1.000000000000001,dow,11,54.88,54.25,55.74,4,Developing,-5.08,-9.3
2026-10-03,05:55:00,163848,39.9,Y,2026-10-03T05:30:00+08:00,17.434146055746584,3,1.0,dow,11,56.45,52.6,59.05,4,Developing,-16.55,-29.3
2026-10-03,05:55:00,1696,51.2,Y,2026-10-03T05:30:00+08:00,17.409063694985132,3,1.0,dow,11,46.58,45.6,47.51,4,Developing,4.62,9.9
2026-10-03,05:55:00,2104,62.1,Y,2026-10-03T05:30:00+08:00,17.284034894662113,3,1.0,dow,11,67.97,67.7,68.44,4,Developing,-5.87,-8.6
2026-10-03,05:55:00,2148,51.2,Y,2026-10-03T05:30:00+08:00,17.416019459634747,3,1.0,dow,11,46.58,45.6,47.51,4,Developing,4.62,9.9
2026-10-03,05:55:00,260055,49.4,Y,2026-10-03T05:30:00+08:00,17.496423017586487,3,1.0,dow,11,54.55,54.0,55.25,4,Developing,-5.15,-9.4
2026-10-03,05:55:00,260056,39.9,Y,2026-10-03T05:30:00+08:00,17.420848177505594,3,1.0,dow,11,56.45,52.6,59.05,4,Developing,-16.55,-29.3
2026-10-03,05:55:00,261668,49.8,Y,2026-10-03T05:30:00+08:00,17.51371165557273,3,1.0,dow,11,54.88,54.25,55.74,4,Developing,-5.08,-9.3
2026-10-03,05:55:00,263343,49.8,Y,2026-10-03T05:30:00+08:00,17.538006463346505,3,1.0,dow,11,54.88,54.25,55.74,4,Developing,-5.08,-9.3
2026-10-03,05:55:00,3098,58.7,Y,2026-10-03T05:30:00+08:00,17.36119598962073,3,1.0,dow,11,56.8,56.5,58.2,4,Developing,1.9,3.3
2026-10-03,05:55:00,4589,49.8,Y,2026-10-03T05:30:00+08:00,17.546430867148384,3,1.0,dow,11,54.88,54.25,55.74,4,Developing,-5.08,-9.3
2026-10-03,05:55:00,485,62.1,Y,2026-10-03T05:30:00+08:00,17.377571875947837,3,1.0,dow,11,67.97,67.7,68.44,4,Developing,-5.87,-8.6
2026-10-03,05:55:00,5417,49.8,Y,2026-10-03T05:30:00+08:00,17.499652093585688,3,1.0000000000000009,dow,11,54.88,54.25,55.74,4,Developing,-5.08,-9.3
2026-10-03,05:55:00,5419,49.8,Y,2026-10-03T05:30:00+08:00,17.525340337102605,3,1.0,dow,11,54.88,54.25,55.74,4,Developing,-5.08,-9.3
2026-10-03,05:55:00,71,39.9,Y,2026-10-03T05:30:00+08:00,17.426066942200297,3,0.999999999999999,dow,11,56.45,52.6,59.05,4,Developing,-16.55,-29.3
2026-10-03,05:55:00,800,58.7,Y,2026-10-03T05:30:00+08:00,17.35510005041801,3,1.0,dow,11,56.8,56.5,58.2,4,Developing,1.9,3.3
2026-10-03,05:55:00,60834,48.9,Y,2026-10-03T05:30:00+08:00,1.9785388370137629,3,1.0,dow,11,41.5,39.1,43.52,4,Developing,7.4,17.8
2026-10-03,05:55:00,1056,52.0,Y,2026-10-03T05:30:00+08:00,16.72038388702263,3,1.0,dow,11,53.55,46.27,58.02,4,Developing,-1.55,-2.9
2026-10-03,05:55:00,1299,62.1,Y,2026-10-03T05:30:00+08:00,16.701891734164555,3,0.999999999999999,dow,11,67.97,67.7,68.44,4,Developing,-5.87,-8.6
2026-10-03,05:55:00,1385,62.1,Y,2026-10-03T05:30:00+08:00,16.9298020559768,3,1.0,dow,11,67.97,67.7,68.44,4,Developing,-5.87,-8.6
2026-10-03,05:55:00,163781,47.7,Y,2026-10-03T05:30:00+08:00,16.689604134718085,3,1.0000000000000009,dow,11,47.55,46.4,48.9,4,Developing,0.15,0.3
2026-10-03,05:55:00,1642,62.1,Y,2026-10-03T05:30:00+08:00,16.69479187245873,3,1.0,dow,11,67.97,67.7,68.44,4,Developing,-5.87,-8.6
2026-10-03,05:55:00,1885,55.3,Y,2026-10-03T05:30:00+08:00,16.756737951133548,3,1.0,dow,11,56.88,56.23,57.23,4,Developing,-1.58,-2.8
2026-10-03,05:55:00,2807,51.2,Y,2026-10-03T05:30:00+08:00,16.95050921117135,3,1.0,dow,11,46.58,45.6,47.51,4,Developing,4.62,9.9
2026-10-03,05:55:00,3088,54.8,Y,2026-10-03T05:30:00+08:00,16.94708951992876,3,1.0000000000000009,dow,11,51.6,49.83,55.58,4,Developing,3.2,6.2
2026-10-03,05:55:00,4169,63.8,Y,2026-10-03T05:30:00+08:00,16.820448573974357,3,1.0,dow,11,66.4,64.41,68.65,4,Developing,-2.6,-3.9
2026-10-03,05:55:00,4737,68.8,Y,2026-10-03T05:30:00+08:00,16.52660442186955,3,0.9999999999999999,dow,11,70.57,69.69,71.97,4,Developing,-1.77,-2.5
2026-10-03,05:55:00,5117,51.2,Y,2026-10-03T05:30:00+08:00,16.47482721441855,3,0.999999999999999,dow,11,46.58,45.6,47.51,4,Developing,4.62,9.9
2026-10-03,05:55:00,5138,46.7,Y,2026-10-03T05:30:00+08:00,17.099589289841493,3,0.9999999999999989,dow,11,51.3,50.55,52.11,4,Developing,-4.6,-9.0
2026-10-03,05:55:00,5377,51.2,Y,2026-10-03T05:30:00+08:00,16.49778846497839,3,1.0,dow,11,46.58,45.6,47.51,4,Developing,4.62,9.9
2026-10-03,05:55:00,5647,55.3,Y,2026-10-03T05:30:00+08:00,16.705144164976605,3,0.9999999999999999,dow,11,56.88,56.23,57.23,4,Developing,-1.58,-2.8
2026-10-03,05:55:00,63722,52.0,Y,2026-10-03T05:30:00+08:00,16.75443437566522,3,1.0,dow,11,53.55,46.27,58.02,4,Developing,-1.55,-2.9
2026-10-03,05:55:00,63804,62.1,Y,2026-10-03T05:30:00+08:00,16.886142997402445,3,1.0,dow,11,67.97,67.7,68.44,4,Developing,-5.87,-8.6
2026-10-03,05:55:00,63805,62.1,Y,2026-10-03T05:30:00+08:00,16.844287347067787,3,1.0,dow,11,67.97,67.7,68.44,4,Developing,-5.87,-8.6
2026-10-03,05:55:00,65371,64.5,Y,2026-10-03T05:30:00+08:00,16.95203096435448,3,1.0,dow,11,56.7,55.41,59.81,4,Developing,7.8,13.8
2026-10-03,05:55:00,65373,56.7,Y,2026-10-03T05:30:00+08:00,16.963954187731037,3,0.999999999999999,dow,11,52.35,50.16,56.27,4,Developing,4.35,8.3
2026-10-03,05:55:00,101002,50.3,Y,2026-10-03T05:30:00+08:00,17.568195076586843,3,1.0,dow,11,49.8,48.6,51.05,4,Developing,0.5,1.0
2026-10-03,05:55:00,101003,25.4,Y,2026-10-03T05:30:00+08:00,17.580698929008484,3,1.0,dow,11,22.65,21.23,23.59,4,Developing,2.75,12.1
2026-10-03,05:55:00,101005,25.4,Y,2026-10-03T05:30:00+08:00,17.566039141545833,3,1.0,dow,11,22.65,21.23,23.59,4,Developing,2.75,12.1
2026-10-03,05:55:00,101006,25.4,Y,2026-10-03T05:30:00+08:00,17.551402280612457,3,1.0,dow,11,22.65,21.23,23.59,4,Developing,2.75,12.1
2026-10-03,05:55:00,101008,25.4,Y,2026-10-03T05:30:00+08:00,17.538577117184087,3,1.0,dow,11,22.65,21.23,23.59,4,Developing,2.75,12.1
2026-10-03,05:55:00,101009,17.7,Y,2026-10-03T05:30:00+08:00,17.549638046998865,3,1.0,dow,11,15.5,12.05,18.82,4,Developing,2.2,14.2
2026-10-03,05:55:00,101848,40.9,Y,2026-10-03T05:30:00+08:00,17.05328961334262,3,0.9999999999999996,dow,11,41.3,40.33,42.68,4,Developing,-0.4,-1.0
2026-10-03,05:55:00,101874,25.4,Y,2026-10-03T05:30:00+08:00,17.57871795624188,3,1.0,dow,11,22.65,21.23,23.59,4,Developing,2.75,12.1
2026-10-03,05:55:00,101875,21.6,Y,2026-10-03T05:30:00+08:00,17.53537012545131,3,1.0,dow,11,19.2,16.55,22.1,4,Developing,2.4,12.5
2026-10-03,05:55:00,103094,50,N,2026-10-03T05:30:00+08:00,20.880790413472912,3,0.9999999999999999,,,,,,,,,
2026-10-03,05:55:00,103095,50.0,Y,2026-10-03T05:30:00+08:00,20.84856208942462,3,0.9999999999999989,dow,11,50.0,50.0,50.0,4,Developing,0.0,0.0
2026-10-03,05:55:00,103097,50,N,2026-10-03T05:30:00+08:00,20.521028062933475,3,1.0,,,,,,,,,
2026-10-03,05:55:00,103149,50,N,2026-10-03T05:30:00+08:00,20.41200123087442,3,0.999999999999999,,,,,,,,,
2026-10-03,05:55:00,103183,50.0,Y,2026-10-03T05:30:00+08:00,20.435151450758298,3,1.0,dow,11,50.0,50.0,50.0,4,Developing,0.0,0.0
2026-10-03,05:55:00,103184,50.0,Y,2026-10-03T05:30:00+08:00,20.48809527933612,3,1.0,dow,11,50.0,50.0,50.0,4,Developing,0.0,0.0
2026-10-03,05:55:00,104779,23.9,Y,2026-10-03T05:30:00+08:00,22.757790218354423,3,1.0,dow,11,21.23,17.85,28.74,4,Developing,2.67,12.6
2026-10-03,05:55:00,104803,15.6,Y,2026-10-03T05:30:00+08:00,22.592379709346577,3,1.0,dow,11,19.48,13.11,23.9,4,Developing,-3.88,-19.9
2026-10-03,05:55:00,104813,15.6,Y,2026-10-03T05:30:00+08:00,22.836109839761928,3,1.0000000000000007,dow,11,19.48,13.11,23.9,4,Developing,-3.88,-19.9
2026-10-03,05:55:00,104815,18.6,Y,2026-10-03T05:30:00+08:00,23.305027858195857,3,1.0000000000000004,dow,11,21.23,17.85,28.74,4,Developing,-2.63,-12.4
2026-10-03,05:55:00,104820,15.6,Y,2026-10-03T05:30:00+08:00,23.143931414989414,3,0.9999999999999999,dow,11,21.23,17.85,28.74,4,Developing,-5.63,-26.5
2026-10-03,05:55:00,104827,15.6,Y,2026-10-03T05:30:00+08:00,23.198654480526137,3,0.9999999999999999,dow,11,11.12,10.11,12.16,4,Developing,4.48,40.3
2026-10-03,05:55:00,104828,15.6,Y,2026-10-03T05:30:00+08:00,23.238868276996605,3,1.0000000000000002,dow,11,18.33,13.11,21.6,4,Developing,-2.73,-14.9
2026-10-03,05:55:00,104839,15.6,Y,2026-10-03T05:30:00+08:00,22.505449563114173,3,0.9999999999999991,dow,11,21.23,17.85,28.74,4,Developing,-5.63,-26.5
2026-10-03,05:55:00,104840,15.6,Y,2026-10-03T05:30:00+08:00,22.4880209683699,3,1.000000000000001,dow,11,21.23,17.85,28.74,4,Developing,-5.63,-26.5
2026-10-03,05:55:00,104849,15.6,Y,2026-10-03T05:30:00+08:00,23.05340204527103,3,0.9999999999999994,dow,11,11.12,10.11,12.16,4,Developing,4.48,40.3
2026-10-03,05:55:00,104851,10.9,Y,2026-10-03T05:30:00+08:00,22.976861319333196,3,0.9999999999999999,dow,11,21.23,17.85,28.74,4,Developing,-10.33,-48.7
2026-10-03,05:55:00,104856,10.9,Y,2026-10-03T05:30:00+08:00,23.07213106527053,3,1.0,dow,11,21.23,17.85,28.74,4,Developing,-10.33,-48.7
2026-10-03,05:55:00,104862,15.6,Y,2026-10-03T05:30:00+08:00,22.93751300931555,3,0.9999999999999992,dow,11,11.12,10.11,12.16,4,Developing,4.48,40.3
2026-10-03,05:55:00,104863,15.6,Y,2026-10-03T05:30:00+08:00,23.125483107850616,3,1.0000000000000004,dow,11,21.23,17.85,28.74,4,Developing,-5.63,-26.5
2026-10-03,05:55:00,104885,27.8,Y,2026-10-03T05:30:00+08:00,22.24238142663706,3,1.0,dow,11,36.52,31.75,39.01,4,Developing,-8.72,-23.9
2026-10-03,05:55:00,104887,18.0,Y,2026-10-03T05:30:00+08:00,22.193133687323865,3,1.0,dow,11,24.05,18.77,32.85,4,Developing,-6.05,-25.2
2026-10-03,05:55:00,104968,15.6,Y,2026-10-03T05:30:00+08:00,22.456088790463163,3,1.0,dow,11,19.48,13.11,23.9,4,Developing,-3.88,-19.9
2026-10-03,05:55:00,105195,28.0,Y,2026-10-03T05:30:00+08:00,22.39276740506489,3,0.999999999999999,dow,11,28.8,27.73,30.1,4,Developing,-0.8,-2.8
2026-10-03,05:55:00,105203,15.6,Y,2026-10-03T05:30:00+08:00,22.392674976963402,3,0.999999999999999,dow,11,19.48,13.11,23.9,4,Developing,-3.88,-19.9
2026-10-03,05:55:00,105554,15.6,Y,2026-10-03T05:30:00+08:00,23.608881168360437,3,0.9999999999999996,dow,11,11.12,10.11,12.16,4,Developing,4.48,40.3
2026-10-03,05:55:00,105555,15.6,Y,2026-10-03T05:30:00+08:00,23.579876479339603,3,0.9999999999999993,dow,11,11.12,10.11,12.16,4,Developing,4.48,40.3
2026-10-03,05:55:00,105556,10.9,Y,2026-10-03T05:30:00+08:00,23.552772643335988,3,1.0000000000000004,dow,11,21.23,17.85,28.74,4,Developing,-10.33,-48.7
2026-10-03,05:55:00,105557,10.9,Y,2026-10-03T05:30:00+08:00,22.91348361973671,3,1.0000000000000002,dow,11,21.23,17.85,28.74,4,Developing,-10.33,-48.7
2026-10-03,05:55:00,105581,10.9,Y,2026-10-03T05:30:00+08:00,23.607045341110354,3,0.9999999999999998,dow,11,21.23,17.85,28.74,4,Developing,-10.33,-48.7
2026-10-03,05:55:00,105582,15.6,Y,2026-10-03T05:30:00+08:00,22.87728304801344,3,1.0,dow,11,21.23,17.85,28.74,4,Developing,-5.63,-26.5
2026-10-03,05:55:00,105583,15.6,Y,2026-10-03T05:30:00+08:00,22.885964872959118,3,1.0000000000000004,dow,11,21.23,17.85,28.74,4,Developing,-5.63,-26.5
2026-10-03,05:55:00,105584,15.6,Y,2026-10-03T05:30:00+08:00,23.59189085402847,3,0.9999999999999997,dow,11,21.23,17.85,28.74,4,Developing,-5.63,-26.5
2026-10-03,05:55:00,105585,15.6,Y,2026-10-03T05:30:00+08:00,23.59383793008545,3,0.9999999999999999,dow,11,21.23,17.85,28.74,4,Developing,-5.63,-26.5
2026-10-03,05:55:00,106889,15.6,Y,2026-10-03T05:30:00+08:00,23.510343892310825,3,1.0,dow,11,11.12,10.11,12.16,4,Developing,4.48,40.3
2026-10-03,05:55:00,106893,50,N,2026-10-03T05:30:00+08:00,23.497803190969268,3,0.9999999999999991,dow,11,36.85,28.76,43.5,4,Developing,,
2026-10-03,05:55:00,106907,10.9,Y,2026-10-03T05:30:00+08:00,23.50804926130263,3,1.0000000000000004,dow,11,21.23,17.85,28.74,4,Developing,-10.33,-48.7
2026-10-03,05:55:00,106909,15.6,Y,2026-10-03T05:30:00+08:00,23.540843938687335,3,1.0000000000000004,dow,11,11.12,10.11,12.16,4,Developing,4.48,40.3
2026-10-03,05:55:00,107240,18.0,Y,2026-10-03T05:30:00+08:00,22.08787526754336,3,0.999999999999999,dow,11,24.05,18.77,32.85,4,Developing,-6.05,-25.2
2026-10-03,05:55:00,107284,27.8,Y,2026-10-03T05:30:00+08:00,22.117925257783256,3,1.0,dow,11,36.52,31.75,39.01,4,Developing,-8.72,-23.9
2026-10-03,05:55:00,107286,30.4,Y,2026-10-03T05:30:00+08:00,21.530910460591215,3,1.0,dow,11,28.0,26.6,29.75,4,Developing,2.4,8.6
2026-10-03,05:55:00,107287,28.8,Y,2026-10-03T05:30:00+08:00,21.690826727474704,3,1.0,dow,11,34.7,31.27,35.85,4,Developing,-5.9,-17.0
2026-10-03,05:55:00,107289,18.9,Y,2026-10-03T05:30:00+08:00,21.72422319931404,3,1.0,dow,11,25.4,20.05,32.96,4,Developing,-6.5,-25.6
2026-10-03,05:55:00,107306,27.8,Y,2026-10-03T05:30:00+08:00,22.037940589862263,3,0.999999999999999,dow,11,31.65,26.12,38.46,4,Developing,-3.85,-12.2
2026-10-03,05:55:00,107307,27.8,Y,2026-10-03T05:30:00+08:00,22.048220443845352,3,1.0,dow,11,31.65,26.12,38.46,4,Developing,-3.85,-12.2
2026-10-03,05:55:00,107886,22.3,Y,2026-10-03T05:30:00+08:00,21.590431108618056,3,0.999999999999999,dow,11,26.05,25.27,30.32,4,Developing,-3.75,-14.4
2026-10-03,05:55:00,108031,22.3,Y,2026-10-03T05:30:00+08:00,21.539655297941604,3,1.0,dow,11,26.05,25.27,30.32,4,Developing,-3.75,-14.4
2026-10-03,05:55:00,108084,49.0,Y,2026-10-03T05:30:00+08:00,21.341170268065788,3,1.0,dow,11,49.0,49.0,49.0,4,Developing,0.0,0.0
2026-10-03,05:55:00,108085,49.0,Y,2026-10-03T05:30:00+08:00,21.385221374317453,3,1.0,dow,11,49.0,49.0,49.0,4,Developing,0.0,0.0
2026-10-03,05:55:00,108090,49.0,Y,2026-10-03T05:30:00+08:00,21.360378663765502,3,1.0,dow,11,49.0,49.0,49.0,4,Developing,0.0,0.0
2026-10-03,05:55:00,108091,9.4,Y,2026-10-03T05:30:00+08:00,21.343073586643797,3,1.0,dow,11,31.85,25.27,38.85,4,Developing,-22.45,-70.5
2026-10-03,05:55:00,111916,9.4,Y,2026-10-03T05:30:00+08:00,22.783614453931868,3,1.0,dow,11,31.85,25.27,38.85,4,Developing,-22.45,-70.5
2026-10-03,05:55:00,111917,9.4,Y,2026-10-03T05:30:00+08:00,22.809778411931312,3,1.0,dow,11,31.85,25.27,38.85,4,Developing,-22.45,-70.5
2026-10-03,05:55:00,163825,17.5,Y,2026-10-03T05:30:00+08:00,23.506582079181644,3,0.9999999999999998,dow,11,20.95,17.23,24.38,4,Developing,-3.45,-16.5
2026-10-03,05:55:00,260925,69.4,Y,2026-10-03T05:30:00+08:00,19.831517935155173,3,1.0,dow,11,65.75,65.1,66.56,4,Developing,3.65,5.6
2026-10-03,05:55:00,272731,18.0,Y,2026-10-03T05:30:00+08:00,21.92968189004781,3,1.0,dow,11,24.05,18.77,32.85,4,Developing,-6.05,-25.2
2026-10-03,05:55:00,272732,27.8,Y,2026-10-03T05:30:00+08:00,21.920338817625822,3,1.0,dow,11,36.52,31.75,39.01,4,Developing,-8.72,-23.9
2026-10-03,05:55:00,272763,15.6,Y,2026-10-03T05:30:00+08:00,23.051855316570823,3,1.0000000000000004,dow,11,19.48,13.11,23.9,4,Developing,-3.88,-19.9
2026-10-03,05:55:00,272764,23.9,Y,2026-10-03T05:30:00+08:00,23.082322966445766,3,0.9999999999999998,dow,11,21.23,17.85,28.74,4,Developing,2.67,12.6
2026-10-03,05:55:00,272883,15.6,Y,2026-10-03T05:30:00+08:00,23.132446915931574,3,1.0,dow,11,19.48,13.11,23.9,4,Developing,-3.88,-19.9
2026-10-03,05:55:00,273324,18.0,Y,2026-10-03T05:30:00+08:00,22.30499014931437,3,1.0,dow,11,24.05,18.77,32.85,4,Developing,-6.05,-25.2
2026-10-03,05:55:00,283726,50,N,2026-10-03T05:30:00+08:00,23.165370488167994,3,1.0000000000000002,dow,11,21.23,17.85,28.74,4,Developing,,
2026-10-03,05:55:00,105600,56.5,Y,2026-10-03T05:30:00+08:00,20.63445481736685,3,1.0,dow,11,54.38,52.79,56.2,4,Developing,2.12,3.9
2026-10-03,05:55:00,105644,66.7,Y,2026-10-03T05:30:00+08:00,20.951365044846074,3,1.0,dow,11,71.33,70.72,72.54,4,Developing,-4.63,-6.5
2026-10-03,05:55:00,105965,66.7,Y,2026-10-03T05:30:00+08:00,20.681375214914432,3,0.9999999999999999,dow,11,71.33,70.72,72.54,4,Developing,-4.63,-6.5
2026-10-03,05:55:00,105967,49.0,Y,2026-10-03T05:30:00+08:00,20.762938326050843,3,1.0,dow,11,49.0,49.0,49.0,4,Developing,0.0,0.0
2026-10-03,05:55:00,106502,93.8,Y,2026-10-03T05:30:00+08:00,20.367739513518664,3,1.0,dow,11,93.7,93.21,94.47,4,Developing,0.1,0.1
2026-10-03,05:55:00,106915,93.8,Y,2026-10-03T05:30:00+08:00,20.239736846465377,3,1.0,dow,11,93.7,93.21,94.47,4,Developing,0.1,0.1
2026-10-03,05:55:00,94345,57.0,Y,2026-10-03T05:30:00+08:00,0.0,3,0.9999999999999997,dow,11,59.75,59.36,60.42,4,Developing,-2.75,-4.6
2026-10-03,05:55:00,95331,59.2,Y,2026-10-03T05:30:00+08:00,0.0,3,1.0,dow,11,61.95,61.9,62.2,4,Developing,-2.75,-4.4
2026-10-03,05:55:00,95334,56.2,Y,2026-10-03T05:30:00+08:00,0.0,3,1.0,dow,11,63.65,62.9,64.06,4,Developing,-7.45,-11.7
2026-10-03,05:55:00,95335,57.1,Y,2026-10-03T05:30:00+08:00,0.0,3,0.9999999999999998,dow,11,57.8,56.45,59.31,4,Developing,-0.7,-1.2
2026-10-03,05:55:00,96649,56.2,Y,2026-10-03T05:30:00+08:00,0.0,3,1.0000000000000002,dow,11,63.65,62.9,64.06,4,Developing,-7.45,-11.7
2026-10-03,05:55:00,96650,53.0,Y,2026-10-03T05:30:00+08:00,0.0,3,1.0000000000000002,dow,11,60.12,59.71,60.4,4,Developing,-7.12,-11.8
2026-10-03,05:55:00,96651,53.9,Y,2026-10-03T05:30:00+08:00,0.0,3,1.0,dow,11,57.4,56.12,58.6,4,Developing,-3.5,-6.1
2026-10-03,05:55:00,96652,59.6,Y,2026-10-03T05:30:00+08:00,0.0,3,0.9999999999999996,dow,11,61.88,61.41,62.55,4,Developing,-2.28,-3.7
2026-10-03,05:55:00,96653,58.8,Y,2026-10-03T05:30:00+08:00,0.0,3,1.0000000000000002,dow,11,62.12,61.48,62.36,4,Developing,-3.32,-5.3
2026-10-03,05:55:00,97103,56.4,Y,2026-10-03T05:30:00+08:00,0.0,3,0.9999999999999999,dow,11,60.1,59.56,60.92,4,Developing,-3.7,-6.2
2026-10-03,05:55:00,97104,68.3,Y,2026-10-03T05:30:00+08:00,0.0,3,1.0000000000000009,dow,11,65.6,64.72,66.43,4,Developing,2.7,4.1
2026-10-03,05:55:00,97105,58.0,Y,2026-10-03T05:30:00+08:00,0.0,3,1.0000000000000002,dow,11,61.88,61.02,62.46,4,Developing,-3.88,-6.3
2026-10-03,05:55:00,97107,57.0,Y,2026-10-03T05:30:00+08:00,0.0,3,1.0000000000000002,dow,11,61.3,60.52,62.11,4,Developing,-4.3,-7.0
2026-10-03,05:55:00,97108,51.9,Y,2026-10-03T05:30:00+08:00,0.0,3,1.0000000000000002,dow,11,57.25,55.65,58.9,4,Developing,-5.35,-9.3
2026-10-03,05:55:00,1014,48.1,Y,2026-10-03T05:30:00+08:00,19.073654314286355,3,1.0,dow,11,16.9,16.9,23.7,4,Developing,31.2,184.6
2026-10-03,05:55:00,1591,51.1,Y,2026-10-03T05:30:00+08:00,18.778846276509416,3,0.9999999999999998,dow,11,45.15,44.4,47.51,4,Developing,5.95,13.2
2026-10-03,05:55:00,1848,48.7,Y,2026-10-03T05:30:00+08:00,18.897630701184077,3,0.9999999999999999,dow,11,23.9,21.32,30.07,4,Developing,24.8,103.8
2026-10-03,05:55:00,2076,58.2,Y,2026-10-03T05:30:00+08:00,18.66123447377956,3,1.0,day_type,11,54.5,53.35,55.65,2,Provisional,3.7,6.8
2026-10-03,05:55:00,2270,52.4,Y,2026-10-03T05:30:00+08:00,18.7568800564515,3,0.9999999999999998,dow,11,40.5,37.7,43.73,4,Developing,11.9,29.4
2026-10-03,05:55:00,260388,40.5,Y,2026-10-03T05:30:00+08:00,19.62416786680433,3,1.0000000000000009,dow,11,28.98,26.55,33.54,4,Developing,11.52,39.8
2026-10-03,05:55:00,260618,40.5,Y,2026-10-03T05:30:00+08:00,19.12838572938175,3,0.9999999999999997,dow,11,28.98,26.55,33.54,4,Developing,11.52,39.8
2026-10-03,05:55:00,260639,47.5,Y,2026-10-03T05:30:00+08:00,19.546449137412555,3,1.0,dow,11,9.45,9.23,18.82,4,Developing,38.05,402.6
2026-10-03,05:55:00,260641,47.5,Y,2026-10-03T05:30:00+08:00,19.670837916256453,3,1.0,dow,11,9.45,9.23,18.82,4,Developing,38.05,402.6
2026-10-03,05:55:00,260642,46.8,Y,2026-10-03T05:30:00+08:00,19.69530797749198,3,1.0,dow,11,9.45,9.23,19.42,4,Developing,37.35,395.2
2026-10-03,05:55:00,260643,47.5,Y,2026-10-03T05:30:00+08:00,19.735613567794964,3,1.0000000000000009,dow,11,9.45,9.23,18.82,4,Developing,38.05,402.6
2026-10-03,05:55:00,264263,47.5,Y,2026-10-03T05:30:00+08:00,19.398438133153263,3,1.0000000000000009,dow,11,9.45,9.23,18.82,4,Developing,38.05,402.6
2026-10-03,05:55:00,2650,61.8,Y,2026-10-03T05:30:00+08:00,18.612557973434743,3,1.0000000000000002,dow,11,56.45,55.1,57.44,4,Developing,5.35,9.5
2026-10-03,05:55:00,269486,40.5,Y,2026-10-03T05:30:00+08:00,19.918903422886363,3,1.0,dow,11,28.98,26.55,33.54,4,Developing,11.52,39.8
2026-10-03,05:55:00,275965,40.5,Y,2026-10-03T05:30:00+08:00,20.273085836827452,3,1.0,day_type,11,42.85,41.62,44.07,2,Provisional,-2.35,-5.5
2026-10-03,05:55:00,275973,46.8,Y,2026-10-03T05:30:00+08:00,20.271114157348652,3,1.000000000000001,day_type,11,47.75,47.17,48.33,2,Provisional,-0.95,-2.0
2026-10-03,05:55:00,276704,61.8,Y,2026-10-03T05:30:00+08:00,18.633898813534817,3,1.0000000000000004,dow,11,56.45,55.1,57.44,4,Developing,5.35,9.5
2026-10-03,05:55:00,276705,72.3,Y,2026-10-03T05:30:00+08:00,18.800286386022886,3,1.0,dow,11,76.65,74.35,77.91,4,Developing,-4.35,-5.7
2026-10-03,05:55:00,3575,60.0,Y,2026-10-03T05:30:00+08:00,18.599373222816485,3,1.0,dow,11,56.45,54.97,57.44,4,Developing,3.55,6.3
2026-10-03,05:55:00,3873,40.5,Y,2026-10-03T05:30:00+08:00,18.951447551068235,3,1.0000000000000007,dow,11,28.98,26.55,33.54,4,Developing,11.52,39.8
2026-10-03,05:55:00,4368,72.3,Y,2026-10-03T05:30:00+08:00,18.680507406905818,3,1.0000000000000004,dow,11,76.65,74.35,77.91,4,Developing,-4.35,-5.7
2026-10-03,05:55:00,4678,46.8,Y,2026-10-03T05:30:00+08:00,19.488730114390147,3,1.0,dow,11,9.45,9.23,19.42,4,Developing,37.35,395.2
2026-10-03,05:55:00,4679,40.5,Y,2026-10-03T05:30:00+08:00,19.79564994474513,3,1.0,dow,11,28.98,26.55,33.54,4,Developing,11.52,39.8
2026-10-03,05:55:00,4681,40.5,Y,2026-10-03T05:30:00+08:00,20.09642313798463,3,1.0,dow,11,28.98,26.55,33.54,4,Developing,11.52,39.8
2026-10-03,05:55:00,4684,40.5,Y,2026-10-03T05:30:00+08:00,19.387971802399754,3,1.0,dow,11,28.98,26.55,33.54,4,Developing,11.52,39.8
2026-10-03,05:55:00,4689,46.8,Y,2026-10-03T05:30:00+08:00,19.99230097052693,3,0.9999999999999999,dow,11,9.45,9.23,19.42,4,Developing,37.35,395.2
2026-10-03,05:55:00,4690,40.5,Y,2026-10-03T05:30:00+08:00,19.70014752847907,3,1.0,dow,11,28.98,26.55,33.54,4,Developing,11.52,39.8
2026-10-03,05:55:00,63962,55.2,Y,2026-10-03T05:30:00+08:00,18.785544500097245,3,1.0000000000000004,dow,11,45.65,43.62,48.77,4,Developing,9.55,20.9
2026-10-03,05:55:00,63963,40.5,Y,2026-10-03T05:30:00+08:00,19.0361780011137,3,0.9999999999999999,dow,11,28.98,26.55,33.54,4,Developing,11.52,39.8
2026-10-03,05:55:00,1062,62.9,Y,2026-10-03T05:30:00+08:00,18.09369770534783,3,1.0,dow,11,67.93,66.76,70.93,4,Developing,-5.03,-7.4
2026-10-03,05:55:00,5124,49.8,Y,2026-10-03T05:30:00+08:00,17.976265922764508,3,1.0,dow,11,45.05,38.6,52.34,4,Developing,4.75,10.5
2026-10-03,05:55:00,5216,49.8,Y,2026-10-03T05:30:00+08:00,18.048221914383568,3,1.0,dow,11,45.05,38.6,52.34,4,Developing,4.75,10.5
2026-10-03,05:55:00,5368,43.2,Y,2026-10-03T05:30:00+08:00,19.71937585791707,3,1.0,dow,11,43.8,42.65,52.38,3,Provisional,-0.6,-1.4
2026-10-03,05:55:00,1064,41.6,Y,2026-10-03T05:30:00+08:00,18.39444230127433,3,1.0,dow,11,47.6,46.85,47.95,4,Developing,-6.0,-12.6
2026-10-03,05:55:00,1618,37.2,Y,2026-10-03T05:30:00+08:00,17.243914877496614,3,1.0,dow,11,43.38,42.84,43.86,4,Developing,-6.18,-14.2
2026-10-03,05:55:00,1984,45.7,Y,2026-10-03T05:30:00+08:00,18.122687044271373,3,1.0,dow,11,46.47,46.14,48.62,4,Developing,-0.77,-1.7
2026-10-03,05:55:00,2200,44.0,Y,2026-10-03T05:30:00+08:00,17.618069145368437,3,1.0,dow,11,50.92,49.95,51.59,4,Developing,-6.92,-13.6
2026-10-03,05:55:00,2392,49.8,Y,2026-10-03T05:30:00+08:00,18.143370853404186,3,1.0,dow,11,46.4,45.35,47.52,4,Developing,3.4,7.3
2026-10-03,05:55:00,2590,61.5,Y,2026-10-03T05:30:00+08:00,16.950298143269496,3,0.999999999999999,dow,11,36.48,29.46,39.25,4,Developing,25.02,68.6
2026-10-03,05:55:00,2670,45.7,Y,2026-10-03T05:30:00+08:00,18.165386238552042,3,1.0000000000000009,dow,11,46.47,46.14,48.62,4,Developing,-0.77,-1.7
2026-10-03,05:55:00,2713,45.1,Y,2026-10-03T05:30:00+08:00,18.127626723455787,3,1.0000000000000009,dow,11,50.4,49.54,51.3,4,Developing,-5.3,-10.5
2026-10-03,05:55:00,272523,37.2,Y,2026-10-03T05:30:00+08:00,17.27570159423845,3,1.0,dow,11,43.38,42.84,43.86,4,Developing,-6.18,-14.2
2026-10-03,05:55:00,275803,48.3,Y,2026-10-03T05:30:00+08:00,18.062145378518792,3,1.0,dow,11,50.5,50.08,51.15,4,Developing,-2.2,-4.4
2026-10-03,05:55:00,275804,51.4,Y,2026-10-03T05:30:00+08:00,18.024018875398145,3,0.999999999999999,dow,11,50.38,49.92,51.74,4,Developing,1.02,2.0
2026-10-03,05:55:00,275805,51.0,Y,2026-10-03T05:30:00+08:00,17.61465107299093,3,1.0,dow,11,50.7,50.46,51.92,4,Developing,0.3,0.6
2026-10-03,05:55:00,275808,49.1,Y,2026-10-03T05:30:00+08:00,17.193215669823537,3,1.0,dow,11,53.3,51.76,54.8,4,Developing,-4.2,-7.9
2026-10-03,05:55:00,276064,49.1,Y,2026-10-03T05:30:00+08:00,17.246209786596438,3,1.0,dow,11,53.3,51.76,54.8,4,Developing,-4.2,-7.9
2026-10-03,05:55:00,3546,45.7,Y,2026-10-03T05:30:00+08:00,18.369639310017586,3,0.9999999999999999,dow,11,46.47,46.14,48.62,4,Developing,-0.77,-1.7
2026-10-03,05:55:00,397,45.3,Y,2026-10-03T05:30:00+08:00,18.513280292988426,3,1.0,dow,11,47.0,46.62,48.49,4,Developing,-1.7,-3.6
2026-10-03,05:55:00,4696,35.9,Y,2026-10-03T05:30:00+08:00,17.121478590924482,3,0.9999999999999999,dow,11,41.02,40.24,41.28,4,Developing,-5.12,-12.5
2026-10-03,05:55:00,475,51.4,Y,2026-10-03T05:30:00+08:00,18.12476782257209,3,1.0,dow,11,50.38,49.92,51.74,4,Developing,1.02,2.0
2026-10-03,05:55:00,4770,51.4,Y,2026-10-03T05:30:00+08:00,18.10711495754633,3,1.0,dow,11,50.38,49.92,51.74,4,Developing,1.02,2.0
2026-10-03,05:55:00,4776,45.4,Y,2026-10-03T05:30:00+08:00,18.011740311028724,3,1.0,dow,11,52.45,51.06,53.35,4,Developing,-7.05,-13.4
2026-10-03,05:55:00,4838,61.5,Y,2026-10-03T05:30:00+08:00,16.984634126937763,3,1.0,dow,11,36.48,29.46,39.25,4,Developing,25.02,68.6
2026-10-03,05:55:00,5528,37.2,Y,2026-10-03T05:30:00+08:00,17.194095351125544,3,1.0,dow,11,43.38,42.84,43.86,4,Developing,-6.18,-14.2
2026-10-03,05:55:00,5565,41.6,Y,2026-10-03T05:30:00+08:00,17.10688817043706,3,1.0,dow,11,47.27,45.75,49.31,4,Developing,-5.67,-12.0
2026-10-03,05:55:00,5643,61.5,Y,2026-10-03T05:30:00+08:00,17.054503725837005,3,1.0,dow,11,36.48,29.46,38.66,4,Developing,25.02,68.6
2026-10-03,05:55:00,5654,61.5,Y,2026-10-03T05:30:00+08:00,17.027112320254624,3,1.0,dow,11,36.48,29.46,39.25,4,Developing,25.02,68.6
2026-10-03,05:55:00,642,56.9,Y,2026-10-03T05:30:00+08:00,17.00988265779291,3,1.0,dow,11,37.15,32.75,38.49,4,Developing,19.75,53.2
2026-10-03,05:55:00,678,51.3,Y,2026-10-03T05:30:00+08:00,17.00415777338805,3,1.0,dow,11,39.5,33.5,41.04,4,Developing,11.8,29.9
2026-10-03,05:55:00,2234,43.2,Y,2026-10-03T05:30:00+08:00,18.095042843177726,3,1.0,dow,11,43.8,42.65,52.38,3,Provisional,-0.6,-1.4
2026-10-03,05:55:00,2589,43.2,Y,2026-10-03T05:30:00+08:00,17.90518054215179,3,0.999999999999999,dow,11,43.8,42.65,52.38,3,Provisional,-0.6,-1.4
2026-10-03,05:55:00,3447,43.2,Y,2026-10-03T05:30:00+08:00,18.051373804072735,3,1.0,dow,11,43.8,42.65,52.38,3,Provisional,-0.6,-1.4
2026-10-03,05:55:00,4982,43.2,Y,2026-10-03T05:30:00+08:00,18.72549893286727,3,0.9999999999999999,dow,11,43.8,42.65,52.38,3,Provisional,-0.6,-1.4
2026-10-03,05:55:00,5649,43.2,Y,2026-10-03T05:30:00+08:00,18.22233444765402,3,1.0,dow,11,43.8,42.65,52.38,3,Provisional,-0.6,-1.4
2026-10-03,05:55:00,105520,49.0,Y,2026-10-03T05:30:00+08:00,22.24612739084557,3,1.0000000000000004,dow,11,49.0,49.0,49.0,4,Developing,0.0,0.0
2026-10-03,05:55:00,105540,31.5,Y,,,,,dow,11,51.17,48.0,54.4,4,Developing,-19.67,-38.4
2026-10-03,05:55:00,260673,44.6,Y,2026-10-03T05:30:00+08:00,23.22114655515359,3,0.9999999999999991,dow,11,40.15,27.55,47.35,4,Developing,4.45,11.1
2026-10-03,05:55:00,260674,50,N,2026-10-03T05:30:00+08:00,23.222208074188885,3,1.0,,,,,,,,,
2026-10-03,05:55:00,260675,50,N,2026-10-03T05:30:00+08:00,23.22189139625256,3,1.0,,,,,,,,,
2026-10-03,05:55:00,261022,13.3,Y,2026-10-03T05:30:00+08:00,23.225046520515306,3,1.0,dow,11,27.75,20.17,35.32,2,Provisional,-14.45,-52.1
2026-10-03,05:55:00,149674,50,N,2026-10-03T05:30:00+08:00,0.0,3,1.0,,,,,,,,,
2026-10-03,05:55:00,260853,71.4,Y,2026-10-03T05:30:00+08:00,0.0,3,1.0000000000000009,dow,11,66.95,66.47,67.45,4,Developing,4.45,6.6
2026-10-03,05:55:00,95841,80,N,2026-10-03T05:30:00+08:00,0.0,3,1.0,,,,,,,,,
2026-10-03,05:55:00,263862,55.5,Y,2026-10-03T05:30:00+08:00,0.8801072492429926,3,1.0000000000000004,dow,11,57.25,56.88,57.56,4,Developing,-1.75,-3.1
2026-10-03,05:55:00,263865,59.0,Y,2026-10-03T05:30:00+08:00,1.0274792903123393,3,1.0000000000000007,dow,11,58.0,57.75,58.25,4,Developing,1.0,1.7
2026-10-03,05:55:00,57026,69.5,Y,2026-10-03T05:30:00+08:00,0.8675894180759007,3,1.0000000000000002,dow,11,66.88,64.0,67.56,4,Developing,2.62,3.9
2026-10-03,05:55:00,57553,55.5,Y,2026-10-03T05:30:00+08:00,0.904466406338713,3,1.0,dow,11,57.25,56.88,57.56,4,Developing,-1.75,-3.1
2026-10-03,05:55:00,57593,65.1,Y,2026-10-03T05:30:00+08:00,0.7977116830357783,3,0.9999999999999996,dow,11,61.75,61.5,62.45,4,Developing,3.35,5.4
2026-10-03,05:55:00,57941,63.7,Y,2026-10-03T05:30:00+08:00,0.8976357830103285,3,0.9999999999999996,dow,11,61.95,60.2,63.5,4,Developing,1.75,2.8
2026-10-03,05:55:00,58040,69.5,Y,2026-10-03T05:30:00+08:00,0.8159658068515001,3,0.9999999999999998,dow,11,66.88,64.0,67.56,4,Developing,2.62,3.9
2026-10-03,05:55:00,58362,56.4,Y,2026-10-03T05:30:00+08:00,1.34456574559921,3,1.0,dow,11,57.92,57.68,58.24,4,Developing,-1.52,-2.6
2026-10-03,05:55:00,58412,64.1,Y,2026-10-03T05:30:00+08:00,1.2545660313856588,3,1.0000000000000009,dow,11,61.15,60.99,61.45,4,Developing,2.95,4.8
2026-10-03,05:55:00,58418,55.5,Y,2026-10-03T05:30:00+08:00,0.8056804551713328,3,1.0000000000000002,dow,11,57.25,56.88,57.56,4,Developing,-1.75,-3.1
2026-10-03,05:55:00,58766,68.7,Y,2026-10-03T05:30:00+08:00,0.9967498660844589,3,1.0,dow,11,70.48,68.8,71.39,4,Developing,-1.78,-2.5
2026-10-03,05:55:00,58839,57.2,Y,2026-10-03T05:30:00+08:00,0.9835565049136754,3,0.9999999999999997,dow,11,57.42,56.85,58.18,4,Developing,-0.22,-0.4
2026-10-03,05:55:00,58840,69.5,Y,2026-10-03T05:30:00+08:00,0.7775869266364939,3,1.0000000000000002,dow,11,66.88,64.0,67.56,4,Developing,2.62,3.9
2026-10-03,05:55:00,58896,55.5,Y,2026-10-03T05:30:00+08:00,0.8087945905458962,3,0.9999999999999997,dow,11,57.25,56.88,57.56,4,Developing,-1.75,-3.1
2026-10-03,05:55:00,59241,67.5,Y,2026-10-03T05:30:00+08:00,0.947468250904358,3,1.0,dow,11,63.68,61.51,64.78,4,Developing,3.82,6.0
2026-10-03,05:55:00,59323,60.4,Y,2026-10-03T05:30:00+08:00,1.145100712374311,3,0.999999999999999,dow,11,61.95,61.1,62.85,4,Developing,-1.55,-2.5
2026-10-03,05:55:00,59793,62.5,Y,2026-10-03T05:30:00+08:00,1.0316613477531296,3,1.0000000000000004,dow,11,60.55,59.7,60.77,4,Developing,1.95,3.2
2026-10-03,05:55:00,59820,63.0,Y,2026-10-03T05:30:00+08:00,1.0378102574073405,3,0.9999999999999997,dow,11,56.67,56.46,57.5,4,Developing,6.33,11.2
2026-10-03,05:55:00,59842,64.1,Y,2026-10-03T05:30:00+08:00,1.24886282917653,3,1.0,dow,11,61.15,60.99,61.45,4,Developing,2.95,4.8
2026-10-03,05:55:00,60143,69.5,Y,2026-10-03T05:30:00+08:00,1.0231315286120404,3,0.9999999999999997,dow,11,66.88,64.0,67.56,4,Developing,2.62,3.9
2026-10-03,05:55:00,60233,58.1,Y,2026-10-03T05:30:00+08:00,1.4170524784377914,3,0.999999999999999,dow,11,48.7,47.79,49.32,4,Developing,9.4,19.3
2026-10-03,05:55:00,61346,69.5,Y,2026-10-03T05:30:00+08:00,1.21776968125615,3,1.0,dow,11,77.05,75.35,78.4,4,Developing,-7.55,-9.8
2026-10-03,05:55:00,61378,52.0,Y,2026-10-03T05:30:00+08:00,1.0165486480534796,3,1.0000000000000004,dow,11,55.5,55.0,56.5,4,Developing,-3.5,-6.3
2026-10-03,05:55:00,61740,68.6,Y,2026-10-03T05:30:00+08:00,1.1101230265002386,3,1.000000000000001,dow,11,71.62,70.31,72.0,4,Developing,-3.02,-4.2
2026-10-03,05:55:00,63080,70.6,Y,2026-10-03T05:30:00+08:00,1.3391865683413486,3,1.000000000000001,dow,11,73.27,72.52,73.99,4,Developing,-2.67,-3.6
